drop database if exists bibliotecastellar;
create database if not exists bibliotecastellar;
use bibliotecastellar;

create table cuerpo_celeste(
id int primary key auto_increment,
nombre varchar(50),
tipo varchar(50)
);

create table socio(
id int primary key auto_increment,
nombre varchar(50),
n_prestados int default 0,
calle varchar(50),
numero int,
edad int,
id_cuerpo_celeste int references cuerpo_celeste,
id_socio_padrino int references socio
);

create table libro(
id int primary key auto_increment,
titulo varchar(60) not null,
codigo varchar(20) unique not null
);

create table autor(
id int primary key auto_increment,
nombre varchar(50),
biografia varchar(250));

create table autor_libro(
id_autor int references autor,
id_libro int references libro,
primary key(id_autor, id_libro)
);

create table material_de_estudio(
id int primary key auto_increment,
id_libro int references libro
);

create table materias(
id int primary key auto_increment,
id_material_de_estudio int references material_de_estudio,
materia varchar(30)
);


create table novela(
id int primary key auto_increment,
id_libro int references libro,
edad_recomentada int
);

create table generos(
id int primary key auto_increment,
id_novela int references novela,
genero varchar(20)
);

create table socio_libro(
id_socio int references socio,
id_libro int references libro,
fecha_prestamo date,
fecha_devolucion date,
primary key(id_socio,id_libro,fecha_prestamo));

SET NAMES 'utf8';
USE bibliotecastellar;
--
-- Delete data from the table 'socio_libro'
--
TRUNCATE TABLE socio_libro;
--
-- Delete data from the table 'socio'
--
TRUNCATE TABLE socio;
--
-- Delete data from the table 'novela'
--
TRUNCATE TABLE novela;
--
-- Delete data from the table 'materias'
--
TRUNCATE TABLE materias;
--
-- Delete data from the table 'material_de_estudio'
--
TRUNCATE TABLE material_de_estudio;
--
-- Delete data from the table 'libro'
--
TRUNCATE TABLE libro;
--
-- Delete data from the table 'generos'
--
TRUNCATE TABLE generos;
--
-- Delete data from the table 'cuerpo_celeste'
--
TRUNCATE TABLE cuerpo_celeste;
--
-- Delete data from the table 'autor_libro'
--
TRUNCATE TABLE autor_libro;
--
-- Delete data from the table 'autor'
--
TRUNCATE TABLE autor;

--
-- Inserting data into table autor
--
INSERT INTO autor(id, nombre, biografia) VALUES
(1, 'Sr. Iorelo Sace  ', 'Nació en la plataforma espacial de Phia1. Participó en la tenebrosa batalla de Voxubogue8.  Murió  de una rara enfermedad en su país natal'),
(2, 'Alisha Levy  ', 'Nació en el cinturón de asteroides de Mqu. Participó en la exploración de Sr. Seymour Acuna  . También estuvo en la ridícula guerra de Hyun   . Murió  en la cama'),
(3, 'Don Cige  ', 'Nació en el satélite de Eikidogup3.  Murió  en la cama en una fiesta'),
(4, 'Cherrie  ', 'Nació en el cinturón de asteroides de Dazudu. Participó en la pequeña batalla de Dr. Kristeen Bowser  .  Murió  asesinado en una incursión'),
(5, 'Lire  ', 'Nació en el planeta de P8. Participó en la conquista de Lady Mifi   .  Murió con dolor por sus heridas en el vacio del espacio'),
(6, 'Iotile Xodaromu  ', NULL),
(7, 'Rubi Wiseman  ', NULL),
(8, 'Mina  ', 'Nació en el planeta de Iuqimeh3. Participó en la exploración de Margarett   . También estuvo en la terrible revuelta de Doña Voqo   . Murió  de una rara enfermedad en su país natal'),
(9, 'Sir Shella Click  ', 'Nació en el planeta de Enovo2.  Murió con dolor en la cama'),
(10, 'Shantell Posidida  ', 'Nació en la estrella de Ktevi7. Participó en la revuelta de Gerardo Paku  .  Murió en paz por sus heridas'),
(11, 'Doña Yude Holman  ', NULL),
(12, 'Sir Evelyne Hufuboco  ', 'Nació en el cinturón de asteroides de Xtefite. Participó en la ilustrísima revuelta de Werena   . También estuvo en la exploración de la plataforma espacial de  Datawi. Murió con dolor de una rara enfermedad'),
(13, 'Oretha Wuji  ', 'Nació en la plataforma espacial de Yzeguvude6.  Murió en paz por sus heridas'),
(14, 'Charleen  ', 'Nació en el planeta de Lobequ5. Participó en la ridícula guerra de Iipu   . También estuvo en la tenebrosa batalla de Doña Poze Herrera  . Murió con dolor por causas desconocidas en una incursión'),
(15, 'Lady Qeju Tevuqi  ', 'Nació en el satélite de Gsusehed6.  Murió  en la cama'),
(16, 'Silva Stout  ', 'Nació en la plataforma espacial de Misapazo3. Participó en la ilustrísima batalla de Teena Cobakuqa  . También estuvo en el asalto de Melba   . Murió  por sus heridas en una incursión'),
(17, 'Kuvola Blakely  ', NULL),
(18, 'Don Pequ Clifford  ', 'Nació en el cinturón de asteroides de Txe4. Participó en el tenebroso descubrimiento de Sdobu. También estuvo en la ilustrísima batalla de Dr. Dusty Atkinson  . Murió  asesinado en su país natal'),
(19, 'Sir Auyena Lewandowski  ', 'Nació en el satélite de Faluzayoya. Participó en la exploración de Denver   .  Murió con dolor por sus heridas'),
(20, 'Cami  ', 'Nació en la plataforma espacial de Dra. Participó en la exploración de B.  Murió en paz por sus heridas en una incursión'),
(21, 'Jerome  ', 'Nació en la estrella de Txip.  Murió con dolor asesinado'),
(22, 'Sra. Pisi  ', 'Nació en la plataforma espacial de Mkoi5. Participó en la tenebrosa revuelta de Gepo   . También estuvo en el ilustrísimo descubrimiento de  Carakogu8. Murió con dolor por causas desconocidas en una fiesta'),
(23, 'Lady Vanesa  ', 'Nació en el asteroide de Goqodev8.  Murió  por sus heridas en su país natal'),
(24, 'Rocopo Buvove  ', 'Nació en el planeta de Mxodo. Participó en el gran asalto de Ashley   .  Murió  de una rara enfermedad'),
(25, 'Jena Wisniewski  ', 'Nació en el satélite de Hcaturul9.  Murió  por sus heridas'),
(26, 'Doña Yasapu  ', 'Nació en la plataforma espacial de Vroga.  Murió en paz por sus heridas en una incursión'),
(27, 'Donnie  ', NULL),
(28, 'Wi Uuruhi  ', 'Nació en el cinturón de asteroides de Dwer.  Murió  por sus heridas en una fiesta'),
(29, 'Sra. Margaretta  ', NULL),
(30, 'Dr. Tanisha  ', 'Nació en el satélite de Pehetola7. Participó en la ridícula revuelta de Parker   . También estuvo en el ridículo descubrimiento de Doña Fa Hoqinuniwu  . Murió  en la cama'),
(31, 'Kristofer Goduvi  ', 'Nació en la plataforma espacial de Feduxinami. Participó en el ilustrísimo asalto de Lady Eagozi Lusi  . También estuvo en el asalto de Sra. Wilber   . Murió en paz en la cama'),
(32, 'Max  ', 'Nació en la estrella de Kicu6.  Murió  en la cama en su casa'),
(33, 'Wiley  ', NULL),
(34, 'Iixapa Stovall  ', 'Nació en el satélite de Futus. Participó en la ridícula batalla de Megivo Kenyon  . También estuvo en la ilustrísima conquista de Don Toqi   . Murió  asesinado'),
(35, 'Dr. Wixoqi  ', NULL),
(36, 'Lahowe Blalock  ', 'Nació en el asteroide de Weyop.  Murió con dolor asesinado'),
(37, 'Wubuqo Riddle  ', 'Nació en el satélite de Mmitoxeyai3.  Murió  de una rara enfermedad'),
(38, 'Taboqi Holmes  ', 'Nació en el satélite de Beqahanek2.  Murió con dolor de una rara enfermedad'),
(39, 'Doña Yoxese Lewis  ', 'Nació en el planeta de Frimor.  Murió  por sus heridas'),
(40, 'Aleshia Hoberopo  ', 'Nació en la plataforma espacial de Lu7. Participó en la exploración de Laurel   . También estuvo en la gran conquista de Zubo Latimer  . Murió  de una rara enfermedad en una incursión'),
(41, 'Doña Angle  ', NULL),
(42, 'Qesezova  ', 'Nació en el satélite de Dsinu. Participó en la pequeña guerra de Sr. Rodrick   . También estuvo en la memorable conquista de Jimmy Hoqiqe  . Murió con dolor de una rara enfermedad en el vacio del espacio'),
(43, 'Sra. Veda Withers  ', 'Nació en el planeta de Tlobud. Participó en la exploración de Dafaxef. También estuvo en la pequeña conquista de Mariam   . Murió  de una rara enfermedad'),
(44, 'Wivi Holt  ', 'Nació en la plataforma espacial de Uuzua.  Murió  por causas desconocidas en una fiesta'),
(45, 'Jordon  ', NULL),
(46, 'Qige Clifton  ', 'Nació en el cinturón de asteroides de Cdonoyuc. Participó en la revuelta de Sir Roselyn Me  .  Murió  asesinado por sus herederos'),
(47, 'Erin  ', 'Nació en la plataforma espacial de Leyayoce. Participó en la gran guerra de Zfovo.  Murió  en la cama en su país natal'),
(48, 'Ioxu Stover  ', 'Nació en el satélite de Maluya. Participó en el descubrimiento de Gez.  Murió  en la cama'),
(49, 'Doña Toxumi  ', 'Nació en el planeta de Tihuyi. Participó en la conquista de Wejinuyesi4.  Murió  en la cama'),
(50, 'Koqira  ', 'Nació en la plataforma espacial de Legocexa7. Participó en la conquista de Opuf. También estuvo en el asalto de  Petib. Murió en paz por sus heridas en una fiesta'),
(51, 'Sra. Jeane  ', 'Nació en el planeta de Bjuko8. Participó en la memorable guerra de Enivay9. También estuvo en la gran exploración de la estrella de Faye   . Murió con dolor en la cama'),
(52, 'Doña Fage Hiroje  ', 'Nació en el asteroide de Diverejov. Participó en la exploración de Hbia.  Murió  de una rara enfermedad en una fiesta'),
(53, 'Dr. Augustus  ', NULL),
(54, 'Qiyuwa Mejirumi  ', 'Nació en el asteroide de Opoxi9.  Murió  en la cama'),
(55, 'Lord Oikicute  ', 'Nació en el planeta de M4. Participó en el pequeño descubrimiento de Lord Michael   . También estuvo en la batalla de  Cirujebu. Murió en paz en la cama'),
(56, 'Huzixu Kola  ', 'Nació en la plataforma espacial de Zata1. Participó en la conquista de Stephany Wang  .  Murió con dolor en la cama'),
(57, 'Sr. Xohaduqe Qilapevu  ', 'Nació en el asteroide de Nhi. Participó en la guerra de Thersa   .  Murió en paz por sus heridas'),
(58, 'Don Corina Witherspoon  ', NULL),
(59, 'Ethelene  ', 'Nació en la estrella de Yvu4.  Murió en paz por causas desconocidas'),
(60, 'Dr. Brady Rufoqa  ', 'Nació en el satélite de Sxuciq0. Participó en el asalto de Sra. Oabagi Adair  . También estuvo en la ilustrísima guerra de Joslyn Smallwood  . Murió en paz por sus heridas'),
(61, 'Sir Nicholas Nicholas  ', NULL),
(62, 'Doña Hine  ', 'Nació en el cinturón de asteroides de Pzazasu.  Murió con dolor de una rara enfermedad'),
(63, 'Ouri  ', 'Nació en la estrella de Znufi. Participó en la ilustrísima exploración de Lord Faye   .  Murió con dolor de una rara enfermedad'),
(64, 'Doña Yocinu  ', 'Nació en el planeta de Kp6.  Murió con dolor por causas desconocidas'),
(65, 'Jocate Genasa  ', NULL),
(66, 'Don Ouqe  ', 'Nació en la estrella de Zgawaja2.  Murió  por sus heridas en su país natal'),
(67, 'Rirovupu Motawu  ', 'Nació en la plataforma espacial de Xgubar. Participó en la  batalla de Doña Curu   . También estuvo en el asalto de  Hkijel. Murió con dolor por sus heridas en una fiesta'),
(68, 'Lord Yicupo Stowe  ', 'Nació en el satélite de Monuka. Participó en la  revuelta de Efagogi. También estuvo en la  batalla de Nickolas Warden  . Murió  por sus heridas'),
(69, 'Sir Miho  ', 'Nació en la plataforma espacial de Vmujuhe3.  Murió con dolor en la cama'),
(70, 'Jikudo Withrow  ', 'Nació en la plataforma espacial de Kgom3. Participó en la guerra de Aivopa8. También estuvo en el ilustrísimo asalto de  Oipihome5. Murió  asesinado en su casa'),
(71, 'Oiki Blanchard  ', 'Nació en el planeta de Vevupezu. Participó en el asalto de Sra. Wade Rajihoje  .  Murió con dolor por sus heridas en una fiesta'),
(72, 'Vuze Cline  ', 'Nació en el cinturón de asteroides de Sasoxo.  Murió  en la cama'),
(73, 'Albertine  ', 'Nació en la estrella de Uobure8. Participó en el descubrimiento de Xavo   .  Murió  de una rara enfermedad'),
(74, 'Lord Hujogu  ', NULL),
(75, 'Bekexo Ridenour  ', 'Nació en la plataforma espacial de Bviyemu8.  Murió en paz asesinado en el vacio del espacio'),
(76, 'Walton Stpierre  ', 'Nació en la plataforma espacial de Cumisux.  Murió  asesinado'),
(77, 'Zuse Keyeqanu  ', 'Nació en el cinturón de asteroides de Igoguco6. Participó en la batalla de Doña John   .  Murió  por causas desconocidas en el vacio del espacio'),
(78, 'Man  ', 'Nació en el cinturón de asteroides de Xayezi8. Participó en la revuelta de Don Jaxope Francis  . También estuvo en la revuelta de Vose Raviqehu  . Murió  en la cama'),
(79, 'Mipi Blanchette  ', 'Nació en el satélite de Ymole.  Murió  en la cama'),
(80, 'Dr. Hiwe Witt  ', 'Nació en la plataforma espacial de Zh0. Participó en la pequeña revuelta de Allan Cuellar  .  Murió con dolor asesinado en el vacio del espacio'),
(81, 'Lord Jeannie  ', 'Nació en la plataforma espacial de Wpi. Participó en el  descubrimiento de Vqo6.  Murió  asesinado'),
(82, 'Sr. Torie Clinton  ', NULL),
(83, 'Doña Mauro  ', 'Nació en la plataforma espacial de Coboduy4. Participó en la revuelta de Joleen Wutifi  .  Murió  en la cama'),
(84, 'Don Ve  ', 'Nació en el asteroide de Bvio.  Murió con dolor en la cama'),
(85, 'Madaline Epperson  ', 'Nació en la plataforma espacial de Oodonolow. Participó en el ridículo descubrimiento de Rdixa9.  Murió en paz en la cama'),
(86, 'Wilber  ', 'Nació en la estrella de Iese. Participó en la ridícula exploración de Darrell Prentice  . También estuvo en la batalla de  Uocia. Murió con dolor de una rara enfermedad'),
(87, 'Eloise Hale  ', 'Nació en la plataforma espacial de Mcoco.  Murió  en la cama en una fiesta'),
(88, 'Basi Gutudaqe  ', NULL),
(89, 'Providencia  ', 'Nació en la plataforma espacial de Vnikoni2. Participó en la ilustrísima conquista de Albert   . También estuvo en el  descubrimiento de Amber   . Murió con dolor de una rara enfermedad'),
(90, 'Brendon  ', 'Nació en la plataforma espacial de Hcexox4. Participó en el asalto de Doña Emerson Smalls  .  Murió  asesinado en su país natal'),
(91, 'Xabije Gosojo  ', 'Nació en la plataforma espacial de Nlucaa.  Murió en paz de una rara enfermedad en una incursión'),
(92, 'Benton  ', 'Nació en el asteroide de Qja.  Murió  de una rara enfermedad en una incursión'),
(93, 'Dufa Yi  ', 'Nació en la estrella de Levoqape.  Murió en paz asesinado'),
(94, 'Don Giwa Yuma  ', 'Nació en la estrella de Hzedara8.  Murió en paz asesinado'),
(95, 'Adrian Dubo  ', 'Nació en Msiwui. Participó en el tenebroso asalto de el satélite de Iane. También estuvo en la batalla de la estrella de Sir Manual Hobe  . '),
(96, 'Lord Qo Woodall  ', 'Nació en Hrive8. Participó en el asalto de Sibe   . También estuvo en el ridículo descubrimiento de Gosurugi. '),
(97, 'Lerumi Yozovowi  ', 'Nació en la planeta de Eco. Participó en la batalla de la planeta de Alipid. También estuvo en la enorme exploración de Rqubo0. Murió con dolor por causas desconocidas'),
(98, 'Doña Pihibu  ', 'Nació en Vlefa.  '),
(99, 'Tequila Riggins  ', 'Nació en la plataforma espacial de Fabali.  Murió  por sus heridas en el vacio del espacio'),
(100, 'Dr. Ve Strong  ', 'Nació en el satélite de Lumo.  '),
(101, 'Thu  ', 'Nació en Rmotay6.  Murió con dolor de una rara enfermedad en su país natal'),
(102, 'Don Truman Xoriruke  ', NULL),
(103, 'Dr. Noma Woodard  ', 'Nació en Itaye.  Murió en paz por causas desconocidas'),
(104, 'Evelia  ', 'Nació en el satélite de Hluzapi0.  '),
(105, 'Sir Xipo Uojacefe  ', 'Nació en Aiyu. Participó en la exploración de la estrella de Awo5.  '),
(106, 'Marco Carter  ', NULL),
(107, 'Sir Poji Baugh  ', NULL),
(108, 'Suellen Nieto  ', 'Nació en Keve3.  '),
(109, 'Lady Clayton  ', 'Nació en la planeta de Wcu. Participó en la tenebrosa batalla de Sir Vera Egan  . También estuvo en el enorme asalto de Jerefeca   . '),
(110, 'Lord Eisopula Coulter  ', 'Nació en Raxopi.  Murió en paz en la cama'),
(111, 'Danelle Riggs  ', 'Nació en Feza.  Murió  por sus heridas'),
(112, 'Nickie  ', 'Nació en el cinturón de asteroides de Qpe. Participó en el ridículo asalto de Opimi6. También estuvo en la guerra de el satélite de Lady Uurufa Qajo  . '),
(113, 'Lord Yosa Aacu  ', NULL),
(114, 'Dr. Marlin Tasigu  ', NULL),
(115, 'Kraig  ', 'Nació en K2. Participó en la memorable exploración de el cinturón de asteroides de Lord Qohedi   . También estuvo en el asalto de la estrella de Htuma. Murió  por causas desconocidas en una fiesta'),
(116, 'Sr. Picu Houghton  ', 'Nació en la estrella de Ygivexu.  Murió  de una rara enfermedad en una incursión'),
(117, 'Bernard  ', 'Nació en Orasu. Participó en la memorable batalla de Ike.  '),
(118, 'Sir Yavabure  ', 'Nació en la planeta de Wopoto. Participó en la enorme exploración de Sr. Curu   .  '),
(119, 'Ying Nieves  ', 'Nació en la planeta de Zqewu. Participó en la pequeña exploración de el asteroide de Lro.  '),
(120, 'Stanford  ', NULL),
(121, 'Sra. Edwin  ', 'Nació en Vzupoqi. Participó en el tenebroso descubrimiento de Kquxilo. También estuvo en la memorable guerra de Fini Richards  . '),
(122, 'Zifi  ', 'Nació en Kejewoki2.  '),
(123, 'Lord Marya Bapisiku  ', 'Nació en Nvuqupa.  '),
(124, 'Yolando Lister  ', 'Nació en la plataforma espacial de Deli.  '),
(125, 'Sir Marcelle Houle  ', 'Nació en Tamihojak.  Murió con dolor por sus heridas'),
(126, 'Doña Cipige  ', NULL),
(127, 'Qa Riti  ', 'Nació en Lmub5.  '),
(128, 'Lauren  ', 'Nació en el cinturón de asteroides de Pvewufi. Participó en la pequeña revuelta de Mhavuc. También estuvo en el descubrimiento de Sivu   . Murió  por sus heridas en una incursión'),
(129, 'Sr. Delcie  ', 'Nació en Lulocei5.  Murió con dolor por causas desconocidas'),
(130, 'Rezo  ', NULL),
(131, 'Doña Carter Moqo  ', 'Nació en la estrella de Betal0. Participó en el enorme asalto de el satélite de Adrian Tubbs  . También estuvo en la tenebrosa conquista de Mule. '),
(132, 'Tamisha Wihegiroga  ', 'Nació en la plataforma espacial de Hacacamulu. Participó en el descubrimiento de el asteroide de Sr. Bayudafu   .  Murió con dolor de una rara enfermedad'),
(133, 'Xunuduso Fiore  ', 'Nació en la estrella de Uyocavi6. Participó en la memorable revuelta de el satélite de Don Rosalina   .  Murió con dolor de una rara enfermedad en una incursión'),
(134, 'Don Lilly  ', 'Nació en la planeta de Lnita. Participó en el  asalto de Uori   . También estuvo en el terrible asalto de el satélite de Ashanti Devine  . Murió con dolor en la cama en el vacio del espacio'),
(135, 'Jackeline Cartwright  ', 'Nació en la estrella de Werijig. Participó en el  descubrimiento de la plataforma espacial de Kbiyo0.  Murió  por causas desconocidas'),
(136, 'Gera Rigsby  ', 'Nació en Le. Participó en el memorable descubrimiento de el cinturón de asteroides de Don Fofopugi   . También estuvo en la tenebrosa revuelta de Aaduyaqep2. Murió  de una rara enfermedad'),
(137, 'Lady Qedifene Pudafexa  ', 'Nació en Pcako. Participó en la ilustrísima revuelta de Gi Pearce  .  Murió  asesinado por su amante'),
(138, 'Lesiwu Netitaxi  ', NULL),
(139, 'Eoga  ', 'Nació en Lh8.  Murió  de una rara enfermedad'),
(140, 'Sir Auma  ', 'Nació en Jbeqakoho. Participó en el ilustrísimo asalto de el cinturón de asteroides de Piyaquhu   .  '),
(141, 'Lord Yiri Qarogi  ', 'Nació en Dasage.  Murió en paz por sus heridas en su casa'),
(142, 'Earl Fahi  ', 'Nació en el satélite de Nule2. Participó en la memorable conquista de la estrella de Hopade.  '),
(143, 'Stevie  ', 'Nació en el satélite de Zugaho.  ');

INSERT INTO autor(id, nombre, biografia) VALUES
(144, 'Mihu  ', 'Nació en el cinturón de asteroides de Eat7. Participó en la guerra de la plataforma espacial de Eatime.  '),
(145, 'Billy Medlock  ', 'Nació en la planeta de Epuhaqov9. Participó en la gran conquista de el cinturón de asteroides de Suzanna Wajifiqa  .  '),
(146, 'Paqipa Xacefa  ', 'Nació en el satélite de Jresuk8.  Murió en paz asesinado en su casa'),
(147, 'Maritza Sells  ', 'Nació en la planeta de Tzeyom.  '),
(148, 'Anthony  ', NULL),
(149, 'Xevuturu Jiriye  ', NULL),
(150, 'Lord Ceyobo Coyle  ', 'Nació en Eaguhi.  Murió en paz de una rara enfermedad en una fiesta'),
(151, 'Oi Javu  ', 'Nació en Sozaca. Participó en la ridícula guerra de Dbocecor5. También estuvo en la conquista de el cinturón de asteroides de Angel Mofofe  . '),
(152, 'Vincenzo  ', 'Nació en Wemene. Participó en la ilustrísima conquista de Doña Vene Valentine  .  Murió  por causas desconocidas en su casa'),
(153, 'Sra. Phebe Bishop  ', 'Nació en Hcubi.  Murió con dolor asesinado'),
(154, 'Kuhewe Royi  ', 'Nació en la planeta de Hfi. Participó en la batalla de Wekavohi.  Murió  en la cama'),
(155, 'Lady Sergio  ', 'Nació en Dhavovo. Participó en el terrible descubrimiento de el satélite de Lawujose1. También estuvo en la revuelta de Doña Jeramy Depuji  . Murió en paz en la cama'),
(156, 'Debujo Clary  ', 'Nació en Uufuru. Participó en la ilustrísima revuelta de la estrella de Fdi. También estuvo en la ilustrísima guerra de el cinturón de asteroides de Don Baqunu Creech  . Murió con dolor en la cama en su casa'),
(157, 'Anh  ', 'Nació en Ujonu.  Murió  asesinado'),
(158, 'Lord Sandie Safa  ', 'Nació en la planeta de Csimuha.  Murió  por causas desconocidas'),
(159, 'Reed Hati  ', 'Nació en el cinturón de asteroides de Zim.  Murió con dolor asesinado por su amante'),
(160, 'Don Wo Lofton  ', 'Nació en Xti5. Participó en el ilustrísimo descubrimiento de la estrella de Mca.  Murió  por causas desconocidas'),
(161, 'Doña Harrison  ', 'Nació en el asteroide de Hize.  '),
(162, 'Shavonda Bisson  ', 'Nació en la plataforma espacial de Pojega.  Murió  por causas desconocidas en su casa'),
(163, 'Wiyefa Clawson  ', 'Nació en el asteroide de Ftio.  '),
(164, 'Don Uofeya Sumegi  ', NULL),
(165, 'Sr. Dylan Bittner  ', 'Nació en Pepuyonihu. Participó en la exploración de la estrella de Sanford Ouxi  .  '),
(166, 'Doña Janeen Huddleston  ', 'Nació en el cinturón de asteroides de Nijiri9.  '),
(167, 'Iolohu  ', 'Nació en la estrella de Pyofi. Participó en la gran guerra de la planeta de Nnapixo0. También estuvo en la batalla de el asteroide de Doña Lynetta   . Murió con dolor por sus heridas'),
(168, 'Lord Rudy Poxono  ', NULL),
(169, 'Jacque Flanagan  ', 'Nació en Vyumoxi. Participó en el ridículo descubrimiento de la plataforma espacial de Ziniciso0. También estuvo en la exploración de Duzuwa5. '),
(170, 'Lord Qavuki Logan  ', 'Nació en el asteroide de Ear1. Participó en el descubrimiento de Vg6. También estuvo en el descubrimiento de el cinturón de asteroides de Damu   . '),
(171, 'Bodefo Pina  ', 'Nació en Xba.  Murió  por causas desconocidas en una incursión'),
(172, 'Divediku  ', 'Nació en la plataforma espacial de Nxale.  '),
(173, 'Zupe Medrano  ', 'Nació en el cinturón de asteroides de Iunudewobe0.  '),
(174, 'Iinejo Tubbs  ', 'Nació en la estrella de Aohilo. Participó en la revuelta de el cinturón de asteroides de Lord Cezukawe Nickerson  .  Murió  por sus heridas'),
(175, 'Danny  ', 'Nació en la planeta de Hjituvi.  '),
(176, 'Todavi Nuta  ', 'Nació en la plataforma espacial de Nze2.  '),
(177, 'Kelvin  ', NULL),
(178, 'Lilia Duti  ', NULL),
(179, 'Rene  ', 'Nació en Fe.  Murió en paz por sus heridas'),
(180, 'Lord Julian  ', 'Nació en Yolaporudi. Participó en la  batalla de Cenuwu   .  Murió con dolor de una rara enfermedad en una incursión'),
(181, 'Sir Malka Xinuqa  ', NULL),
(182, 'Aleta Zuhoci  ', NULL),
(183, 'Sr. Micheal Hudgens  ', 'Nació en el asteroide de Ipi.  Murió  en la cama'),
(184, 'Yiza  ', 'Nació en Ani.  Murió  asesinado'),
(185, 'Ze  ', 'Nació en la plataforma espacial de Bumitebi9. Participó en la memorable guerra de Lord Shavonne Celeqi  . También estuvo en el asalto de Libuj. Murió  en la cama en una fiesta'),
(186, 'Yiji Coyne  ', 'Nació en Xvoce.  '),
(187, 'Lady Qu Pinckney  ', 'Nació en Qzaciy.  '),
(188, 'Ne Sena  ', NULL),
(189, 'Sra. Jena  ', 'Nació en Xkofe.  '),
(190, 'Vumuyezo Logsdon  ', 'Nació en la planeta de Bboqiqoq2.  '),
(191, 'Tibo Tuck  ', 'Nació en Limubiho. Participó en el  descubrimiento de el satélite de Aubrey   . También estuvo en el terrible asalto de la planeta de Lady Euje   . Murió  en la cama en una incursión'),
(192, 'Calista  ', 'Nació en el cinturón de asteroides de Horudaxapuk.  Murió  por causas desconocidas en una incursión'),
(193, 'Cristi  ', 'Nació en el cinturón de asteroides de Caserovo. Participó en el gran descubrimiento de Lord Norris   . También estuvo en la  exploración de el asteroide de Mitsuko Land  . '),
(194, 'Mack Hizego  ', 'Nació en el asteroide de Jjeyuwex1.  Murió en paz en la cama en su casa'),
(195, 'Lady Felton Sefagice  ', 'Nació en el asteroide de Yquso. Participó en la conquista de Jmurabeno0.  Murió  por causas desconocidas en el vacio del espacio'),
(196, 'Lord Shizuko Yojawofu  ', 'Nació en Woyavoji. Participó en el asalto de Oisali0. También estuvo en el terrible descubrimiento de la planeta de Emomi1. Murió  de una rara enfermedad'),
(197, 'Don Alexander Vopozuno  ', NULL),
(198, 'Doña Seso Mixasa  ', 'Nació en Vituqizob9.  '),
(199, 'Sr. Keena Flanders  ', 'Nació en Daxegob.  Murió  por causas desconocidas'),
(200, 'Darnell Crabtree  ', 'Nació en el cinturón de asteroides de Nuguwo.  ');
--
-- Inserting data into table autor_libro
--
INSERT INTO autor_libro(id_autor, id_libro) VALUES
(112, 37),
(194, 311),
(127, 367),
(122, 178),
(80, 795),
(131, 286),
(52, 602),
(95, 717),
(200, 47),
(4, 9),
(122, 674),
(199, 473),
(171, 146),
(74, 34),
(52, 627),
(92, 5),
(8, 701),
(85, 486),
(132, 697),
(87, 137),
(86, 69),
(60, 19),
(12, 3),
(117, 177),
(9, 6),
(150, 84),
(197, 467),
(95, 1),
(44, 380),
(148, 543),
(157, 33),
(131, 86),
(66, 557),
(134, 7),
(16, 58),
(6, 4),
(158, 143),
(33, 114),
(136, 681),
(100, 580),
(163, 341),
(188, 391),
(105, 694),
(106, 84),
(157, 784),
(82, 647),
(165, 350),
(137, 482),
(188, 772),
(165, 94),
(130, 152),
(8, 62),
(51, 437),
(117, 421),
(175, 680),
(150, 728),
(116, 748),
(180, 681),
(43, 738),
(22, 600),
(191, 667),
(153, 613),
(141, 777),
(41, 133),
(35, 61),
(3, 748),
(129, 611),
(92, 662),
(3, 595),
(123, 28),
(52, 224),
(75, 556),
(66, 8),
(1, 566),
(132, 202),
(70, 692),
(172, 777),
(125, 5),
(90, 125),
(23, 555),
(131, 260),
(126, 269),
(2, 12),
(12, 406),
(134, 76),
(155, 619),
(34, 79),
(184, 674),
(173, 698),
(45, 519),
(77, 181),
(100, 671),
(29, 679),
(140, 560),
(196, 220),
(153, 672),
(168, 782),
(180, 391),
(163, 476),
(170, 468),
(106, 104),
(90, 293),
(49, 283),
(151, 241),
(142, 47),
(4, 188),
(12, 367),
(102, 673),
(168, 127),
(143, 272),
(38, 2),
(172, 6),
(10, 409),
(72, 604),
(144, 754),
(127, 60),
(166, 9),
(52, 530),
(102, 718),
(52, 403),
(49, 490),
(83, 241),
(4, 562),
(67, 265),
(200, 458),
(39, 622),
(89, 387),
(64, 80),
(59, 1),
(2, 361),
(37, 493),
(77, 73),
(42, 251),
(17, 2),
(194, 81),
(109, 124),
(79, 606),
(51, 563),
(50, 3),
(160, 225),
(95, 578),
(60, 288),
(146, 681),
(8, 53),
(31, 527),
(73, 629),
(3, 755),
(83, 631),
(124, 751),
(3, 239),
(70, 433),
(30, 187),
(162, 563),
(3, 540),
(191, 689),
(62, 2),
(186, 569),
(8, 6),
(73, 55),
(6, 783),
(195, 28),
(1, 8),
(40, 614),
(53, 65),
(164, 124),
(41, 22),
(152, 792),
(25, 295),
(162, 611),
(127, 1),
(121, 115),
(2, 580),
(7, 382),
(10, 453),
(80, 521),
(106, 473),
(52, 138),
(61, 382),
(191, 105),
(71, 689),
(107, 438),
(44, 692),
(3, 521),
(41, 78),
(24, 587),
(4, 581),
(23, 2),
(1, 363),
(146, 34),
(102, 169),
(9, 777),
(91, 88),
(5, 216),
(107, 619),
(196, 790),
(142, 173),
(36, 27),
(128, 674),
(118, 481),
(53, 572),
(68, 392),
(108, 407),
(159, 303),
(113, 38),
(64, 283),
(124, 224),
(21, 387),
(58, 119),
(1, 620),
(101, 590),
(17, 269),
(8, 447),
(54, 126),
(57, 740),
(23, 522),
(52, 715),
(76, 52),
(66, 145),
(25, 70),
(114, 757),
(133, 478),
(68, 99),
(128, 644),
(20, 323),
(7, 2),
(120, 745),
(168, 579),
(9, 216),
(110, 351),
(110, 237),
(56, 359),
(25, 508),
(113, 383),
(39, 35),
(192, 160),
(59, 41),
(12, 317),
(200, 50),
(57, 277),
(188, 300),
(177, 625),
(67, 87),
(136, 614),
(58, 187),
(42, 709),
(63, 16),
(50, 301),
(3, 110),
(131, 208),
(42, 73),
(150, 1),
(138, 701),
(3, 59),
(3, 3),
(46, 87),
(195, 763),
(138, 566),
(108, 724),
(22, 36),
(27, 352),
(152, 283),
(190, 739),
(5, 679),
(61, 727),
(28, 3),
(122, 271),
(85, 402),
(56, 500),
(159, 619),
(159, 528),
(64, 296),
(137, 610),
(112, 291),
(26, 587),
(2, 552),
(195, 615),
(194, 4),
(62, 92),
(39, 273),
(70, 8),
(104, 343),
(70, 764),
(157, 425),
(37, 431),
(55, 690),
(39, 525),
(98, 563),
(54, 142),
(162, 9),
(72, 556),
(148, 425),
(189, 609),
(97, 369),
(85, 361),
(131, 775),
(93, 425),
(55, 547),
(169, 754),
(112, 57),
(48, 372),
(195, 198),
(34, 4),
(110, 539),
(37, 549),
(73, 695),
(117, 69),
(2, 63),
(156, 592),
(122, 234),
(79, 299),
(24, 128),
(70, 559),
(174, 246),
(167, 215),
(142, 251),
(34, 117),
(49, 293),
(3, 308),
(107, 161),
(129, 551),
(4, 100),
(66, 399),
(60, 100),
(182, 657),
(33, 57),
(191, 322),
(139, 148),
(92, 644),
(170, 246),
(116, 640),
(4, 760),
(7, 85),
(106, 396),
(70, 333),
(137, 398),
(20, 13),
(29, 777),
(148, 254),
(38, 357),
(53, 48),
(129, 731),
(55, 72),
(168, 137),
(138, 380),
(157, 630),
(181, 581),
(144, 204),
(79, 236),
(67, 232),
(148, 664),
(194, 281),
(149, 715),
(96, 358),
(200, 703),
(117, 269),
(200, 377),
(144, 581),
(65, 281),
(154, 88),
(189, 219),
(101, 618),
(27, 497),
(53, 31),
(31, 756),
(20, 744),
(172, 743),
(87, 648),
(8, 12),
(5, 695),
(170, 652),
(116, 454),
(77, 480),
(2, 532),
(126, 41),
(29, 708),
(133, 431),
(199, 21),
(58, 447),
(105, 613),
(43, 794),
(24, 563),
(177, 224),
(145, 333),
(42, 781),
(93, 666),
(107, 244),
(101, 2),
(170, 188),
(23, 587),
(199, 458),
(130, 130),
(129, 353),
(4, 30),
(137, 9),
(50, 434),
(38, 3),
(93, 94),
(44, 427),
(108, 681),
(49, 715),
(1, 612),
(88, 643),
(1, 365),
(131, 301),
(74, 7),
(78, 293),
(85, 8),
(188, 344),
(200, 38),
(52, 27),
(179, 202),
(165, 630),
(69, 395),
(58, 106),
(176, 465),
(95, 87),
(65, 7),
(77, 141),
(167, 224),
(174, 756),
(65, 722),
(65, 705),
(99, 293),
(168, 664),
(13, 53),
(121, 352),
(82, 674),
(195, 469),
(32, 405),
(135, 751),
(63, 712),
(131, 793),
(7, 248),
(119, 679),
(100, 754),
(69, 690),
(155, 225),
(165, 15),
(89, 134),
(146, 8),
(36, 241),
(133, 651),
(9, 685),
(108, 5),
(41, 396),
(47, 599),
(10, 10),
(178, 150),
(136, 749),
(60, 205),
(152, 180),
(32, 736),
(177, 682),
(153, 490),
(200, 151),
(38, 637),
(200, 792),
(42, 444),
(8, 8),
(17, 588),
(7, 616),
(53, 198),
(111, 27),
(95, 70),
(41, 56),
(181, 108),
(164, 752),
(52, 785),
(23, 66),
(110, 733),
(165, 7),
(50, 635),
(125, 653),
(178, 364),
(178, 2),
(115, 147),
(45, 546),
(6, 613),
(126, 364),
(1, 78),
(141, 511),
(12, 337),
(112, 204),
(173, 195),
(188, 676),
(141, 153),
(136, 710),
(8, 32),
(33, 559),
(75, 640),
(61, 751),
(165, 62),
(1, 283),
(8, 185),
(38, 113),
(133, 269),
(184, 88),
(20, 418),
(49, 67),
(139, 541),
(58, 216),
(26, 737),
(2, 53),
(32, 90),
(173, 160),
(2, 471),
(148, 21),
(180, 683),
(114, 346),
(23, 36),
(82, 127),
(168, 213),
(74, 782),
(7, 293),
(46, 326),
(34, 486),
(181, 764),
(159, 430),
(53, 436),
(89, 126),
(48, 134),
(35, 99),
(61, 730),
(150, 415),
(161, 25),
(70, 3),
(67, 393),
(131, 437),
(2, 6),
(172, 528),
(76, 444),
(179, 247),
(6, 469),
(79, 43),
(91, 409),
(119, 542),
(94, 403),
(197, 717),
(21, 396),
(49, 136),
(2, 96),
(196, 237),
(47, 68),
(40, 136),
(44, 274),
(28, 740),
(61, 7),
(80, 474),
(11, 534),
(101, 184),
(74, 82),
(95, 237),
(55, 562),
(64, 238),
(84, 717),
(151, 454),
(35, 569),
(6, 682),
(62, 442),
(18, 121),
(122, 273),
(126, 164),
(27, 696),
(98, 565),
(181, 425),
(49, 61),
(145, 751),
(64, 624),
(19, 269),
(80, 675),
(16, 286),
(56, 45),
(140, 215),
(44, 213),
(162, 646),
(171, 708),
(105, 142),
(60, 14),
(67, 781),
(3, 383),
(183, 205),
(140, 89),
(185, 8),
(160, 185),
(165, 138),
(158, 598),
(188, 155),
(40, 668),
(33, 474),
(179, 98),
(6, 440),
(178, 393),
(14, 627),
(85, 127),
(30, 752),
(37, 537),
(4, 77),
(86, 751),
(141, 252),
(166, 521),
(193, 125),
(193, 674),
(90, 318),
(177, 692),
(22, 687),
(113, 474),
(11, 592),
(73, 559),
(193, 514),
(137, 504),
(62, 750),
(130, 415),
(93, 1),
(1, 68),
(61, 407),
(17, 271),
(5, 417),
(79, 796),
(3, 400),
(75, 181),
(87, 756),
(101, 613),
(21, 448),
(42, 559),
(1, 675),
(103, 735),
(23, 401),
(176, 282),
(9, 738),
(73, 234),
(127, 12),
(151, 659),
(36, 650),
(71, 761),
(130, 719),
(4, 366),
(188, 415),
(73, 5),
(169, 786),
(59, 15),
(85, 52),
(16, 50),
(3, 743),
(179, 383),
(12, 335),
(26, 228),
(177, 627),
(160, 621),
(40, 617),
(45, 346),
(190, 116),
(192, 547),
(28, 612),
(183, 700),
(105, 110),
(162, 99),
(6, 670),
(15, 46),
(167, 100),
(49, 167),
(139, 45),
(197, 298),
(9, 333),
(63, 17),
(94, 125),
(75, 108),
(78, 102),
(97, 501),
(95, 33),
(146, 797),
(198, 167),
(122, 6),
(3, 455),
(72, 505),
(80, 59),
(92, 94),
(143, 431),
(188, 5),
(6, 22),
(44, 6),
(23, 326),
(169, 83),
(3, 94),
(26, 81),
(171, 14),
(136, 540),
(11, 374),
(128, 7),
(165, 482),
(105, 532),
(139, 518),
(41, 773),
(107, 75),
(11, 414),
(5, 653),
(153, 405),
(188, 552),
(180, 387),
(99, 630),
(149, 241),
(91, 74),
(154, 42),
(25, 8),
(18, 364),
(23, 172),
(64, 558),
(113, 492),
(91, 471),
(28, 353),
(159, 363),
(28, 286),
(109, 489),
(119, 266),
(1, 701),
(7, 763),
(28, 110),
(27, 168),
(22, 25),
(24, 544),
(146, 501),
(152, 677),
(61, 515),
(47, 38),
(188, 662),
(154, 776),
(93, 325),
(74, 4),
(158, 294),
(190, 386),
(195, 283),
(1, 170),
(50, 21),
(151, 91),
(190, 90),
(155, 5),
(105, 540),
(84, 366),
(115, 398),
(121, 407),
(16, 352),
(24, 43),
(91, 42),
(133, 9),
(109, 236),
(7, 522),
(179, 611),
(142, 8),
(97, 338),
(83, 792),
(32, 675),
(190, 28),
(48, 54),
(192, 90),
(178, 139),
(23, 349),
(30, 571),
(124, 542),
(142, 237),
(49, 617),
(135, 165),
(105, 140),
(142, 242),
(28, 756),
(60, 12),
(199, 2),
(21, 8),
(200, 51),
(2, 8),
(60, 501),
(84, 743),
(52, 160),
(146, 415),
(12, 125),
(49, 46),
(120, 184),
(1, 156),
(68, 268),
(13, 133),
(3, 526),
(173, 105),
(139, 2),
(61, 583),
(152, 469),
(43, 612),
(47, 214),
(85, 594),
(90, 546),
(175, 146),
(96, 264),
(11, 303),
(7, 321),
(89, 93),
(150, 36),
(15, 81),
(188, 49),
(174, 242),
(67, 70),
(183, 471),
(4, 455),
(187, 707),
(4, 92),
(18, 253),
(107, 598),
(21, 532),
(176, 150),
(111, 658),
(83, 249),
(157, 576),
(117, 6),
(138, 787),
(16, 783),
(137, 120),
(116, 337),
(196, 4),
(38, 623),
(76, 756),
(25, 222),
(26, 176),
(14, 267),
(20, 558),
(13, 138),
(107, 395),
(162, 521),
(93, 66),
(148, 506),
(66, 2),
(40, 295),
(105, 584),
(48, 55),
(170, 203),
(86, 760),
(137, 316),
(21, 97),
(147, 5),
(74, 537),
(149, 43),
(142, 647),
(178, 27),
(40, 80),
(63, 391),
(171, 358),
(145, 603),
(180, 700),
(18, 452),
(91, 223),
(186, 606),
(81, 53),
(125, 254),
(172, 75),
(49, 489),
(47, 27),
(44, 180),
(120, 361),
(139, 67),
(188, 96),
(26, 8),
(74, 799),
(166, 699),
(185, 16),
(126, 286),
(36, 8),
(119, 494),
(47, 242),
(17, 145),
(65, 290),
(54, 731),
(27, 81),
(192, 96),
(141, 612),
(62, 785),
(158, 146),
(83, 77),
(148, 237),
(4, 344),
(184, 785),
(29, 57),
(148, 492),
(195, 221),
(7, 105),
(38, 588),
(44, 128),
(111, 153),
(8, 541),
(7, 370),
(16, 275),
(80, 271),
(25, 706),
(184, 253),
(1, 511),
(153, 1),
(127, 398),
(129, 554),
(48, 157),
(43, 285),
(98, 384),
(103, 624),
(8, 222),
(124, 546),
(177, 560),
(179, 592),
(141, 625),
(108, 7),
(54, 723),
(116, 51),
(86, 78),
(4, 251),
(165, 623),
(188, 147),
(156, 358),
(1, 76),
(168, 15),
(96, 251),
(172, 193),
(30, 213),
(71, 7),
(28, 442),
(25, 567),
(149, 198),
(92, 779),
(1, 91),
(1, 395),
(179, 2),
(103, 92),
(45, 7),
(14, 620),
(10, 58),
(72, 589),
(73, 23),
(189, 487),
(4, 413),
(74, 15),
(3, 534),
(23, 491),
(59, 522),
(163, 500),
(138, 737),
(159, 269),
(25, 725),
(128, 90),
(9, 745),
(85, 43),
(84, 7),
(7, 5),
(5, 272),
(184, 122),
(1, 685),
(8, 442),
(114, 532),
(13, 86),
(112, 140),
(156, 759),
(82, 180),
(30, 500),
(89, 170),
(15, 62),
(125, 432),
(83, 188),
(89, 757),
(41, 766),
(94, 394),
(83, 281),
(182, 400),
(163, 284),
(148, 527),
(125, 115),
(85, 174),
(167, 88),
(163, 2),
(98, 628),
(117, 782),
(72, 68),
(70, 58),
(112, 85),
(24, 346),
(157, 105),
(152, 39),
(189, 182),
(63, 243),
(37, 416),
(114, 702),
(61, 234),
(90, 380),
(135, 722),
(79, 184),
(175, 72),
(1, 447),
(190, 13),
(111, 669),
(173, 621),
(180, 408),
(54, 577),
(152, 579),
(37, 273),
(42, 446),
(31, 463),
(155, 333),
(108, 477),
(96, 381);

--
-- Inserting data into table cuerpo_celeste
--
INSERT INTO cuerpo_celeste(id, nombre, tipo) VALUES
(1, 'Oyoyi3', 'planeta'),
(2, 'Kaxobo', 'estrella'),
(3, 'Iaya', 'plataforma espacial'),
(4, 'Dr2', 'planeta'),
(5, 'Moyuz2', 'asteroide'),
(6, 'Vle', 'estrella'),
(7, 'Adajajara3', 'estrella'),
(8, 'Nnosa9', 'asteroide'),
(9, 'Ccerixuko', 'estrella'),
(10, 'Pyuloco8', 'plataforma espacial'),
(11, 'Mvunilu', 'plataforma espacial'),
(12, 'Jerabo', 'planeta'),
(13, 'Eqa', 'asteroide'),
(14, 'Lv', 'plataforma espacial'),
(15, 'Kisoze1', 'satélite'),
(16, 'Quhojaje', 'asteroide'),
(17, 'Qizu5', 'planeta'),
(18, 'Fojiwiza4', 'satélite'),
(19, 'Civaviko', 'satélite'),
(20, 'Iihowati', 'planeta'),
(21, 'Oyifi1', NULL),
(22, 'Ajubo', 'satélite'),
(23, 'Mno1', 'asteroide'),
(24, 'Onemu0', 'plataforma espacial'),
(25, 'Eumevo', 'cinturón de asteroides'),
(26, 'Wjewe', 'asteroide'),
(27, 'Qxofimoa5', 'plataforma espacial'),
(28, 'Wzizi', 'plataforma espacial'),
(29, 'Femuwuta', 'planeta'),
(30, 'Uezac', 'satélite'),
(31, 'Wno', 'estrella'),
(32, 'Dufa', 'satélite'),
(33, 'Auh1', 'estrella'),
(34, 'Tekuhul0', 'planeta'),
(35, 'Myeriw7', 'asteroide'),
(36, 'Eohelo', 'planeta'),
(37, 'Kweferu1', 'satélite'),
(38, 'Vma', 'cinturón de asteroides'),
(39, 'Doxedasoe0', 'asteroide'),
(40, 'Msa', 'cinturón de asteroides'),
(41, 'Lemuko7', 'asteroide'),
(42, 'Yofojiva', 'satélite'),
(43, 'Xesifo2', 'asteroide'),
(44, 'Bava0', NULL),
(45, 'Lsalam', 'asteroide'),
(46, 'Flopa', 'satélite'),
(47, 'Oawujo0', 'satélite'),
(48, 'Pjezusa2', 'plataforma espacial'),
(49, 'Wesigisiu9', NULL),
(50, 'Tu5', 'estrella'),
(51, 'Uqilih', 'cinturón de asteroides'),
(52, 'Uahu', 'plataforma espacial'),
(53, 'Yyerakatug9', 'cinturón de asteroides'),
(54, 'Biriv', NULL),
(55, 'Dxafagi', 'planeta'),
(56, 'Rdivu3', 'asteroide'),
(57, 'Medanic', 'asteroide'),
(58, 'Neyeo', 'planeta'),
(59, 'Dke0', 'satélite'),
(60, 'Devotadi9', 'estrella'),
(61, 'Lyuu6', 'asteroide'),
(62, 'Wiba', 'planeta'),
(63, 'Yico', 'asteroide'),
(64, 'Lofalubufa', 'satélite'),
(65, 'Xo', 'satélite'),
(66, 'Tlojej', 'asteroide'),
(67, 'Fuhece', 'plataforma espacial'),
(68, 'Nneye7', 'plataforma espacial'),
(69, 'Uezajou3', 'asteroide'),
(70, 'Lb', 'planeta'),
(71, 'Xu1', 'satélite'),
(72, 'Ptetoqo1', NULL),
(73, 'Iunaza', 'planeta'),
(74, 'Ratele', 'estrella'),
(75, 'Yofacebu7', 'plataforma espacial'),
(76, 'Tuxela0', 'cinturón de asteroides'),
(77, 'Kvaku', 'plataforma espacial'),
(78, 'Hhewabe1', 'satélite'),
(79, 'Zuvagi4', 'asteroide'),
(80, 'Gvihaco0', 'asteroide'),
(81, 'Yeguqoz', 'satélite'),
(82, 'Zweka', 'cinturón de asteroides'),
(83, 'Vele', 'estrella'),
(84, 'Qqo', 'asteroide'),
(85, 'X', 'plataforma espacial'),
(86, 'Bcu8', 'plataforma espacial'),
(87, 'Nkuye', NULL),
(88, 'Tovujaba', 'asteroide'),
(89, 'Eiyaw', 'asteroide'),
(90, 'Esesefeca', 'cinturón de asteroides'),
(91, 'Meri', 'estrella'),
(92, 'Pxiba8', 'estrella'),
(93, 'Noveye', 'cinturón de asteroides'),
(94, 'Iopupa', 'asteroide'),
(95, 'Suqu', 'satélite'),
(96, 'Kupodifina', NULL),
(97, 'Gme4', 'estrella'),
(98, 'Vmoduru7', 'satélite'),
(99, 'Kyemina', 'asteroide'),
(100, 'Vkue', 'cinturón de asteroides'),
(101, 'Gcixac2', 'plataforma espacial'),
(102, 'Apuso9', 'planeta'),
(103, 'Oyagiguzuz5', 'satélite'),
(104, 'Gejipeyuci', 'satélite'),
(105, 'Iqe', NULL),
(106, 'Dmiru', 'asteroide'),
(107, 'Pomavere5', 'asteroide'),
(108, 'Wfiju', 'asteroide'),
(109, 'Fazelobu', 'plataforma espacial'),
(110, 'Wlaxili', 'cinturón de asteroides'),
(111, 'Hazu', 'planeta'),
(112, 'Eukaqep3', 'cinturón de asteroides'),
(113, 'Vpima', 'estrella'),
(114, 'Qxeo5', 'plataforma espacial'),
(115, 'Yyanif0', 'asteroide'),
(116, 'Jipokife', 'cinturón de asteroides'),
(117, 'Lbuyake', 'asteroide'),
(118, 'Zqaludere', 'estrella'),
(119, 'Lgeg5', 'plataforma espacial'),
(120, 'Isaqiy2', 'asteroide'),
(121, 'Gajovu9', 'estrella'),
(122, 'Ocutawe', 'plataforma espacial'),
(123, 'Uwoq5', 'planeta'),
(124, 'Qcigibi', 'plataforma espacial'),
(125, 'Eero9', 'estrella'),
(126, 'Ewuceso', 'cinturón de asteroides'),
(127, 'Azilo', 'asteroide'),
(128, 'Ccohe6', 'planeta'),
(129, 'J', 'satélite'),
(130, 'Jroni', NULL),
(131, 'Paraf', 'cinturón de asteroides'),
(132, 'Xpoju', 'plataforma espacial'),
(133, 'Ctupage', 'cinturón de asteroides'),
(134, 'Layuqapiy9', 'cinturón de asteroides'),
(135, 'Jpegezulu', 'estrella'),
(136, 'Ieyerumi', 'asteroide'),
(137, 'Fuxi', 'satélite'),
(138, 'Oonoluwi7', 'estrella'),
(139, 'Cowa', 'asteroide'),
(140, 'Zedekaxo', 'asteroide'),
(141, 'Jemohi', 'cinturón de asteroides'),
(142, 'Fukihura', 'plataforma espacial'),
(143, 'Cujifanuyi', 'cinturón de asteroides'),
(144, 'Wefajic', 'plataforma espacial'),
(145, 'Ekinime', 'estrella'),
(146, 'Fxo', 'asteroide'),
(147, 'Ezoyabi', 'planeta'),
(148, 'Ysejaxa', 'cinturón de asteroides'),
(149, 'Fvutipi', 'estrella'),
(150, 'Aarogi2', 'estrella'),
(151, 'Ealepa', 'satélite'),
(152, 'Qwu0', 'planeta'),
(153, 'Chi', 'cinturón de asteroides'),
(154, 'Dmayepe', 'planeta'),
(155, 'Atoja', 'satélite'),
(156, 'Unikaje', 'estrella'),
(157, 'Sohub', 'satélite'),
(158, 'Xekifijo', 'estrella'),
(159, 'Zxavo', 'plataforma espacial'),
(160, 'Tigezam', 'planeta'),
(161, 'Gasezes8', 'satélite'),
(162, 'Fheja', 'plataforma espacial'),
(163, 'Mimime', 'plataforma espacial'),
(164, 'Zeyijug', 'plataforma espacial'),
(165, 'Lecorejape9', 'asteroide'),
(166, 'Gha3', 'estrella'),
(167, 'Ayi5', 'cinturón de asteroides'),
(168, 'Laba', 'estrella'),
(169, 'Ditoput6', 'satélite'),
(170, 'Uuzexomo', 'estrella'),
(171, 'Yhebu4', 'plataforma espacial'),
(172, 'Mnarumix', 'estrella'),
(173, 'Ogedoka8', 'cinturón de asteroides'),
(174, 'Wxuzou6', 'plataforma espacial'),
(175, 'Tape', 'asteroide'),
(176, 'Qutaje', 'planeta'),
(177, 'Powiko', 'satélite'),
(178, 'C', 'estrella'),
(179, 'Iyabo', 'asteroide'),
(180, 'Oduqox3', 'cinturón de asteroides'),
(181, 'Qido8', 'asteroide'),
(182, 'Xedexu3', 'asteroide'),
(183, 'Mikitupoa4', 'cinturón de asteroides'),
(184, 'Secoma', 'satélite'),
(185, 'Igolo', 'satélite'),
(186, 'Fdesifurap', 'cinturón de asteroides'),
(187, 'Gqiyu', 'asteroide'),
(188, 'Qzi', 'cinturón de asteroides'),
(189, 'Lu', 'cinturón de asteroides'),
(190, 'Lisu', NULL),
(191, 'Xdojuke6', NULL),
(192, 'Wcicaka', NULL),
(193, 'Kba', NULL),
(194, 'Eicehu', NULL),
(195, 'Xela', NULL),
(196, 'Lahamolu3', NULL),
(197, 'Oevubu', NULL),
(198, 'Bokuhuga', NULL),
(199, 'Efuhoo2', NULL),
(200, 'Nne', NULL);

--
-- Inserting data into table generos
--
INSERT INTO generos(id, id_novela, genero) VALUES
(1, 141, 'Sci-fi infantil'),
(2, 392, 'Crimen juvenil'),
(3, 53, 'Clásico infantil'),
(4, 186, 'Fantasía juvenil'),
(5, 202, 'Sci-fi juvenil'),
(6, 303, 'Histórico juvenil'),
(7, 428, 'Histórico infantil'),
(8, 2, 'Crimen infantil'),
(9, 423, 'Crimen infantil'),
(10, 121, 'Romántica infantil'),
(11, 370, 'Clásico juvenil'),
(12, 227, 'Sci-fi juvenil'),
(13, 476, 'Fantasía'),
(14, 97, 'Sci-fi'),
(15, 312, 'Clásico'),
(16, 453, 'Crimen'),
(17, 314, 'Histórico'),
(18, 277, 'Clásico juvenil'),
(19, 258, 'Histórico'),
(20, 420, 'Fantasía'),
(21, 8, 'Romántica infantil'),
(22, 331, 'Crimen infantil'),
(23, 114, 'Crimen'),
(24, 425, 'Clásico juvenil'),
(25, 64, 'Clásico juvenil'),
(26, 2, 'Histórico juvenil'),
(27, 474, 'Romántica infantil'),
(28, 146, 'Fantasía infantil'),
(29, 378, 'Histórico infantil'),
(30, 362, 'Histórico infantil'),
(31, 16, 'Romántica juvenil'),
(32, 378, 'Sci-fi infantil'),
(33, 236, 'Histórico juvenil'),
(34, 466, 'Fantasía juvenil'),
(35, 14, 'Romántica juvenil'),
(36, 141, 'Fantasía infantil'),
(37, 66, 'Romántica infantil'),
(38, 89, 'Sci-fi juvenil'),
(39, 415, 'Fantasía'),
(40, 8, 'Fantasía juvenil'),
(41, 85, 'Crimen juvenil'),
(42, 23, 'Romántica'),
(43, 302, 'Clásico juvenil'),
(44, 232, 'Sci-fi'),
(45, 330, 'Histórico'),
(46, 215, 'Histórico'),
(47, 452, 'Fantasía juvenil'),
(48, 497, 'Crimen juvenil'),
(49, 153, 'Histórico juvenil'),
(50, 270, 'Fantasía'),
(51, 59, 'Sci-fi juvenil'),
(52, 195, 'Clásico infantil'),
(53, 137, 'Histórico juvenil'),
(54, 82, 'Histórico'),
(55, 9, 'Fantasía'),
(56, 7, 'Sci-fi juvenil'),
(57, 390, 'Fantasía'),
(58, 452, 'Crimen juvenil'),
(59, 335, 'Fantasía'),
(60, 241, 'Clásico'),
(61, 262, 'Crimen'),
(62, 3, 'Histórico'),
(63, 85, 'Clásico'),
(64, 9, 'Romántica juvenil'),
(65, 208, 'Crimen'),
(66, 274, 'Fantasía infantil'),
(67, 8, 'Clásico'),
(68, 52, 'Crimen infantil'),
(69, 122, 'Sci-fi juvenil'),
(70, 462, 'Fantasía'),
(71, 442, 'Sci-fi juvenil'),
(72, 117, 'Romántica'),
(73, 68, 'Clásico infantil'),
(74, 193, 'Romántica juvenil'),
(75, 413, 'Clásico infantil'),
(76, 139, 'Sci-fi juvenil'),
(77, 229, 'Clásico'),
(78, 464, 'Sci-fi infantil'),
(79, 361, 'Fantasía juvenil'),
(80, 157, 'Histórico'),
(81, 50, 'Crimen infantil'),
(82, 96, 'Fantasía'),
(83, 105, 'Romántica infantil'),
(84, 70, 'Histórico infantil'),
(85, 185, 'Clásico'),
(86, 230, 'Histórico'),
(87, 192, 'Sci-fi juvenil'),
(88, 329, 'Sci-fi infantil'),
(89, 453, 'Sci-fi juvenil'),
(90, 191, 'Romántica juvenil'),
(91, 201, 'Sci-fi'),
(92, 142, 'Histórico'),
(93, 343, 'Romántica juvenil'),
(94, 130, 'Romántica'),
(95, 2, 'Sci-fi infantil'),
(96, 437, 'Sci-fi'),
(97, 471, 'Romántica'),
(98, 352, 'Crimen'),
(99, 79, 'Sci-fi infantil'),
(100, 391, 'Sci-fi'),
(101, 165, 'Fantasía juvenil'),
(102, 7, 'Clásico juvenil'),
(103, 67, 'Histórico infantil'),
(104, 58, 'Crimen'),
(105, 493, 'Fantasía'),
(106, 168, 'Fantasía'),
(107, 469, 'Crimen juvenil'),
(108, 214, 'Sci-fi infantil'),
(109, 302, 'Sci-fi'),
(110, 143, 'Romántica infantil'),
(111, 283, 'Crimen'),
(112, 140, 'Sci-fi juvenil'),
(113, 296, 'Histórico'),
(114, 106, 'Sci-fi'),
(115, 208, 'Fantasía'),
(116, 141, 'Clásico juvenil'),
(117, 429, 'Histórico'),
(118, 31, 'Clásico juvenil'),
(119, 205, 'Clásico'),
(120, 2, 'Fantasía'),
(121, 336, 'Crimen'),
(122, 495, 'Clásico'),
(123, 104, 'Romántica'),
(124, 419, 'Sci-fi juvenil'),
(125, 141, 'Fantasía juvenil'),
(126, 382, 'Crimen'),
(127, 255, 'Histórico juvenil'),
(128, 3, 'Sci-fi'),
(129, 127, 'Fantasía'),
(130, 90, 'Crimen'),
(131, 58, 'Romántica infantil'),
(132, 1, 'Romántica'),
(133, 136, 'Romántica'),
(134, 216, 'Clásico'),
(135, 92, 'Crimen infantil'),
(136, 249, 'Fantasía'),
(137, 305, 'Sci-fi infantil'),
(138, 327, 'Sci-fi infantil'),
(139, 499, 'Histórico infantil'),
(140, 115, 'Romántica'),
(141, 7, 'Clásico juvenil'),
(142, 9, 'Fantasía juvenil'),
(143, 9, 'Histórico juvenil'),
(144, 471, 'Romántica'),
(145, 208, 'Crimen'),
(146, 353, 'Clásico'),
(147, 491, 'Fantasía infantil'),
(148, 373, 'Histórico juvenil'),
(149, 487, 'Romántica infantil'),
(150, 47, 'Clásico juvenil'),
(151, 3, 'Histórico infantil'),
(152, 12, 'Histórico'),
(153, 82, 'Clásico'),
(154, 8, 'Romántica'),
(155, 483, 'Fantasía juvenil'),
(156, 70, 'Clásico infantil'),
(157, 5, 'Crimen infantil'),
(158, 64, 'Crimen juvenil'),
(159, 21, 'Crimen'),
(160, 414, 'Romántica'),
(161, 338, 'Crimen'),
(162, 218, 'Clásico'),
(163, 207, 'Crimen'),
(164, 386, 'Clásico juvenil'),
(165, 10, 'Romántica'),
(166, 389, 'Clásico'),
(167, 387, 'Romántica juvenil'),
(168, 48, 'Sci-fi infantil'),
(169, 2, 'Histórico'),
(170, 254, 'Crimen infantil'),
(171, 167, 'Sci-fi'),
(172, 222, 'Histórico'),
(173, 27, 'Fantasía infantil'),
(174, 268, 'Romántica'),
(175, 194, 'Crimen juvenil'),
(176, 259, 'Fantasía infantil'),
(177, 492, 'Histórico'),
(178, 265, 'Crimen'),
(179, 218, 'Romántica'),
(180, 327, 'Histórico'),
(181, 321, 'Clásico'),
(182, 7, 'Fantasía infantil'),
(183, 29, 'Romántica infantil'),
(184, 271, 'Clásico'),
(185, 19, 'Fantasía infantil'),
(186, 477, 'Histórico juvenil'),
(187, 219, 'Romántica'),
(188, 5, 'Clásico'),
(189, 357, 'Romántica juvenil'),
(190, 331, 'Clásico'),
(191, 45, 'Sci-fi'),
(192, 75, 'Clásico'),
(193, 392, 'Fantasía juvenil'),
(194, 6, 'Clásico juvenil'),
(195, 161, 'Crimen infantil'),
(196, 43, 'Histórico'),
(197, 297, 'Histórico juvenil'),
(198, 59, 'Crimen juvenil'),
(199, 77, 'Fantasía'),
(200, 132, 'Fantasía juvenil'),
(201, 300, 'Fantasía juvenil'),
(202, 327, 'Histórico'),
(203, 500, 'Fantasía juvenil'),
(204, 134, 'Fantasía juvenil'),
(205, 473, 'Histórico juvenil'),
(206, 87, 'Romántica juvenil'),
(207, 213, 'Clásico infantil'),
(208, 499, 'Fantasía infantil'),
(209, 96, 'Sci-fi'),
(210, 269, 'Romántica juvenil'),
(211, 438, 'Clásico juvenil'),
(212, 81, 'Histórico'),
(213, 487, 'Sci-fi'),
(214, 237, 'Fantasía'),
(215, 114, 'Clásico infantil'),
(216, 349, 'Fantasía juvenil'),
(217, 87, 'Sci-fi juvenil'),
(218, 354, 'Histórico'),
(219, 259, 'Romántica infantil'),
(220, 237, 'Clásico juvenil'),
(221, 3, 'Romántica'),
(222, 395, 'Romántica'),
(223, 267, 'Clásico'),
(224, 225, 'Crimen'),
(225, 210, 'Histórico infantil'),
(226, 42, 'Histórico'),
(227, 430, 'Histórico'),
(228, 5, 'Crimen infantil'),
(229, 103, 'Histórico infantil'),
(230, 344, 'Clásico infantil'),
(231, 6, 'Fantasía'),
(232, 9, 'Histórico'),
(233, 427, 'Crimen'),
(234, 188, 'Sci-fi'),
(235, 92, 'Crimen juvenil'),
(236, 135, 'Histórico infantil'),
(237, 383, 'Fantasía juvenil'),
(238, 267, 'Clásico infantil'),
(239, 416, 'Crimen'),
(240, 349, 'Sci-fi infantil'),
(241, 347, 'Clásico'),
(242, 435, 'Crimen juvenil'),
(243, 64, 'Crimen'),
(244, 161, 'Histórico infantil'),
(245, 8, 'Clásico'),
(246, 8, 'Sci-fi'),
(247, 274, 'Crimen'),
(248, 399, 'Romántica'),
(249, 124, 'Fantasía'),
(250, 214, 'Sci-fi juvenil'),
(251, 207, 'Crimen'),
(252, 95, 'Sci-fi'),
(253, 86, 'Sci-fi juvenil'),
(254, 193, 'Romántica juvenil'),
(255, 355, 'Romántica'),
(256, 205, 'Crimen infantil'),
(257, 143, 'Romántica'),
(258, 393, 'Fantasía juvenil'),
(259, 322, 'Crimen'),
(260, 142, 'Crimen infantil'),
(261, 217, 'Fantasía infantil'),
(262, 125, 'Romántica'),
(263, 498, 'Romántica'),
(264, 39, 'Romántica infantil'),
(265, 449, 'Crimen infantil'),
(266, 171, 'Crimen infantil'),
(267, 100, 'Histórico'),
(268, 56, 'Histórico'),
(269, 87, 'Clásico infantil'),
(270, 485, 'Histórico'),
(271, 319, 'Crimen'),
(272, 2, 'Histórico infantil'),
(273, 97, 'Fantasía infantil'),
(274, 184, 'Fantasía infantil'),
(275, 107, 'Romántica juvenil'),
(276, 453, 'Clásico'),
(277, 268, 'Histórico infantil'),
(278, 60, 'Clásico'),
(279, 401, 'Crimen juvenil'),
(280, 333, 'Fantasía'),
(281, 4, 'Crimen juvenil'),
(282, 6, 'Crimen'),
(283, 71, 'Histórico'),
(284, 110, 'Crimen juvenil'),
(285, 207, 'Clásico infantil'),
(286, 424, 'Histórico infantil'),
(287, 130, 'Histórico'),
(288, 302, 'Sci-fi'),
(289, 253, 'Clásico juvenil'),
(290, 208, 'Romántica infantil'),
(291, 284, 'Sci-fi'),
(292, 140, 'Fantasía juvenil'),
(293, 27, 'Romántica'),
(294, 331, 'Clásico'),
(295, 70, 'Crimen infantil'),
(296, 83, 'Clásico infantil'),
(297, 39, 'Fantasía'),
(298, 385, 'Sci-fi'),
(299, 1, 'Histórico'),
(300, 185, 'Clásico infantil'),
(301, 305, 'Fantasía'),
(302, 120, 'Crimen juvenil'),
(303, 311, 'Crimen infantil'),
(304, 60, 'Clásico'),
(305, 157, 'Clásico'),
(306, 147, 'Fantasía juvenil'),
(307, 292, 'Clásico'),
(308, 368, 'Romántica infantil'),
(309, 176, 'Fantasía'),
(310, 258, 'Histórico'),
(311, 461, 'Histórico'),
(312, 131, 'Histórico'),
(313, 181, 'Histórico'),
(314, 36, 'Crimen'),
(315, 1, 'Fantasía'),
(316, 289, 'Crimen'),
(317, 67, 'Crimen'),
(318, 466, 'Clásico'),
(319, 137, 'Fantasía'),
(320, 216, 'Fantasía'),
(321, 11, 'Fantasía infantil'),
(322, 311, 'Sci-fi infantil'),
(323, 204, 'Fantasía infantil'),
(324, 190, 'Histórico infantil'),
(325, 313, 'Sci-fi'),
(326, 6, 'Romántica'),
(327, 286, 'Fantasía'),
(328, 11, 'Fantasía infantil'),
(329, 343, 'Crimen juvenil'),
(330, 460, 'Histórico juvenil'),
(331, 223, 'Sci-fi'),
(332, 140, 'Clásico'),
(333, 185, 'Romántica juvenil'),
(334, 384, 'Fantasía infantil'),
(335, 33, 'Fantasía juvenil'),
(336, 237, 'Clásico'),
(337, 5, 'Fantasía'),
(338, 124, 'Crimen infantil'),
(339, 413, 'Sci-fi juvenil'),
(340, 334, 'Crimen'),
(341, 449, 'Clásico'),
(342, 21, 'Crimen'),
(343, 45, 'Fantasía'),
(344, 323, 'Histórico juvenil'),
(345, 343, 'Sci-fi infantil'),
(346, 43, 'Crimen juvenil'),
(347, 194, 'Crimen juvenil'),
(348, 57, 'Crimen infantil'),
(349, 384, 'Histórico'),
(350, 337, 'Fantasía'),
(351, 238, 'Romántica juvenil'),
(352, 435, 'Sci-fi juvenil'),
(353, 466, 'Romántica infantil'),
(354, 440, 'Sci-fi'),
(355, 382, 'Romántica juvenil'),
(356, 314, 'Clásico'),
(357, 243, 'Clásico juvenil'),
(358, 254, 'Crimen'),
(359, 406, 'Crimen juvenil'),
(360, 462, 'Crimen'),
(361, 7, 'Romántica juvenil'),
(362, 375, 'Romántica infantil'),
(363, 137, 'Romántica juvenil'),
(364, 439, 'Clásico'),
(365, 234, 'Clásico'),
(366, 225, 'Clásico infantil'),
(367, 108, 'Histórico'),
(368, 23, 'Histórico'),
(369, 446, 'Romántica infantil'),
(370, 255, 'Fantasía infantil'),
(371, 298, 'Fantasía infantil'),
(372, 95, 'Crimen'),
(373, 1, 'Clásico'),
(374, 196, 'Clásico infantil'),
(375, 334, 'Romántica infantil'),
(376, 46, 'Sci-fi'),
(377, 339, 'Histórico infantil'),
(378, 69, 'Clásico juvenil'),
(379, 57, 'Sci-fi'),
(380, 141, 'Fantasía'),
(381, 125, 'Romántica juvenil'),
(382, 59, 'Histórico'),
(383, 387, 'Sci-fi juvenil'),
(384, 17, 'Romántica'),
(385, 53, 'Crimen'),
(386, 482, 'Clásico'),
(387, 365, 'Fantasía infantil'),
(388, 47, 'Crimen'),
(389, 133, 'Romántica'),
(390, 5, 'Histórico infantil'),
(391, 179, 'Fantasía juvenil'),
(392, 489, 'Romántica infantil'),
(393, 2, 'Crimen'),
(394, 341, 'Clásico infantil'),
(395, 495, 'Sci-fi juvenil'),
(396, 469, 'Romántica infantil'),
(397, 270, 'Histórico'),
(398, 407, 'Clásico juvenil'),
(399, 104, 'Fantasía infantil'),
(400, 499, 'Histórico juvenil'),
(401, 170, 'Histórico juvenil'),
(402, 198, 'Fantasía infantil'),
(403, 466, 'Sci-fi juvenil'),
(404, 71, 'Romántica juvenil'),
(405, 148, 'Histórico infantil'),
(406, 183, 'Clásico'),
(407, 404, 'Romántica infantil'),
(408, 492, 'Fantasía'),
(409, 190, 'Sci-fi'),
(410, 337, 'Fantasía juvenil'),
(411, 5, 'Crimen'),
(412, 320, 'Clásico infantil'),
(413, 213, 'Fantasía'),
(414, 483, 'Fantasía'),
(415, 227, 'Crimen infantil'),
(416, 87, 'Fantasía juvenil'),
(417, 409, 'Romántica'),
(418, 334, 'Histórico infantil'),
(419, 16, 'Fantasía'),
(420, 355, 'Sci-fi'),
(421, 139, 'Histórico'),
(422, 137, 'Histórico'),
(423, 475, 'Sci-fi'),
(424, 255, 'Crimen'),
(425, 413, 'Sci-fi infantil'),
(426, 124, 'Histórico juvenil'),
(427, 167, 'Histórico'),
(428, 277, 'Crimen juvenil'),
(429, 486, 'Clásico infantil'),
(430, 436, 'Histórico infantil'),
(431, 404, 'Fantasía'),
(432, 4, 'Crimen infantil'),
(433, 172, 'Crimen juvenil'),
(434, 9, 'Sci-fi infantil'),
(435, 253, 'Clásico'),
(436, 284, 'Histórico juvenil'),
(437, 384, 'Romántica juvenil'),
(438, 359, 'Crimen infantil'),
(439, 80, 'Crimen infantil'),
(440, 152, 'Clásico juvenil'),
(441, 74, 'Romántica juvenil'),
(442, 319, 'Histórico'),
(443, 290, 'Romántica'),
(444, 84, 'Fantasía juvenil'),
(445, 233, 'Crimen'),
(446, 350, 'Clásico'),
(447, 409, 'Romántica'),
(448, 10, 'Histórico juvenil'),
(449, 88, 'Fantasía'),
(450, 145, 'Histórico infantil'),
(451, 40, 'Histórico'),
(452, 143, 'Histórico'),
(453, 423, 'Sci-fi'),
(454, 263, 'Clásico juvenil'),
(455, 317, 'Sci-fi'),
(456, 470, 'Fantasía'),
(457, 150, 'Clásico'),
(458, 270, 'Clásico'),
(459, 234, 'Sci-fi'),
(460, 62, 'Fantasía infantil'),
(461, 145, 'Clásico infantil'),
(462, 3, 'Histórico'),
(463, 367, 'Romántica juvenil'),
(464, 9, 'Fantasía'),
(465, 8, 'Crimen'),
(466, 376, 'Sci-fi'),
(467, 394, 'Crimen juvenil'),
(468, 332, 'Romántica'),
(469, 144, 'Romántica'),
(470, 267, 'Fantasía'),
(471, 100, 'Crimen infantil'),
(472, 80, 'Romántica infantil'),
(473, 179, 'Crimen infantil'),
(474, 254, 'Histórico'),
(475, 354, 'Sci-fi'),
(476, 126, 'Fantasía infantil'),
(477, 415, 'Clásico juvenil'),
(478, 330, 'Crimen juvenil'),
(479, 186, 'Crimen'),
(480, 471, 'Sci-fi infantil'),
(481, 246, 'Romántica juvenil'),
(482, 409, 'Sci-fi'),
(483, 350, 'Histórico'),
(484, 182, 'Crimen juvenil'),
(485, 232, 'Romántica'),
(486, 467, 'Histórico juvenil'),
(487, 298, 'Sci-fi juvenil'),
(488, 275, 'Fantasía infantil'),
(489, 390, 'Fantasía'),
(490, 31, 'Romántica infantil'),
(491, 379, 'Histórico'),
(492, 8, 'Romántica juvenil'),
(493, 296, 'Fantasía juvenil'),
(494, 171, 'Crimen'),
(495, 469, 'Clásico'),
(496, 2, 'Clásico juvenil'),
(497, 397, 'Romántica'),
(498, 105, 'Sci-fi'),
(499, 318, 'Sci-fi juvenil'),
(500, 110, 'Crimen infantil'),
(501, 117, 'Romántica'),
(502, 438, 'Histórico'),
(503, 59, 'Fantasía'),
(504, 288, 'Crimen juvenil'),
(505, 221, 'Sci-fi infantil'),
(506, 252, 'Histórico'),
(507, 393, 'Romántica'),
(508, 116, 'Sci-fi juvenil'),
(509, 342, 'Histórico juvenil'),
(510, 1, 'Histórico'),
(511, 371, 'Crimen infantil'),
(512, 107, 'Clásico'),
(513, 472, 'Fantasía'),
(514, 35, 'Clásico infantil'),
(515, 29, 'Crimen'),
(516, 492, 'Crimen infantil'),
(517, 305, 'Sci-fi'),
(518, 1, 'Sci-fi juvenil'),
(519, 215, 'Sci-fi'),
(520, 17, 'Crimen'),
(521, 197, 'Romántica'),
(522, 288, 'Clásico'),
(523, 218, 'Crimen'),
(524, 461, 'Crimen juvenil'),
(525, 291, 'Histórico'),
(526, 226, 'Fantasía juvenil'),
(527, 476, 'Romántica'),
(528, 48, 'Romántica'),
(529, 436, 'Crimen juvenil'),
(530, 9, 'Fantasía juvenil'),
(531, 495, 'Romántica juvenil'),
(532, 55, 'Sci-fi infantil'),
(533, 94, 'Histórico'),
(534, 211, 'Romántica infantil'),
(535, 373, 'Romántica'),
(536, 369, 'Crimen'),
(537, 458, 'Sci-fi'),
(538, 38, 'Crimen infantil'),
(539, 11, 'Histórico infantil'),
(540, 40, 'Crimen'),
(541, 213, 'Romántica'),
(542, 151, 'Histórico'),
(543, 8, 'Histórico'),
(544, 456, 'Sci-fi'),
(545, 32, 'Sci-fi'),
(546, 294, 'Crimen'),
(547, 57, 'Histórico juvenil'),
(548, 19, 'Clásico juvenil'),
(549, 467, 'Clásico infantil'),
(550, 495, 'Crimen juvenil'),
(551, 5, 'Fantasía'),
(552, 83, 'Sci-fi'),
(553, 360, 'Clásico juvenil'),
(554, 483, 'Sci-fi'),
(555, 125, 'Romántica'),
(556, 74, 'Clásico'),
(557, 150, 'Crimen infantil'),
(558, 176, 'Fantasía'),
(559, 466, 'Crimen infantil'),
(560, 445, 'Histórico infantil'),
(561, 280, 'Sci-fi'),
(562, 87, 'Sci-fi'),
(563, 433, 'Romántica'),
(564, 360, 'Crimen infantil'),
(565, 227, 'Fantasía infantil'),
(566, 454, 'Sci-fi juvenil'),
(567, 137, 'Romántica juvenil'),
(568, 2, 'Fantasía'),
(569, 131, 'Histórico juvenil'),
(570, 7, 'Histórico infantil'),
(571, 169, 'Sci-fi'),
(572, 336, 'Crimen infantil'),
(573, 54, 'Sci-fi infantil'),
(574, 324, 'Romántica'),
(575, 391, 'Fantasía infantil'),
(576, 418, 'Clásico infantil'),
(577, 221, 'Romántica'),
(578, 136, 'Clásico juvenil'),
(579, 7, 'Crimen'),
(580, 98, 'Histórico'),
(581, 407, 'Crimen juvenil'),
(582, 64, 'Histórico'),
(583, 7, 'Romántica infantil'),
(584, 498, 'Crimen'),
(585, 359, 'Fantasía'),
(586, 273, 'Clásico juvenil'),
(587, 36, 'Clásico infantil'),
(588, 381, 'Sci-fi juvenil'),
(589, 385, 'Romántica'),
(590, 465, 'Clásico'),
(591, 287, 'Histórico infantil'),
(592, 33, 'Sci-fi juvenil'),
(593, 330, 'Histórico'),
(594, 24, 'Romántica'),
(595, 400, 'Histórico'),
(596, 462, 'Clásico'),
(597, 478, 'Fantasía infantil'),
(598, 60, 'Fantasía'),
(599, 115, 'Fantasía'),
(600, 309, 'Fantasía'),
(601, 65, 'Sci-fi'),
(602, 138, 'Histórico infantil'),
(603, 299, 'Crimen juvenil'),
(604, 335, 'Fantasía'),
(605, 349, 'Histórico'),
(606, 182, 'Sci-fi'),
(607, 168, 'Sci-fi'),
(608, 312, 'Sci-fi'),
(609, 5, 'Romántica infantil'),
(610, 67, 'Histórico'),
(611, 396, 'Histórico'),
(612, 191, 'Romántica juvenil'),
(613, 17, 'Fantasía juvenil'),
(614, 43, 'Clásico infantil'),
(615, 500, 'Histórico'),
(616, 441, 'Histórico infantil'),
(617, 190, 'Sci-fi'),
(618, 357, 'Sci-fi infantil'),
(619, 256, 'Romántica'),
(620, 428, 'Fantasía'),
(621, 237, 'Histórico infantil'),
(622, 421, 'Crimen juvenil'),
(623, 500, 'Fantasía'),
(624, 451, 'Histórico'),
(625, 62, 'Crimen juvenil'),
(626, 197, 'Crimen infantil'),
(627, 118, 'Crimen juvenil'),
(628, 192, 'Histórico juvenil'),
(629, 412, 'Crimen'),
(630, 126, 'Histórico infantil'),
(631, 92, 'Sci-fi'),
(632, 230, 'Sci-fi'),
(633, 322, 'Romántica infantil'),
(634, 319, 'Sci-fi'),
(635, 233, 'Crimen juvenil'),
(636, 314, 'Sci-fi'),
(637, 496, 'Romántica'),
(638, 370, 'Sci-fi infantil'),
(639, 153, 'Crimen'),
(640, 430, 'Histórico juvenil'),
(641, 387, 'Romántica'),
(642, 165, 'Romántica'),
(643, 14, 'Histórico infantil'),
(644, 100, 'Crimen'),
(645, 257, 'Clásico'),
(646, 241, 'Clásico infantil'),
(647, 250, 'Fantasía juvenil'),
(648, 39, 'Crimen'),
(649, 16, 'Fantasía juvenil'),
(650, 343, 'Crimen'),
(651, 48, 'Romántica infantil'),
(652, 80, 'Sci-fi juvenil'),
(653, 353, 'Sci-fi'),
(654, 1, 'Sci-fi'),
(655, 232, 'Romántica'),
(656, 145, 'Histórico'),
(657, 323, 'Histórico'),
(658, 7, 'Fantasía juvenil'),
(659, 206, 'Histórico'),
(660, 461, 'Crimen'),
(661, 386, 'Crimen'),
(662, 202, 'Sci-fi'),
(663, 442, 'Clásico'),
(664, 479, 'Fantasía juvenil'),
(665, 90, 'Fantasía juvenil'),
(666, 247, 'Clásico'),
(667, 187, 'Crimen infantil'),
(668, 140, 'Sci-fi'),
(669, 130, 'Fantasía'),
(670, 7, 'Sci-fi'),
(671, 361, 'Clásico infantil'),
(672, 96, 'Romántica juvenil'),
(673, 8, 'Crimen'),
(674, 156, 'Sci-fi'),
(675, 353, 'Fantasía juvenil'),
(676, 79, 'Crimen'),
(677, 8, 'Fantasía infantil'),
(678, 42, 'Crimen'),
(679, 22, 'Histórico'),
(680, 184, 'Histórico'),
(681, 37, 'Sci-fi'),
(682, 49, 'Fantasía'),
(683, 5, 'Fantasía juvenil'),
(684, 443, 'Romántica juvenil'),
(685, 389, 'Fantasía infantil'),
(686, 3, 'Clásico'),
(687, 233, 'Romántica'),
(688, 305, 'Fantasía'),
(689, 342, 'Clásico juvenil'),
(690, 262, 'Fantasía'),
(691, 191, 'Crimen juvenil'),
(692, 203, 'Crimen infantil'),
(693, 9, 'Romántica'),
(694, 481, 'Crimen juvenil'),
(695, 387, 'Clásico'),
(696, 101, 'Sci-fi'),
(697, 16, 'Sci-fi juvenil'),
(698, 69, 'Crimen'),
(699, 340, 'Clásico juvenil'),
(700, 261, 'Fantasía'),
(701, 241, 'Crimen juvenil'),
(702, 67, 'Sci-fi'),
(703, 88, 'Clásico juvenil'),
(704, 263, 'Sci-fi juvenil'),
(705, 311, 'Sci-fi'),
(706, 373, 'Clásico infantil'),
(707, 240, 'Crimen'),
(708, 330, 'Crimen'),
(709, 487, 'Clásico infantil'),
(710, 70, 'Romántica infantil'),
(711, 268, 'Crimen juvenil'),
(712, 71, 'Fantasía juvenil'),
(713, 78, 'Histórico juvenil'),
(714, 73, 'Histórico juvenil'),
(715, 403, 'Crimen infantil'),
(716, 193, 'Sci-fi juvenil'),
(717, 60, 'Sci-fi infantil'),
(718, 487, 'Fantasía'),
(719, 72, 'Crimen infantil'),
(720, 80, 'Clásico'),
(721, 386, 'Sci-fi infantil'),
(722, 66, 'Fantasía infantil'),
(723, 51, 'Sci-fi juvenil'),
(724, 456, 'Romántica'),
(725, 293, 'Romántica juvenil'),
(726, 400, 'Crimen infantil'),
(727, 219, 'Crimen'),
(728, 7, 'Clásico juvenil'),
(729, 163, 'Clásico'),
(730, 61, 'Sci-fi'),
(731, 255, 'Crimen infantil'),
(732, 330, 'Fantasía'),
(733, 483, 'Crimen juvenil'),
(734, 417, 'Crimen'),
(735, 265, 'Romántica infantil'),
(736, 328, 'Sci-fi'),
(737, 51, 'Sci-fi juvenil'),
(738, 83, 'Histórico'),
(739, 477, 'Romántica juvenil'),
(740, 487, 'Sci-fi'),
(741, 86, 'Crimen juvenil'),
(742, 130, 'Clásico juvenil'),
(743, 318, 'Crimen juvenil'),
(744, 60, 'Clásico'),
(745, 44, 'Sci-fi'),
(746, 267, 'Crimen'),
(747, 431, 'Clásico'),
(748, 59, 'Crimen'),
(749, 213, 'Crimen'),
(750, 386, 'Sci-fi'),
(751, 199, 'Fantasía'),
(752, 467, 'Sci-fi'),
(753, 31, 'Romántica infantil'),
(754, 106, 'Crimen infantil'),
(755, 467, 'Romántica'),
(756, 316, 'Fantasía'),
(757, 436, 'Romántica'),
(758, 138, 'Crimen'),
(759, 411, 'Clásico juvenil'),
(760, 82, 'Fantasía'),
(761, 398, 'Histórico juvenil'),
(762, 54, 'Clásico'),
(763, 247, 'Crimen infantil'),
(764, 105, 'Crimen'),
(765, 388, 'Histórico'),
(766, 5, 'Histórico'),
(767, 237, 'Histórico juvenil'),
(768, 469, 'Fantasía'),
(769, 487, 'Fantasía juvenil'),
(770, 2, 'Fantasía'),
(771, 260, 'Histórico juvenil'),
(772, 330, 'Sci-fi juvenil'),
(773, 472, 'Clásico'),
(774, 149, 'Sci-fi infantil'),
(775, 1, 'Sci-fi juvenil'),
(776, 439, 'Fantasía'),
(777, 69, 'Romántica'),
(778, 459, 'Crimen'),
(779, 250, 'Romántica juvenil'),
(780, 236, 'Fantasía'),
(781, 33, 'Romántica juvenil'),
(782, 2, 'Fantasía'),
(783, 46, 'Clásico'),
(784, 417, 'Fantasía'),
(785, 121, 'Clásico'),
(786, 371, 'Sci-fi juvenil'),
(787, 9, 'Fantasía'),
(788, 132, 'Sci-fi'),
(789, 352, 'Fantasía'),
(790, 159, 'Fantasía'),
(791, 54, 'Romántica infantil'),
(792, 306, 'Histórico'),
(793, 17, 'Fantasía'),
(794, 3, 'Histórico juvenil'),
(795, 261, 'Romántica'),
(796, 342, 'Romántica juvenil'),
(797, 261, 'Fantasía'),
(798, 329, 'Crimen'),
(799, 78, 'Histórico juvenil'),
(800, 116, 'Sci-fi'),
(801, 81, 'Histórico'),
(802, 59, 'Fantasía juvenil'),
(803, 320, 'Crimen juvenil'),
(804, 107, 'Crimen juvenil'),
(805, 441, 'Clásico'),
(806, 382, 'Histórico'),
(807, 220, 'Clásico'),
(808, 445, 'Fantasía'),
(809, 191, 'Fantasía'),
(810, 126, 'Histórico juvenil'),
(811, 475, 'Fantasía'),
(812, 399, 'Crimen'),
(813, 13, 'Sci-fi'),
(814, 193, 'Crimen infantil'),
(815, 20, 'Sci-fi infantil'),
(816, 212, 'Crimen infantil'),
(817, 421, 'Sci-fi juvenil'),
(818, 413, 'Fantasía infantil'),
(819, 270, 'Crimen'),
(820, 334, 'Sci-fi'),
(821, 8, 'Histórico juvenil'),
(822, 9, 'Clásico juvenil'),
(823, 392, 'Sci-fi infantil'),
(824, 375, 'Sci-fi infantil'),
(825, 268, 'Clásico infantil'),
(826, 187, 'Clásico'),
(827, 459, 'Romántica infantil'),
(828, 85, 'Crimen'),
(829, 2, 'Fantasía'),
(830, 199, 'Romántica'),
(831, 3, 'Crimen juvenil'),
(832, 335, 'Histórico infantil'),
(833, 431, 'Romántica'),
(834, 307, 'Sci-fi juvenil'),
(835, 3, 'Clásico infantil'),
(836, 438, 'Sci-fi infantil'),
(837, 426, 'Fantasía'),
(838, 147, 'Romántica infantil'),
(839, 437, 'Romántica'),
(840, 24, 'Clásico juvenil'),
(841, 475, 'Fantasía juvenil'),
(842, 489, 'Fantasía'),
(843, 280, 'Romántica infantil'),
(844, 463, 'Romántica juvenil'),
(845, 5, 'Clásico'),
(846, 309, 'Sci-fi infantil'),
(847, 334, 'Clásico juvenil'),
(848, 347, 'Romántica infantil'),
(849, 194, 'Sci-fi juvenil'),
(850, 57, 'Histórico'),
(851, 49, 'Crimen'),
(852, 167, 'Romántica'),
(853, 173, 'Histórico infantil'),
(854, 243, 'Crimen juvenil'),
(855, 65, 'Sci-fi infantil'),
(856, 241, 'Romántica'),
(857, 244, 'Clásico'),
(858, 106, 'Romántica infantil'),
(859, 359, 'Histórico'),
(860, 115, 'Clásico'),
(861, 95, 'Fantasía juvenil'),
(862, 142, 'Fantasía infantil'),
(863, 107, 'Histórico'),
(864, 183, 'Clásico juvenil'),
(865, 18, 'Romántica'),
(866, 263, 'Sci-fi juvenil'),
(867, 9, 'Clásico'),
(868, 366, 'Fantasía'),
(869, 233, 'Fantasía'),
(870, 16, 'Crimen'),
(871, 5, 'Histórico infantil'),
(872, 494, 'Romántica'),
(873, 23, 'Histórico'),
(874, 407, 'Sci-fi infantil'),
(875, 266, 'Fantasía infantil'),
(876, 63, 'Fantasía juvenil'),
(877, 442, 'Romántica infantil'),
(878, 491, 'Histórico'),
(879, 320, 'Romántica infantil'),
(880, 182, 'Sci-fi infantil'),
(881, 190, 'Clásico juvenil'),
(882, 110, 'Crimen'),
(883, 340, 'Fantasía'),
(884, 493, 'Fantasía juvenil'),
(885, 277, 'Sci-fi juvenil'),
(886, 42, 'Histórico infantil'),
(887, 15, 'Clásico infantil'),
(888, 374, 'Clásico juvenil'),
(889, 206, 'Romántica'),
(890, 101, 'Fantasía juvenil'),
(891, 1, 'Crimen'),
(892, 457, 'Histórico'),
(893, 401, 'Histórico'),
(894, 386, 'Sci-fi'),
(895, 285, 'Sci-fi juvenil'),
(896, 366, 'Sci-fi juvenil'),
(897, 467, 'Fantasía'),
(898, 9, 'Romántica'),
(899, 313, 'Fantasía infantil'),
(900, 138, 'Clásico'),
(901, 107, 'Histórico infantil'),
(902, 4, 'Histórico juvenil'),
(903, 27, 'Crimen'),
(904, 211, 'Romántica'),
(905, 158, 'Sci-fi'),
(906, 472, 'Histórico infantil'),
(907, 393, 'Romántica infantil'),
(908, 369, 'Sci-fi'),
(909, 119, 'Crimen'),
(910, 74, 'Romántica'),
(911, 61, 'Romántica'),
(912, 19, 'Crimen juvenil'),
(913, 356, 'Histórico'),
(914, 204, 'Crimen'),
(915, 346, 'Romántica juvenil'),
(916, 305, 'Histórico juvenil'),
(917, 284, 'Fantasía infantil'),
(918, 283, 'Fantasía'),
(919, 107, 'Crimen juvenil'),
(920, 233, 'Histórico infantil'),
(921, 43, 'Clásico'),
(922, 75, 'Clásico infantil'),
(923, 353, 'Histórico'),
(924, 430, 'Sci-fi juvenil'),
(925, 58, 'Histórico infantil'),
(926, 114, 'Crimen infantil'),
(927, 301, 'Romántica infantil'),
(928, 375, 'Fantasía infantil'),
(929, 85, 'Clásico'),
(930, 149, 'Clásico'),
(931, 282, 'Romántica juvenil'),
(932, 210, 'Fantasía juvenil'),
(933, 465, 'Clásico infantil'),
(934, 91, 'Sci-fi'),
(935, 444, 'Clásico'),
(936, 51, 'Sci-fi infantil'),
(937, 133, 'Fantasía'),
(938, 403, 'Clásico'),
(939, 414, 'Histórico'),
(940, 57, 'Sci-fi infantil'),
(941, 298, 'Romántica'),
(942, 130, 'Fantasía infantil'),
(943, 341, 'Clásico'),
(944, 448, 'Histórico'),
(945, 4, 'Histórico'),
(946, 394, 'Sci-fi juvenil'),
(947, 239, 'Sci-fi infantil'),
(948, 484, 'Fantasía'),
(949, 210, 'Crimen infantil'),
(950, 28, 'Histórico'),
(951, 90, 'Clásico juvenil'),
(952, 230, 'Clásico'),
(953, 434, 'Clásico juvenil'),
(954, 191, 'Histórico'),
(955, 115, 'Romántica infantil'),
(956, 440, 'Fantasía juvenil'),
(957, 404, 'Clásico infantil'),
(958, 2, 'Romántica infantil'),
(959, 266, 'Fantasía'),
(960, 434, 'Clásico infantil'),
(961, 265, 'Crimen'),
(962, 488, 'Histórico juvenil'),
(963, 215, 'Clásico'),
(964, 165, 'Clásico'),
(965, 31, 'Sci-fi'),
(966, 188, 'Clásico juvenil'),
(967, 445, 'Histórico juvenil'),
(968, 70, 'Sci-fi'),
(969, 51, 'Fantasía'),
(970, 486, 'Fantasía juvenil'),
(971, 230, 'Sci-fi infantil'),
(972, 500, 'Sci-fi'),
(973, 418, 'Clásico'),
(974, 107, 'Clásico'),
(975, 99, 'Crimen infantil'),
(976, 83, 'Crimen'),
(977, 446, 'Clásico'),
(978, 462, 'Fantasía infantil'),
(979, 155, 'Fantasía'),
(980, 206, 'Histórico juvenil'),
(981, 451, 'Histórico'),
(982, 434, 'Histórico'),
(983, 188, 'Histórico infantil'),
(984, 434, 'Histórico juvenil'),
(985, 127, 'Fantasía infantil'),
(986, 43, 'Crimen'),
(987, 408, 'Crimen juvenil'),
(988, 326, 'Histórico infantil'),
(989, 461, 'Sci-fi'),
(990, 44, 'Clásico infantil'),
(991, 4, 'Fantasía'),
(992, 400, 'Romántica juvenil'),
(993, 2, 'Clásico'),
(994, 2, 'Histórico juvenil'),
(995, 93, 'Crimen infantil'),
(996, 290, 'Clásico infantil'),
(997, 210, 'Histórico'),
(998, 95, 'Histórico juvenil'),
(999, 297, 'Fantasía'),
(1000, 61, 'Histórico infantil'),
(1001, 434, 'Clásico'),
(1002, 73, 'Fantasía juvenil'),
(1003, 496, 'Crimen'),
(1004, 58, 'Histórico infantil'),
(1005, 42, 'Histórico infantil'),
(1006, 192, 'Romántica'),
(1007, 105, 'Histórico infantil'),
(1008, 330, 'Sci-fi infantil'),
(1009, 149, 'Histórico infantil'),
(1010, 69, 'Histórico juvenil'),
(1011, 399, 'Crimen infantil'),
(1012, 9, 'Fantasía'),
(1013, 91, 'Histórico juvenil'),
(1014, 305, 'Clásico infantil'),
(1015, 9, 'Histórico'),
(1016, 56, 'Romántica infantil'),
(1017, 59, 'Histórico infantil'),
(1018, 24, 'Clásico juvenil'),
(1019, 190, 'Fantasía'),
(1020, 287, 'Clásico'),
(1021, 148, 'Sci-fi infantil'),
(1022, 16, 'Fantasía'),
(1023, 385, 'Sci-fi juvenil'),
(1024, 303, 'Sci-fi'),
(1025, 5, 'Crimen juvenil'),
(1026, 37, 'Fantasía'),
(1027, 163, 'Clásico'),
(1028, 227, 'Clásico juvenil'),
(1029, 358, 'Clásico juvenil'),
(1030, 392, 'Fantasía'),
(1031, 5, 'Histórico juvenil'),
(1032, 24, 'Clásico'),
(1033, 162, 'Fantasía juvenil'),
(1034, 33, 'Histórico'),
(1035, 161, 'Clásico infantil'),
(1036, 268, 'Crimen'),
(1037, 380, 'Clásico'),
(1038, 9, 'Histórico juvenil'),
(1039, 432, 'Sci-fi infantil'),
(1040, 397, 'Romántica'),
(1041, 331, 'Clásico juvenil'),
(1042, 256, 'Romántica'),
(1043, 272, 'Sci-fi'),
(1044, 102, 'Histórico'),
(1045, 132, 'Sci-fi'),
(1046, 287, 'Sci-fi infantil'),
(1047, 72, 'Clásico'),
(1048, 109, 'Clásico juvenil'),
(1049, 299, 'Clásico infantil'),
(1050, 165, 'Histórico'),
(1051, 140, 'Sci-fi'),
(1052, 276, 'Histórico'),
(1053, 108, 'Histórico juvenil'),
(1054, 1, 'Crimen'),
(1055, 294, 'Sci-fi'),
(1056, 433, 'Histórico'),
(1057, 342, 'Clásico juvenil'),
(1058, 30, 'Fantasía'),
(1059, 78, 'Clásico'),
(1060, 162, 'Clásico'),
(1061, 34, 'Histórico'),
(1062, 368, 'Clásico juvenil'),
(1063, 212, 'Histórico juvenil'),
(1064, 364, 'Clásico infantil'),
(1065, 484, 'Sci-fi'),
(1066, 310, 'Histórico infantil'),
(1067, 350, 'Sci-fi infantil'),
(1068, 4, 'Histórico'),
(1069, 9, 'Fantasía juvenil'),
(1070, 202, 'Clásico'),
(1071, 113, 'Sci-fi infantil'),
(1072, 178, 'Clásico infantil'),
(1073, 169, 'Fantasía'),
(1074, 245, 'Sci-fi'),
(1075, 149, 'Crimen'),
(1076, 116, 'Crimen'),
(1077, 43, 'Fantasía juvenil'),
(1078, 181, 'Fantasía'),
(1079, 1, 'Histórico'),
(1080, 395, 'Romántica'),
(1081, 192, 'Fantasía'),
(1082, 183, 'Crimen'),
(1083, 83, 'Crimen'),
(1084, 490, 'Clásico'),
(1085, 234, 'Clásico'),
(1086, 5, 'Crimen infantil'),
(1087, 199, 'Fantasía'),
(1088, 226, 'Romántica'),
(1089, 430, 'Sci-fi infantil'),
(1090, 344, 'Sci-fi'),
(1091, 67, 'Crimen juvenil'),
(1092, 469, 'Fantasía'),
(1093, 211, 'Crimen juvenil'),
(1094, 237, 'Romántica'),
(1095, 8, 'Clásico'),
(1096, 4, 'Histórico juvenil'),
(1097, 161, 'Sci-fi juvenil'),
(1098, 281, 'Romántica juvenil'),
(1099, 88, 'Crimen infantil'),
(1100, 490, 'Fantasía'),
(1101, 221, 'Romántica infantil'),
(1102, 415, 'Histórico'),
(1103, 29, 'Clásico'),
(1104, 23, 'Histórico'),
(1105, 409, 'Sci-fi juvenil'),
(1106, 414, 'Clásico'),
(1107, 413, 'Romántica'),
(1108, 375, 'Sci-fi infantil'),
(1109, 488, 'Crimen'),
(1110, 241, 'Histórico infantil'),
(1111, 153, 'Clásico'),
(1112, 16, 'Histórico'),
(1113, 119, 'Romántica infantil'),
(1114, 313, 'Sci-fi'),
(1115, 316, 'Sci-fi juvenil'),
(1116, 418, 'Sci-fi'),
(1117, 138, 'Fantasía'),
(1118, 191, 'Clásico'),
(1119, 71, 'Histórico infantil'),
(1120, 431, 'Sci-fi juvenil'),
(1121, 398, 'Histórico'),
(1122, 87, 'Crimen juvenil'),
(1123, 67, 'Sci-fi'),
(1124, 16, 'Sci-fi juvenil'),
(1125, 173, 'Fantasía infantil'),
(1126, 22, 'Clásico juvenil'),
(1127, 156, 'Romántica'),
(1128, 1, 'Romántica'),
(1129, 187, 'Clásico'),
(1130, 1, 'Histórico juvenil'),
(1131, 2, 'Fantasía'),
(1132, 193, 'Fantasía'),
(1133, 3, 'Histórico'),
(1134, 170, 'Sci-fi'),
(1135, 443, 'Romántica'),
(1136, 495, 'Sci-fi'),
(1137, 18, 'Clásico'),
(1138, 69, 'Romántica infantil'),
(1139, 90, 'Clásico infantil'),
(1140, 372, 'Romántica juvenil'),
(1141, 21, 'Sci-fi infantil'),
(1142, 125, 'Crimen'),
(1143, 398, 'Fantasía'),
(1144, 45, 'Histórico juvenil'),
(1145, 311, 'Fantasía'),
(1146, 320, 'Sci-fi juvenil'),
(1147, 347, 'Sci-fi juvenil'),
(1148, 498, 'Histórico'),
(1149, 270, 'Sci-fi infantil'),
(1150, 135, 'Sci-fi'),
(1151, 332, 'Sci-fi juvenil'),
(1152, 244, 'Sci-fi infantil'),
(1153, 121, 'Fantasía infantil'),
(1154, 83, 'Fantasía'),
(1155, 92, 'Fantasía'),
(1156, 7, 'Histórico infantil'),
(1157, 346, 'Fantasía juvenil'),
(1158, 500, 'Clásico'),
(1159, 82, 'Clásico infantil'),
(1160, 45, 'Clásico infantil'),
(1161, 274, 'Fantasía infantil'),
(1162, 472, 'Histórico'),
(1163, 412, 'Romántica juvenil'),
(1164, 77, 'Clásico infantil'),
(1165, 3, 'Crimen'),
(1166, 120, 'Sci-fi'),
(1167, 289, 'Romántica juvenil'),
(1168, 379, 'Histórico juvenil'),
(1169, 73, 'Fantasía'),
(1170, 129, 'Fantasía infantil'),
(1171, 224, 'Crimen infantil'),
(1172, 9, 'Clásico'),
(1173, 11, 'Sci-fi'),
(1174, 446, 'Histórico'),
(1175, 53, 'Histórico'),
(1176, 27, 'Histórico juvenil'),
(1177, 9, 'Clásico'),
(1178, 268, 'Romántica'),
(1179, 230, 'Sci-fi'),
(1180, 488, 'Sci-fi juvenil'),
(1181, 166, 'Romántica juvenil'),
(1182, 206, 'Histórico juvenil'),
(1183, 128, 'Clásico'),
(1184, 11, 'Crimen'),
(1185, 346, 'Sci-fi'),
(1186, 81, 'Clásico infantil'),
(1187, 147, 'Clásico infantil'),
(1188, 40, 'Crimen juvenil'),
(1189, 29, 'Sci-fi juvenil'),
(1190, 9, 'Fantasía infantil'),
(1191, 440, 'Histórico'),
(1192, 345, 'Sci-fi'),
(1193, 131, 'Clásico'),
(1194, 61, 'Sci-fi infantil'),
(1195, 390, 'Sci-fi infantil'),
(1196, 98, 'Romántica infantil'),
(1197, 104, 'Histórico'),
(1198, 140, 'Clásico'),
(1199, 219, 'Clásico infantil'),
(1200, 245, 'Clásico juvenil');

--
-- Inserting data into table libro
--
INSERT INTO libro(id, titulo, codigo) VALUES
(1, 'Don Qona   ', 'F630IXD815'),
(2, 'Don Qona    y el Antaridge', 'C3QTEO358Q'),
(3, 'Iayu   ', '6347184086'),
(4, 'Iayu    y el asteroide de Don Qona   ', '1X428X67RT'),
(5, 'Trent    y la Antaridge', '5ZH6H87AAH'),
(6, 'Trent   ', 'UX95D70I99'),
(7, 'El asteroide', 'B7KYNM2927'),
(8, 'Camila Hanes  ', '8Y8MLX2AN3'),
(9, 'La estrella', '5W2CYLCJW7'),
(10, 'Camila Hanes   y la Monwoofridge de Iayu   ', 'F90167SEP7'),
(11, 'Coleni   ', 'R14O7E621N'),
(12, 'Coleni    y el Monwoofridge', 'CTI256539F'),
(13, 'Don Coyuzupo Muhari  ', '90N5I75753'),
(14, 'Lord Ada Mora  ', '8M7B4HE423'),
(15, 'Don Fuqi Evers  ', '79OTLYXM4M'),
(16, 'Lord Kim Vutemo  ', '59Y5T38F49'),
(17, 'Don Jonas   ', '13208XI0H1'),
(18, 'La Antaridge de Don Qona   ', 'C971UVQ036'),
(19, 'Tele Yivikigu  ', '612T6ZD5PL'),
(20, 'El satélite de Iayu   ', '1VBGX3AH3S'),
(21, 'Sir Vemuzi Rina  ', '0G6B103V6G'),
(22, 'Don Coyuzupo Muhari   y la Chartoplet de Trent   ', '41S5CE689O'),
(23, 'Lord Ada Mora   y el satélite', 'Z6ITT0ZCS4'),
(24, 'Don Fuqi Evers   y el Chartoplet', 'TJ6989X569'),
(25, 'Lord Kim Vutemo   y la astucia', '0Y751YUAJK'),
(26, 'Don Jonas    y el cinturón de asteroides', '3F6770ACS1'),
(27, 'Tele Yivikigu   y el Prolifiar de Camila Hanes  ', 'Z10200Y6PX'),
(28, 'El Antaridge de Trent   ', 'GXC5MHNNVV'),
(29, 'Sir Vemuzi Rina   y la aventura de Coleni   ', 'I52SJ5SSFK'),
(30, 'Sra. Jazmin   ', '2311S01501'),
(31, 'El Monwoofridge de Camila Hanes  ', 'K56Y6O6QT4'),
(32, 'Sra. Jazmin    y la estrella de Don Coyuzupo Muhari  ', 'U534D7EH53'),
(33, 'Yare Uopo  ', '59J54DK3NF'),
(34, 'Yare Uopo   y el asteroide', 'N294588MEQ'),
(35, 'Sr. Bexi   ', 'G425J38GIZ'),
(36, 'Sir Christen Haney  ', '11RLM78UJ1'),
(37, 'Sr. Maragaret   ', '6WX59T63X6'),
(38, 'Aeva   ', '661Q0V352S'),
(39, 'Sr. Bexi    y el Recordicphone', '5USAC45236'),
(40, 'Oi   ', 'Y7337IOD5L'),
(41, 'Sra. Norbert Vefuna  ', '6DC2E8074G'),
(42, 'Don Iuzakoso   ', 'Q5A7688FS5'),
(43, 'Abbie Haqerolo  ', '2DGZGADHHX'),
(44, 'Lady Melvin   ', '0U5H9PQ7N3'),
(45, 'Sebastian Rika  ', '6FR9UXVQ94'),
(46, 'Sir Christen Haney   y la Prolifiar', 'C18S8POVR5'),
(47, 'Dr. Auxubo Herbert  ', 'S01Q6CITAN'),
(48, 'Sra. Sexu   ', '2D7239Z4VG'),
(49, 'Doña Feso Tiyawo  ', 'CW3W512JCF'),
(50, 'Graig   ', '2CS5801T9L'),
(51, 'Sr. Maragaret    y el amor', '74Q2OX8T10'),
(52, 'Lord Bezo Lececa  ', '9K342ZM4K7'),
(53, 'Aeva    y la Recordicphone', 'QUZ1QA76F5'),
(54, 'Oi    y la Contopexor', 'ONXLH8Q92V'),
(55, 'Korey Ewing  ', 'V6TVG674XD'),
(56, 'Sra. Norbert Vefuna   y la Monoholdphone', '68Z5Q7U28I'),
(57, 'Don Iuzakoso    y la plataforma espacial', '6TXSUA120T'),
(58, 'Don Lawe   ', '99DWYWUXBT'),
(59, 'La Monwoofridge', 'ZM82W432TN'),
(60, 'Zackary   ', '7B9U04HH37'),
(61, 'La plataforma espacial', '9L5Z99A0E9'),
(62, 'Sr. Adah   ', '8MEF202XD5'),
(63, 'Abbie Haqerolo   y el Contopexor', 'N82Y94FT0C'),
(64, 'Scott   ', '262PT9E0Z4'),
(65, 'Sr. Millie Shelley  ', 'LRXJ589RFY'),
(66, 'Spencer   ', 'E4X04MLCI8'),
(67, 'Lord Allen Kodudoda  ', 'CYXD2K22XY'),
(68, 'Lady Melvin    y el Monoholdphone de Lord Ada Mora  ', '180B7RLNTC'),
(69, 'Sebastian Rika   y el asteroide de Don Fuqi Evers  ', '509ZH3AN0P'),
(70, 'Doña Hateja Vallejo  ', '1G628Q66TL'),
(71, 'Tuyi Uesusehohi  ', 'Z65ZTV3XH6'),
(72, 'Adalberto   ', '3FZ5WV08Y0'),
(73, 'Sir Voba Zacahoxu  ', '3Y52TC95AO'),
(74, 'Dr. Ma   ', 'Q72P3JR2K4'),
(75, 'Erwin Shelton  ', 'V0N38WO928'),
(76, 'Dr. Auxubo Herbert   y el Bijectentor de Lord Kim Vutemo  ', 'GY6LY72145'),
(77, 'Pa   ', '56T7D86I5P'),
(78, 'Sra. Sexu    y la estrella de Don Jonas   ', '663935YB60'),
(79, 'Sr. Cleveland Clements  ', '1E7X3ACLFQ'),
(80, 'Luxeha Hankins  ', 'B2F89MSF7W'),
(81, 'Yuma   ', '6FXM6ETK05'),
(82, 'Myrtis   ', '25N098I9W4'),
(83, 'Doña Feso Tiyawo   y el satélite de Tele Yivikigu  ', '1597WS1I70'),
(84, 'Xafa   ', 'UX0X14W21X'),
(85, 'Ambrose Larson  ', 'UK52NM0JM0'),
(86, 'Graig    y la Bijectentor de Sir Vemuzi Rina  ', '30GB9Y47KC'),
(87, 'Dr. Consuelo Penaci  ', '15A9N88ITY'),
(88, 'Lord Bezo Lececa   y el cinturón de asteroides de Sra. Jazmi', '97T63FYATA'),
(89, 'Sra. Mitchell   ', 'K7FHV9BXMP'),
(90, 'Lord Myron Kicuso  ', 'J0U33BFLVB'),
(91, 'Dr. Miki Zijeci  ', '56P966P52K'),
(92, 'Korey Ewing   y la estrella de Yare Uopo  ', '95RHIO1755'),
(93, 'Don Lawe    y el Probandeflet', 'K7XCV1BY2Y'),
(94, 'Alina Blackwood  ', '29HBV730R0'),
(95, 'Zackary    y el Tabcordefscope de Sr. Bexi   ', 'L02K1101Q1'),
(96, 'Sr. Adah    y el Comtectar', 'KRD77088O3'),
(97, 'Rajima   ', 'F0RRIO74N2'),
(98, 'Celina   ', '7J3OJTH935'),
(99, 'Doña Claude   ', 'E0IAY29XI6'),
(100, 'Scott    y la Probandeflet', 'X3IE123IIF'),
(101, 'Sr. Millie Shelley   y el Tabniepra', 'ZC8XCAB9B2'),
(102, 'Spencer    y el viaje de Sir Christen Haney  ', '6J07N1B88P'),
(103, 'Eija Kukohe  ', '2R357146YJ'),
(104, 'Lord Allen Kodudoda   y la plataforma espacial', '75J3761HO0'),
(105, 'Doña Hateja Vallejo   y el Reholdepscope de Sr. Maragaret   ', '6C70Y70K67'),
(106, 'Tuyi Uesusehohi   y la plataforma espacial de Aeva   ', 'GYKNYI8T2R'),
(107, 'Adalberto    y el amor de Oi   ', '5ZTT029E4U'),
(108, 'La estrella', '0D5YV95ER7'),
(109, 'Sir Voba Zacahoxu   y el Mictellewor de Sra. Norbert Vefuna ', 'TAPZ5GO3R3'),
(110, 'Aiko Vece  ', 'INPWV4QM05'),
(111, 'Dr. Ma    y la estrella', '477IUW7B3A'),
(112, 'Vefe   ', '3EQTQ987PE'),
(113, 'Sir Allan   ', '2Y8Q7STD54'),
(114, 'Erwin Shelton   y la Tabcordefscope de Don Iuzakoso   ', 'EQF1AK95O6'),
(115, 'Pa    y el Printculon de Abbie Haqerolo  ', 'ZH3IH0O159'),
(116, 'Lord Yihodudu Zi  ', '0E4UFAU5Q2'),
(117, 'Sr. Cleveland Clements   y la plataforma espacial', 'X0338I8J30'),
(118, 'Luxeha Hankins   y el satélite', '3FMHL35T0Y'),
(119, 'Yuma    y la plataforma espacial', '46B00E8ZRE'),
(120, 'Myrtis    y el Ampcordletra', 'D89IFHZV4Y'),
(121, 'Sra. Finunu   ', 'R6BK4AEGZ9'),
(122, 'Xafa    y la estrella de Lady Melvin   ', '92U81N59I7'),
(123, 'Ambrose Larson   y la Comtectar', 'IRYA3G5FET'),
(124, 'Dr. Consuelo Penaci   y la Tabniepra', 'XUCBS2K7RO'),
(125, 'Sra. Mitchell    y la Reholdepscope', 'X7T2YM0157'),
(126, 'Aabaje Tequqi  ', '55FR05FFE8'),
(127, 'Lady Alvin   ', 'D7930GD54F'),
(128, 'Solane Fegubihi  ', 'WG650234N1'),
(129, 'Lord Myron Kicuso   y la Mictellewor de Sebastian Rika  ', 'HIGD5K1M9J'),
(130, 'Tilda Heredia  ', 'W09V324NV1'),
(131, 'Dr. Miki Zijeci   y la Printculon de Dr. Auxubo Herbert  ', '9QB97216TN'),
(132, 'Alina Blackwood   y el Subbandridge', 'FT308PD2HY'),
(133, 'Ada   ', 'YO61DM667V'),
(134, 'Rajima    y la estrella de Sra. Sexu   ', 'UZ3R9U5ASA'),
(135, 'Celina    y el Charcesseder', 'TPC774MG98'),
(136, 'Doña Claude    y la Ampcordletra de Doña Feso Tiyawo  ', '15189W1ZO3'),
(137, 'Eija Kukohe   y el cinturón de asteroides', 'H23D02R575'),
(138, 'Wumute   ', 'ROYGH58185'),
(139, 'Aiko Vece   y el deseo', '9G75AEY5LB'),
(140, 'Sr. Eipajute   ', 'F776B4ON18'),
(141, 'Jerold   ', 'O9V0RTE615'),
(142, 'La astucia', '0X8I6KF1YL'),
(143, 'Vefe    y la plataforma espacial de Graig   ', '45GOTWFL1S'),
(144, 'Savipa Jozi  ', '2XU9RP9393'),
(145, 'Sir Allan    y la Subbandridge', '7K51352R21'),
(146, 'Lexo   ', '9414CN2821'),
(147, 'Donnie Ezell  ', 'JB1C84FUS1'),
(148, 'Don Delmer   ', 'ZHL3TS6I9Z'),
(149, 'Dr. Tubava Ia  ', 'H9DP71G43F'),
(150, 'Dr. Jacqulyn Koxipo  ', '6HC8UM32J1'),
(151, 'Lord Yihodudu Zi   y el asteroide de Lord Bezo Lececa  ', '2QK8R6R929'),
(152, 'La Chartoplet', 'JMC0ME6JZQ'),
(153, 'Sra. Finunu    y la plataforma espacial', 'G6IZT80YGP'),
(154, 'Aabaje Tequqi   y el Readleinridge de Korey Ewing  ', '3VI85P1YI5'),
(155, 'Po Iegile  ', '7HZ8V2B8UF'),
(156, 'Suzi   ', '9L2412I2S7'),
(157, 'Lady Alvin    y el Cartnieper de Don Lawe   ', 'V7MGV6M7D8'),
(158, 'Solane Fegubihi   y la estrella', '2W5MME8451'),
(159, 'Tilda Heredia   y la Charcesseder', '9M35P63F0Q'),
(160, 'Muli   ', 'JO4ZST4L51'),
(161, 'La Prolifiar', '9H6PHO1F63'),
(162, 'Ada    y el Ampcordimor', '784B2XO025'),
(163, 'El Chartoplet', 'JOVFU49IN5'),
(164, 'Wumute    y el asteroide de Zackary   ', 'X168C0KC18'),
(165, 'Jamaal Qaka  ', '0G490XLHYW'),
(166, 'Sra. Yi Clemmons  ', '771QQX0924'),
(167, 'El Prolifiar', 'C36I7T7B42'),
(168, 'La estrella de Coleni   ', 'Y459SX189B'),
(169, 'Lady Zetta Bequqo  ', 'D3TNLPTM6V'),
(170, 'Sr. Eipajute    y el Stereomuterphone', 'JAO1G8FR26'),
(171, 'Jerold    y la Readleinridge de Sr. Adah   ', '2NSHZ6L620'),
(172, 'Savipa Jozi   y el satélite de Scott   ', '07BE3CWR0K'),
(173, 'Doña Dexaxa   ', 'V8M1KO9TX7'),
(174, 'Lexo    y la plataforma espacial', '3C83S8R219'),
(175, 'Donnie Ezell   y la plataforma espacial', '18Y0580K36'),
(176, 'Don Delmer    y la Cartnieper', '96462L9Y1H'),
(177, 'Dr. Tubava Ia   y la Ampcordimor', '655WE1KC71'),
(178, 'Dr. Jacqulyn Koxipo   y el Readcordar de Sr. Millie Shelley ', 'M406QV90L4'),
(179, 'Po Iegile   y el Monholdewon', 'S9Q942FXI8'),
(180, 'Nazuve   ', 'X1BR4423YR'),
(181, 'Dr. Adolph Blaine  ', 'F47JJ1077Q'),
(182, 'Don Deandre Clemons  ', 'LZILM5313Q'),
(183, 'La plataforma espacial', '5Z509558ZV'),
(184, 'Suzi    y el Projectimer de Spencer   ', 'UR80089403'),
(185, 'Muli    y la Stereomuterphone de Lord Allen Kodudoda  ', 'ATZN58T881'),
(186, 'Holli Reveyo  ', 'MSQZ39L7YS'),
(187, 'Santo   ', 'N44058999R'),
(188, 'Sir Xukizo Gide  ', 'E4H95QG99E'),
(189, 'Lurigi Blair  ', '866873IH4T'),
(190, 'Jamaal Qaka   y la estrella', '7VT0446E48'),
(191, 'El Recordicphone', '6878CMQ202'),
(192, 'Sra. Yi Clemmons   y la plataforma espacial', '3NX0FKI3S5'),
(193, 'Lady Zetta Bequqo   y la Readcordar de Doña Hateja Vallejo  ', '8298FMYW45'),
(194, 'Sra. Omega Valles  ', 'Q58JN5Z051'),
(195, 'Doña Eate   ', 'H2YX36KP5M'),
(196, 'Doña Dexaxa    y el satélite', 'N1OH67L1K3'),
(197, 'Nazuve    y el asteroide de Tuyi Uesusehohi  ', '8FO62S3Y55'),
(198, 'Dr. Adolfo Shepard  ', 'S16VZSXL2C'),
(199, 'Dr. Adolph Blaine   y la Monholdewon', '81A11I17EE'),
(200, 'Don Deandre Clemons   y la plataforma espacial', '8UV6WU4J75'),
(201, 'La plataforma espacial', '8KIT34Z9EZ'),
(202, 'Holli Reveyo   y la plataforma espacial', 'DT345RB9YF'),
(203, 'Santo    y el Ampleupentor de Adalberto   ', 'SFS8E2S6R2'),
(204, 'Sr. Keje Larue  ', '701M9200A7'),
(205, 'Sir Xukizo Gide   y el cinturón de asteroides', '7G729Y7083'),
(206, 'Lord Mireya Mcclure  ', 'AN6966WUU9'),
(207, 'Lurigi Blair   y el cinturón de asteroides', 'GACNYSC663'),
(208, 'Sotimi Xicuxiti  ', 'G1AG3E317X'),
(209, 'Sra. Omega Valles   y el Stereoplotter de Sir Voba Zacahoxu ', 'ZA5N9S5AV2'),
(210, 'Givesu   ', 'R3M52656L7'),
(211, 'Adam Kogusuvu  ', 'YMO3C4HX38'),
(212, 'La Recordicphone', '89V83J227U'),
(213, 'Doña Eate    y la aventura de Dr. Ma   ', '6G2322PU4M'),
(214, 'Dr. Adolfo Shepard   y la plataforma espacial', '5F6T8RH76Z'),
(215, 'Sr. Keje Larue   y el descubrimiento de Erwin Shelton  ', '6IOX3XL6NN'),
(216, 'Sra. Earl   ', 'GDK475YD25'),
(217, 'Henry   ', 'FA7PBFWY1T'),
(218, 'Oohima Dovisutata  ', 'JIELR74WQ4'),
(219, 'Iowe Zukiqihugi  ', '51F3MI98Q7'),
(220, 'Dr. Jose Xavikono  ', '0026T2Z4YJ'),
(221, 'Bert   ', 'IXJL0OGG12'),
(222, 'Lady Amos Hanks  ', 'JEIYQACW22'),
(223, 'Kareem Cleveland  ', 'KJ12JLKV08'),
(224, 'Lord Mireya Mcclure   y el cinturón de asteroides', '78595VV346'),
(225, 'Sotimi Xicuxiti   y la estrella de Pa   ', '9QO332ZC10'),
(226, 'Givesu    y el asteroide', 'G9YK89TG4S'),
(227, 'Dila   ', '85BS5VP6V2'),
(228, 'Adam Kogusuvu   y el Tecordletphone', '6P349YT184'),
(229, 'Sra. Earl    y la plataforma espacial de Sr. Cleveland Cleme', '769039Z1I6'),
(230, 'Dr. Audra Wekexi  ', 'AI98R7FEJG'),
(231, 'Besikomi   ', '7HE7HQFJR3'),
(232, 'Henry    y la estrella de Luxeha Hankins  ', 'J163NHUH4D'),
(233, 'Oohima Dovisutata   y el asteroide', 'E0593VB868'),
(234, 'Aisexi   ', '13C98U1P0U'),
(235, 'Sir Mariela Hinemufa  ', 'H7933Z6161'),
(236, 'Iowe Zukiqihugi   y la estrella de Yuma   ', '01OKPVCP9N'),
(237, 'Kendrick   ', '08IFK3O129'),
(238, 'Dr. Jose Xavikono   y la Projectimer de Myrtis   ', 'V97Z5UJJ33'),
(239, 'Bert    y la estrella', '812YX8F3OY'),
(240, 'Lady Amos Hanks   y la Ampleupentor', '0E7O2607K5'),
(241, 'Kareem Cleveland   y la estrella de Xafa   ', 'P3Y741FM27'),
(242, 'Adela Lo  ', '37O3V9YC74'),
(243, 'La Contopexor de Don Coyuzupo Muhari  ', '1S6040XH35'),
(244, 'La estrella', 'J4PTX3R18B'),
(245, 'Dila    y el cinturón de asteroides', '13ZXB423TN'),
(246, 'Lord Saqofojo   ', 'K1677STIZZ'),
(247, 'Dr. Audra Wekexi   y la Stereoplotter', '9BMLFW5O1P'),
(248, 'Antone   ', '1VY3G6293X'),
(249, 'Besikomi    y la estrella de Ambrose Larson  ', 'WWV9065KV1'),
(250, 'Cari   ', '05TKB6P7X8'),
(251, 'Sr. Fred Herman  ', 'VT3TBIK03Z'),
(252, 'Marisha   ', 'X852K9ZQ69'),
(253, 'Aisexi    y el cinturón de asteroides', 'LZ4T9C8NQQ'),
(254, 'Sir Mariela Hinemufa   y la plataforma espacial', 'KP1F02923L'),
(255, 'Kendrick    y el cinturón de asteroides', 'RS4II41Q15'),
(256, 'Don Hubele Uirurupu  ', 'ZO2T4X46T2'),
(257, 'Adela Lo   y la estrella de Dr. Consuelo Penaci  ', 'K326ZQE377'),
(258, 'Adelaida   ', '73M4AL6G03'),
(259, 'Xazitana Faber  ', '00B390SQR8'),
(260, 'Lady Robby   ', '69KLP6UYOW'),
(261, 'Sir Ned Lash  ', 'YQO183S4M5'),
(262, 'Don Hiqa Van  ', 'R68XFA7GE6'),
(263, 'Lord Saqofojo    y la estrella de Sra. Mitchell   ', '9K6G0QZ6FM'),
(264, 'Lord Nusaxe Gehe  ', '3KO73WGOR2'),
(265, 'Sir Dan Oobopo  ', '8M48NMAKQJ'),
(266, 'Ozella Zavufimi  ', '578ULC892L'),
(267, 'Antone    y la Tecordletphone de Lord Myron Kicuso  ', '6RVRG9NN5P'),
(268, 'Cari    y la Stereowooflet de Dr. Miki Zijeci  ', 'K7E3IS8L88'),
(269, 'Sr. Fred Herman   y la plataforma espacial', 'XOD2376L09'),
(270, 'Marisha    y el cinturón de asteroides', 'L0078123UE'),
(271, 'Don Hubele Uirurupu   y la plataforma espacial de Alina Blac', '35LM300VI2'),
(272, 'Xe Loluvate  ', '25Q14XH429'),
(273, 'Adelaida    y el Stereowooflet de Rajima   ', 'IQV6S274DC'),
(274, 'Xazitana Faber   y la Tweettaridge de Celina   ', 'RFDZH390U1'),
(275, 'Lady Robby    y la Proputlet de Doña Claude   ', 'EZ50CE9Q2N'),
(276, 'Pefojula Vahudi  ', '39KSF7AD0R'),
(277, 'Dr. Conchita Hermann  ', 'R78YVC5N6F'),
(278, 'Sir Ned Lash   y el viaje', '58B43GON40'),
(279, 'Don Hiqa Van   y la Ampjectfiator de Eija Kukohe  ', '5AN6LY06U5'),
(280, 'Diqoqo   ', 'XWGE0T4W84'),
(281, 'Sr. Pearly Pannell  ', 'CKLWQ2429E'),
(282, 'La Monoholdphone de Lord Ada Mora  ', 'HDQ8IL38FP'),
(283, 'Sra. Adan Hanley  ', 'K7Q67V38RU'),
(284, 'Don Pogovina   ', '5Q9T4C46D4'),
(285, 'Lord Nusaxe Gehe   y la venganza', 'P0NB7SY48X'),
(286, 'Sir Dan Oobopo   y la plataforma espacial de Aiko Vece  ', '20E5594E2Y'),
(287, 'Lord Zetuyiga   ', 'N1INV5528M'),
(288, 'Derrick Blais  ', '0F1US79LB5'),
(289, 'Ozella Zavufimi   y la estrella', 'YBQ088OD46'),
(290, 'Henry Sotecemuka  ', '44O8ALH456'),
(291, 'Xe Loluvate   y el Tweettaridge', 'RU6BB6JQ9X'),
(292, 'Pefojula Vahudi   y la estrella', 'ZBS5KXYY2P'),
(293, 'Lady Liyite   ', '9CHJV5R567'),
(294, 'Dr. Conchita Hermann   y la Tweetplottar de Vefe   ', '98UMX6B3R4'),
(295, 'Diqoqo    y la estrella', '4NOQ6371HE'),
(296, 'El Contopexor', 'R02V4C99GY'),
(297, 'Sr. Pearly Pannell   y el cinturón de asteroides', '01G089JMDZ'),
(298, 'Sra. Adan Hanley   y el Proputlet de Sir Allan   ', '63P7JC46D6'),
(299, 'Margherita   ', 'JQ0LKK3U29'),
(300, 'Dr. Willia   ', '5411TNUT65'),
(301, 'Uevu   ', '9A0J8707C5'),
(302, 'Don Pogovina    y la estrella de Lord Yihodudu Zi  ', 'C3IK555CM5'),
(303, 'Don Tabexo Kumadi  ', '3LX8KQ2970'),
(304, 'Lord De   ', 'END8D72TSM'),
(305, 'Voyodehu   ', 'K538B6Z6JE'),
(306, 'Ute   ', '2R25EAW893'),
(307, 'Karol Covulo  ', '5NH36BRQEE'),
(308, 'Lord Zetuyiga    y el asteroide de Sra. Finunu   ', 'PHKERJ9HL8'),
(309, 'Clark   ', '66Z7A0G509'),
(310, 'Yuwoha   ', 'R998G316P6'),
(311, 'Derrick Blais   y el deseo', '588B4KM1EB'),
(312, 'Henry Sotecemuka   y la plataforma espacial', 'DTVM2W219D'),
(313, 'Lady Liyite    y la plataforma espacial', 'MCISFJ56DX'),
(314, 'Tinu Luyofuvu  ', '66VE4I298J'),
(315, 'Margherita    y la plataforma espacial', 'W8927576QK'),
(316, 'El cinturón de asteroides de Don Fuqi Evers  ', '4F2835NH7B'),
(317, 'La plataforma espacial de Lord Kim Vutemo  ', 'T9Z12VTNZN'),
(318, 'Dr. Willia    y la Cleancessentor de Aabaje Tequqi  ', '5I0QLK48U5'),
(319, 'Uevu    y el satélite', '69900C3IS1'),
(320, 'Don Tabexo Kumadi   y la plataforma espacial', 'NQ8P5XOB33'),
(321, 'Lord De    y la estrella', '7FQNI5KJX5'),
(322, 'Ma Jawaro  ', '7AC4988WSQ'),
(323, 'Voyodehu    y el cinturón de asteroides', '4R9TQ584KI'),
(324, 'Angelo Cike  ', '1RHT453336'),
(325, 'Ceho   ', 'Y3S8P2I2O6'),
(326, 'Ute    y la estrella', 'S875706U8L'),
(327, 'Rosann   ', 'Y5L1Q6G45L'),
(328, 'Boyce   ', '3I3L61GS2E'),
(329, 'Karol Covulo   y la Monofindommer', 'B408XL16MK'),
(330, 'Wapodepe Lassiter  ', '5Y833Y6TS5'),
(331, 'La Bijectentor de Don Jonas   ', 'UTDN16JEE5'),
(332, 'Clark    y el Ampjectfiator', 'G4QWH0LX60'),
(333, 'Sunni   ', '46W9YP1SON'),
(334, 'Yuwoha    y la estrella de Lady Alvin   ', 'Q2JPY6JXK8'),
(335, 'Kirby Fagan  ', '98CTWJC692'),
(336, 'Abbie   ', 'VR4S1E94ER'),
(337, 'Tinu Luyofuvu   y el Tweetplottar de Solane Fegubihi  ', '4Q0724CTOF'),
(338, 'El asteroide de Tele Yivikigu  ', '4B225Q07L8'),
(339, 'Dr. Cobeji   ', 'ZIPO6TN9P5'),
(340, 'Niloci Subowe  ', 'M878AW0T2Q'),
(341, 'Ma Jawaro   y el asteroide', 'I1KUUL40F4'),
(342, 'Angelo Cike   y la Charpickedgphone', '9098L5796B'),
(343, 'Ceho    y el satélite', '9536DQ548D'),
(344, 'Sir Xi   ', 'DA50CN4S72'),
(345, 'Ooyeto   ', 'BL0Z9D1K28'),
(346, 'Rosann    y el satélite', 'R19K96M1E7'),
(347, 'Sr. Alfonso Hernandez  ', '9133CJ3YIG'),
(348, 'Boyce    y el cinturón de asteroides de Tilda Heredia  ', 'P337ISWKA8'),
(349, 'Wapodepe Lassiter   y el Cleancessentor de Ada   ', 'V54625FD59'),
(350, 'Azzie Wimuqi  ', '4M86U9VY08'),
(351, 'Taligi Hanlon  ', 'N519EBS361'),
(352, 'Darcie Clevenger  ', 'T075LQ51WJ'),
(353, 'Sunni    y la Mictinlet de Wumute   ', '5P93MUIF89'),
(354, 'Kirby Fagan   y la Supbandinscope de Sr. Eipajute   ', 'M5WT6KZQ1Z'),
(355, 'Abbie    y el Monofindommer', '1R5N6A19SY'),
(356, 'Sra. Malik   ', 'SOBRP9L9K7'),
(357, 'Deti Fahey  ', '8LS6U45043'),
(358, 'Dr. Cobeji    y el Charpickedgphone', '892J4FLJYJ'),
(359, 'Niloci Subowe   y la Monofinder de Jerold   ', 'IZP9Y8M6YQ'),
(360, 'Sir Xi    y el Mictinlet', 'I7M8CN2046'),
(361, 'Abdul Hanna  ', 'P71OX44390'),
(362, 'Ooyeto    y el Supbandinscope', 'OJ5M0WK184'),
(363, 'Sr. Alfonso Hernandez   y el satélite de Savipa Jozi  ', 'PR9627E8F6'),
(364, 'Azzie Wimuqi   y la plataforma espacial de Lexo   ', '07FD2XP9L3'),
(365, 'Don Xijulo   ', '98JMX93WL5'),
(366, 'To   ', 'DIJH4627FS'),
(367, 'Sra. Oalegi Aowa  ', 'K9J873I896'),
(368, 'Doña Buta Yixapisi  ', 'FZGT160FO8'),
(369, 'Taligi Hanlon   y el asteroide', 'D7ZF17M4L1'),
(370, 'Eddie Blake  ', 'H82Q458JXU'),
(371, 'Darcie Clevenger   y el asteroide de Donnie Ezell  ', '3HL0SVU4A7'),
(372, 'Sra. Malik    y la Cartcyclader', '45MUDB1E5Z'),
(373, 'Deti Fahey   y la plataforma espacial', 'A9927LIM46'),
(374, 'Abdul Hanna   y el asteroide de Don Delmer   ', 'Z54JP67E11'),
(375, 'Hugh Mixojuka  ', '2R81E41WGM'),
(376, 'Don Xijulo    y la plataforma espacial de Dr. Tubava Ia  ', '5E2HPSJTO6'),
(377, 'Sir Marlon   ', '1429ENNB4G'),
(378, 'Outowila Qafo  ', '1ZK388VB9N'),
(379, 'To    y la Armbandentor', '05FO5N0CDE'),
(380, 'Sra. Oalegi Aowa   y el Monofinder de Dr. Jacqulyn Koxipo  ', '124A9J5V0A'),
(381, 'Sir Gocewe   ', '26ORNHUJ64'),
(382, 'Doña Buta Yixapisi   y el satélite', '2217CI7371'),
(383, 'Eddie Blake   y el Cartcyclader', 'VA0G8KJ7C5'),
(384, 'Hugh Mixojuka   y el satélite de Po Iegile  ', 'X4DUG77L02'),
(385, 'Veke Shephard  ', '6U371N5732'),
(386, 'Sir Marlon    y la estrella de Suzi   ', 'N7316896RL'),
(387, 'Lady Craig Donoxoje  ', 'FAF79D7JQL'),
(388, 'Outowila Qafo   y la Armleadator de Muli   ', 'VH10YE23T8'),
(389, 'Angelique Zarehi  ', '0NK6ABN5NZ'),
(390, 'Doña Bill   ', '72598G76BI'),
(391, 'Dr. Tommye Fain  ', 'G1P3VCH062'),
(392, 'Diedre   ', 'K4HOL53Z0J'),
(393, 'Sir Gocewe    y la Bilictedgon de Jamaal Qaka  ', '4CA03RYCX9'),
(394, 'Veke Shephard   y la estrella de Sra. Yi Clemmons  ', '74KU098158'),
(395, 'Zuzujo Mccollum  ', 'B0QJ44J9FJ'),
(396, 'Lady Craig Donoxoje   y el Armbandentor de Lady Zetta Bequqo', 'MZ7235K96R'),
(397, 'Angelo   ', 'S1R9NX10U7'),
(398, 'Angelique Zarehi   y la plataforma espacial', 'IPTYP36TVE'),
(399, 'Doña Augustus   ', 'TU741ZFLL3'),
(400, 'Lorenza   ', 'Q8JUUD3N99'),
(401, 'Doña Bill    y el Armleadator', '1P7S4Z9L83'),
(402, 'Dr. Tommye Fain   y la plataforma espacial', '36W3LBW946'),
(403, 'Sra. Abraham Juxitatu  ', 'U6G54113CT'),
(404, 'Diedre    y el Bilictedgon de Doña Dexaxa   ', 'CUO33C3DCD'),
(405, 'Sir Celesta   ', '6VW7I0OP6V'),
(406, 'Ann   ', 'EBJB4435QR'),
(407, 'Don Tommie Natape  ', 'FPZ93DCJXC'),
(408, 'Zuzujo Mccollum   y la Amptellopator de Nazuve   ', '5V82W167UO'),
(409, 'Angelo    y la estrella de Dr. Adolph Blaine  ', 'C3Q546022H'),
(410, 'Doña Augustus    y la Chartectridge', 'G9EMWRC4U3'),
(411, 'Don Cu Jiduvi  ', '736DBO9ROU'),
(412, 'Lorenza    y el Amptellopator', '7C5648E48T'),
(413, 'Oupetate Hannah  ', 'C2XI2P94GS'),
(414, 'Doña Sylvester   ', '2701O5QEMO'),
(415, 'Sra. Abraham Juxitatu   y el Chartectridge de Don Deandre Cl', 'FI3ENAJ3FW'),
(416, 'Jamey   ', '44JNUHQ7QT'),
(417, 'Don Althea Lemipa  ', 'S0W4RJ82F6'),
(418, 'Dr. Nasiza   ', 'L22YBYYW38'),
(419, 'Sir Qiana   ', '63A30YPN0Q'),
(420, 'Sir Celesta    y el Biceivonor', '35R8XOMHI3'),
(421, 'Ann    y el Tweetcordaquar', '38R2KII19A'),
(422, 'Lord Abby   ', '985A7MWMRQ'),
(423, 'Don Tommie Natape   y el Monocessimentor de Holli Reveyo  ', 'L6E7D690N7'),
(424, 'Don Cu Jiduvi   y el viaje', 'RNIR2DUFKR'),
(425, 'Doña Bryant Gara  ', '051OCC38W4'),
(426, 'Ruri Vanburen  ', '3B086PZX9M'),
(427, 'Oupetate Hannah   y el satélite', '83W1BYBE09'),
(428, 'La Probandeflet de Sir Vemuzi Rina  ', 'KFM2ME5D9B'),
(429, 'Muso Fairbanks  ', '97G9Z210J2'),
(430, 'Lord Aline   ', '8B8HZ04IMX'),
(431, 'Doña Sylvester    y el Comcycler', 'K133751LBD'),
(432, 'Jamey    y el Tweetbandimphone de Santo   ', 'Z9A203XBK1'),
(433, 'Don Althea Lemipa   y la plataforma espacial de Sir Xukizo G', '5P1X81MJ4E'),
(434, 'Dr. Nasiza    y la Biceivonor de Lurigi Blair  ', 'LFDDE7348S'),
(435, 'Jeannette Click  ', 'I26HE0J3ZO'),
(436, 'Sir Qiana    y el Charcycledger de Sra. Omega Valles  ', 'PA6339L39A'),
(437, 'Lord Abby    y la Tweetcordaquar', '2X2CZ7Z442'),
(438, 'Doña Bryant Gara   y el cinturón de asteroides', '96684S16IS'),
(439, 'Ruri Vanburen   y el asteroide de Doña Eate   ', '4V2LO8I955'),
(440, 'El asteroide', '1AV6K8IWN0'),
(441, 'Mejo Vowadaku  ', 'GY50MY754B'),
(442, 'Muso Fairbanks   y la plataforma espacial de Dr. Adolfo Shep', 'EW88O2CIHI'),
(443, 'Hye Giga  ', '9A2748NH92'),
(444, 'Sra. Zive   ', '5580UYK12V'),
(445, 'Lord Aline    y el cinturón de asteroides', '5R019L5R75'),
(446, 'Jeannette Click   y la Monocessimentor', '2SATZU6125'),
(447, 'El Monoholdphone', '9QO7SF29UT'),
(448, 'El satélite de Sra. Jazmin   ', 'HT70CE58J1'),
(449, 'Iare   ', '367VLR06Q3'),
(450, 'Don Adan Blakely  ', '576N9I3I4B'),
(451, 'Mejo Vowadaku   y la Comcycler de Sr. Keje Larue  ', 'T5S3V0P4RL'),
(452, 'Hye Giga   y la Tweetbandimphone de Lord Mireya Mcclure  ', '34BJ36C86E'),
(453, 'La plataforma espacial', 'IZLQ7A165J'),
(454, 'Agnes   ', '097F3HT05N'),
(455, 'El cinturón de asteroides de Yare Uopo  ', 'U1T5PTE27Y'),
(456, 'Sra. Zive    y el Cleantinaqura', 'SYGYT5UA46'),
(457, 'Iare    y la estrella', 'K550F2YEJG'),
(458, 'Don Re   ', '9A3IT8397G'),
(459, 'Sra. Kris   ', '3X56XM43U8'),
(460, 'Monty Shepherd  ', '5SMD62833R'),
(461, 'Sr. Noah Vance  ', '0IIE75R14K'),
(462, 'Don Adan Blakely   y la Charcycledger de Sotimi Xicuxiti  ', 'BK580C5T7Z'),
(463, 'Sir Antione   ', 'M3E70SBMR8'),
(464, 'El Bijectentor', '37K766LBZO'),
(465, 'Maude   ', 'T38BA124M6'),
(466, 'Agnes    y el Subjecter', 'Z06Q13180F'),
(467, 'Don Re    y la plataforma espacial', '2F1TO97C88'),
(468, 'Sra. Kris    y el Playbander de Givesu   ', 'EEOJAOM53S'),
(469, 'Monty Shepherd   y la plataforma espacial de Adam Kogusuvu  ', 'XKD599PJEV'),
(470, 'Sr. Noah Vance   y el satélite', '1OI9W6R85I'),
(471, 'Aipote Gebawoxi  ', '99G97YX7E0'),
(472, 'El satélite de Sr. Bexi   ', '0V5XU02B67'),
(473, 'El Probandeflet de Sir Christen Haney  ', '55392RIUVI'),
(474, 'Sir Antione    y el Tabtopepentor de Sra. Earl   ', '566R93LUP9'),
(475, 'Maude    y la estrella', '4921CN1L84'),
(476, 'Aipote Gebawoxi   y la Cleantinaqura', 'R8OQ341HW7'),
(477, 'Au Ievasanu   y el Tabtinscope', 'M607TR61Z7'),
(478, 'La Tabcordefscope de Sr. Maragaret   ', 'YV2B5VZN0Q'),
(479, 'Au Ievasanu  ', 'V5M20W5GSU'),
(480, 'El cinturón de asteroides de Aeva   ', '608QA6M299'),
(481, 'Addie    y la plataforma espacial', '530V9F86MM'),
(482, 'Addie   ', '6DYFV0B1YY'),
(483, 'Jaza Meha  ', '5RK5LH6567'),
(484, 'Qidaqa Tazuwada  ', '6F8Y3590VN'),
(485, 'Jaza Meha   y la estrella', '741HD33C8M'),
(486, 'Qidaqa Tazuwada   y la Subjecter de Henry   ', '1WX9C1Y7U0'),
(487, 'Doña Abel    y la estrella de Oohima Dovisutata  ', '703EP7I45T'),
(488, 'Doña Abel   ', 'C4KZ90C6ZZ'),
(489, 'Adolph Laster   y la Playbander', '40693J5F3C'),
(490, 'Sra. Liniha    y el Readtaer', 'TQICZB72QU'),
(491, 'Adolph Laster  ', '5L95D9XB7B'),
(492, 'Sra. Liniha   ', 'Q8QLG6J3I9'),
(493, 'El asteroide de Oi   ', '8OHH594VSD'),
(494, 'Sr. Renaldo    y la aventura', 'MNP45T9ZPT'),
(495, 'Doña Nojori    y la Tabtopepentor', '77H3JJYA7V'),
(496, 'Sir Chiquita Herndon   y la Tabtinscope de Iowe Zukiqihugi  ', '92AK11O1SR'),
(497, 'Dr. Wuke Sheppard   y el asteroide', '14MX58G5R2'),
(498, 'Sr. Renaldo   ', '0P72790589'),
(499, 'Doña Nojori   ', '27TNO23645'),
(500, 'Sr. Cuvu    y el cinturón de asteroides de Dr. Jose Xavikono', 'W18AHY2341'),
(501, 'Tianna    y la venganza', '99596A02SM'),
(502, 'Sir Chiquita Herndon  ', 'Y386BBY7WN'),
(503, 'El Tabcordefscope', 'GUV30GW769'),
(504, 'Sra. Te    y la estrella', '9M0947O44S'),
(505, 'Sheldon Fulequ   y el Tweetniator', '72T76ZZZ82'),
(506, 'La Comtectar', '81YMK01SC4'),
(507, 'Ae Bogaru   y el satélite', 'W22015L687'),
(508, 'Darrel Pantoja   y el cinturón de asteroides de Bert   ', '6SVBMDA38H'),
(509, 'Dr. Wuke Sheppard  ', 'MX0WO1U1R6'),
(510, 'Sr. Cuvu   ', '6A619M1I83'),
(511, 'Don Abel    y la Readtaer de Lady Amos Hanks  ', 'S9VUY02F54'),
(512, 'Ei Hannon   y la Tweetniator', '69EF0R25WF'),
(513, 'Sra. Tebi    y el asteroide', '8017R2189Q'),
(514, 'Tianna   ', '06X24Z2M86'),
(515, 'Sra. Te   ', 'NMU2F89K98'),
(516, 'El asteroide de Sra. Norbert Vefuna  ', '2T66L2IBJZ'),
(517, 'Doña Quinton    y la Tepicklet de Kareem Cleveland  ', '5E295Y2403'),
(518, 'Sheldon Fulequ  ', '7QV4RPY9L9'),
(519, 'Ae Bogaru  ', '96UG69632U'),
(520, 'Darrel Pantoja  ', '4VK952N37K'),
(521, 'Jerold Clifford   y el cinturón de asteroides de Dila   ', '90YY943187'),
(522, 'Tyrell Mccombs   y la Speakfindgara', 'L0MQ25AWG7'),
(523, 'Don Abel   ', 'XH10PQ86TT'),
(524, 'Doña Gu Yimovi   y la Cartleopra', 'CEYSATXORW'),
(525, 'Magezo    y la astucia de Dr. Audra Wekexi  ', 'XGW5U06J9K'),
(526, 'Ei Hannon  ', 'U498Y682EB'),
(527, 'Lourdes    y el Tepicklet de Besikomi   ', 'JZC80CH4BK'),
(528, 'Sra. Tebi   ', '13K2TA9922'),
(529, 'Doña Quinton   ', 'Z89BOYXIG0'),
(530, 'Dewu    y la estrella de Aisexi   ', '277DFFH4OA'),
(531, 'Jerold Clifford  ', '3H54A9XU35'),
(532, 'Tyrell Mccombs  ', 'T69049WN91'),
(533, 'El viaje de Don Iuzakoso   ', '7NETES890D'),
(534, 'Doña Gu Yimovi  ', 'PC164RCTHP'),
(535, 'Sir Jobo    y el Speakfindgara', '4604IE3160'),
(536, 'Magezo   ', 'EFEK27KM5Y'),
(537, 'Lourdes   ', 'Z5YHI15TCM'),
(538, 'Dewu   ', 'GZJXP7QASJ'),
(539, 'Sir Jobo   ', 'TD79D78U22'),
(540, 'Lady Dannie Polope  ', '6292TBJ0PF'),
(541, 'Lady Dannie Polope   y el satélite de Sir Mariela Hinemufa  ', '18PFRO63XW'),
(542, 'Don Bironeje   ', '551PSRWZOT'),
(543, 'Don Bironeje    y el Cartleopra', '9T4SI620FZ'),
(544, 'Vickie Wacore   y la Subfindlet', 'E5DG4ZIT4L'),
(545, 'Vickie Wacore  ', '9R16FR3HI5'),
(546, 'Muxiba    y el Subfindlet de Kendrick   ', '6MK385IUZA'),
(547, 'Muxiba   ', 'EGR3180U91'),
(548, 'El Comtectar', 'LCE05482VI'),
(549, 'Ci Garo   y el Charmutedry', '51K8R954GK'),
(550, 'Ci Garo  ', '5W06CE4A29'),
(551, 'Doña Yawu Ditu   y el Monoplottry', '8OO39L2I12'),
(552, 'Doña Yawu Ditu  ', 'HMCIFX13J6'),
(553, 'Don Bawise    y el cinturón de asteroides', 'B87154E256'),
(554, 'Don Bawise   ', 'GTP1TW3O2V'),
(555, 'Dr. Cheryll Pape  ', '54S78CYKSZ'),
(556, 'Don Suro   ', '4LXAPDY3KP'),
(557, 'Lord Dixe Latham  ', 'RH0219893P'),
(558, 'Gayle   ', 'RLE8L8M01L'),
(559, 'Dr. Cheryll Pape   y el Anfindscope de Adela Lo  ', '718V058AU4'),
(560, 'Don Suro    y la astucia de Lord Saqofojo   ', '6U54617W45'),
(561, 'Tim   ', 'UF5254AU37'),
(562, 'Lord Dixe Latham   y el Printlifionry', '2258688NH3'),
(563, 'Gayle    y la aventura', 'TBWL8W416G'),
(564, 'El satélite de Abbie Haqerolo  ', 'U3MKW8J5MW'),
(565, 'El satélite de Lady Melvin   ', 'QDKWU8RS58'),
(566, 'Adela Loyaxaqo  ', 'A22HNVG722'),
(567, 'Tim    y la Charmutedry', 'MU1ZOM58PG'),
(568, 'Adela Loyaxaqo   y la Monoplottry', '825CK35U56'),
(569, 'Don Rapi Voxaje  ', '765UP83270'),
(570, 'La estrella de Sebastian Rika  ', 'D4TYK9776H'),
(571, 'Dr. Denis   ', '3B3E5CXV8H'),
(572, 'Don Rapi Voxaje   y el Charmuter de Antone   ', 'QWJ3QC1CAC'),
(573, 'Dr. Denis    y la Anfindscope de Cari   ', '450FE4UQ4D'),
(574, 'Marquetta Kizewoka  ', 'DG3PO83H85'),
(575, 'Marquetta Kizewoka   y el asteroide', '3H82SO876I'),
(576, 'Sr. Santiago   ', 'P28Z7D92D9'),
(577, 'Sr. Santiago    y la Printlifionry de Sr. Fred Herman  ', '49317S49K2'),
(578, 'Sr. Jupuxe Vandyke   y la estrella', 'CX85O39606'),
(579, 'Lord Nowe    y la plataforma espacial de Marisha   ', '0C64NC1512'),
(580, 'La Tabniepra de Dr. Auxubo Herbert  ', 'A2SW249MK6'),
(581, 'Albert    y la Charmuter', 'NVE8MJ8B8A'),
(582, 'El Tabniepra', '7NU8LWWEWW'),
(583, 'Sr. Jupuxe Vandyke  ', '3WN41WWKGE'),
(584, 'Lord Yuduwoqa Picupo   y el satélite de Don Hubele Uirurupu ', '189T9W91I0'),
(585, 'Lord Nowe   ', '6OM975W430'),
(586, 'Albert   ', 'D1484HU832'),
(587, 'Hesi    y la Protopscope', 'G6GFO8D8G6'),
(588, 'Lady Ismael Hose   y la Charcordon de Adelaida   ', 'O39Z5815R9'),
(589, 'El asteroide de Sra. Sexu   ', '87A9S6Z68J'),
(590, 'Marisha    y la Antopor', 'PHC3FSJB60'),
(591, 'Lord Joy Zobusaka   y el deseo', 'MI4K0T5DXR'),
(592, 'Geraldo    y el asteroide', 'Q497II4Y20'),
(593, 'Lord Yuduwoqa Picupo  ', 'NMD264S64B'),
(594, 'Uejoko    y el cinturón de asteroides', 'YE22DS4CX8'),
(595, 'Elisha Hukehuxegu   y la Cartjector', '419HHAL338'),
(596, 'Hesi   ', '8C8CAR5IZL'),
(597, 'Nedati    y el Protopscope de Xazitana Faber  ', '4OZE1Y0JO9'),
(598, 'Lady Ismael Hose  ', '68KO060467'),
(599, 'Marisha   ', 'R96Z7W7P6E'),
(600, 'Don Zijodu Likiqa   y la estrella de Lady Robby   ', '322UZ3IHMR'),
(601, 'Lord Joy Zobusaka  ', '6NV04WL0QQ'),
(602, 'Bao Hukoxa   y el Charcordon de Sir Ned Lash  ', 'WDVFF24PV8'),
(603, 'Geraldo   ', '537811A4G7'),
(604, 'Lisago    y el satélite', 'C3RG12236L'),
(605, 'Poba    y la estrella de Don Hiqa Van  ', '8577035M6O'),
(606, 'Uejoko   ', '674MP0674C'),
(607, 'Gilbert    y el amor', 'Z5V20L915D'),
(608, 'Elisha Hukehuxegu  ', '9R4UK7FJ70'),
(609, 'Gwen    y el cinturón de asteroides de Lord Nusaxe Gehe  ', 'PM7N3W9RAG'),
(610, 'Nedati   ', 'PPWX32396R'),
(611, 'Don Zijodu Likiqa  ', 'F1AZDINLDS'),
(612, 'Jermaine    y el cinturón de asteroides', '2C55P2F592'),
(613, 'Bao Hukoxa  ', '5XBV172RS9'),
(614, 'Lisago   ', 'FDS1IEL0GI'),
(615, 'Deadra Herrera   y la estrella de Sir Dan Oobopo  ', '5CQ6GD866E'),
(616, 'Katy    y la Anputscope', 'W7O830HJ57'),
(617, 'Sir Adelaida Mcconnell   y la estrella de Ozella Zavufimi  ', 'B189NDE01A'),
(618, 'Poba   ', '854Q43C848'),
(619, 'Gilbert   ', '1BO5J16SR5'),
(620, 'Sr. Ina Pappas   y la plataforma espacial', 'Z0NGRF4LW9'),
(621, 'Doña Zokoyi    y el asteroide', 'F9V0S20XX7'),
(622, 'Gwen   ', '1TKI6V03LE'),
(623, 'Jermaine   ', 'PH9I48J6H6'),
(624, 'Deadra Herrera  ', '7T6UU0J583'),
(625, 'Joycelyn    y el cinturón de asteroides de Xe Loluvate  ', 'KP6QTFB8Y8'),
(626, 'Katy   ', 'Q9DY216Q2C'),
(627, 'Lord Keduse Vufami   y la Charculaquon', '069FNX09ED'),
(628, 'Sir Adelaida Mcconnell  ', '7DWWJ87XHP'),
(629, 'El Reholdepscope', '9420ZL0O6L'),
(630, 'Sr. Ina Pappas  ', '0P6I6G8SKL'),
(631, 'Don Tuye Iaka   y el satélite de Pefojula Vahudi  ', '880W3Z59S1'),
(632, 'Don Calvin    y el Antopor', '572TZZCWGX'),
(633, 'Doña Zokoyi   ', 'PW9C2EGB0C'),
(634, 'Joycelyn   ', 'L5RBTHY754'),
(635, 'Lord Keduse Vufami  ', 'Z4B16A8821'),
(636, 'Sra. Jole Fiwixopa   y el Cartjector', '88SLF5KX45'),
(637, 'Don Tuye Iaka  ', 'XPMO3R2147'),
(638, 'Lady Fepixale Fairchild   y la Rejector', 'O35Q01QOWS'),
(639, 'Dr. Gapuwe    y el cinturón de asteroides', 'A95QOW4C12'),
(640, 'Don Calvin   ', 'AWQ493X1P6'),
(641, 'Sra. Jole Fiwixopa  ', 'D98QB014C0'),
(642, 'Lady Gonatowo Mccool   y la Anceivgaer de Dr. Conchita Herma', 'E97564PJ46'),
(643, 'Lady Fepixale Fairchild  ', '906B83Q1HF'),
(644, 'El Mictellewor de Doña Feso Tiyawo  ', 'R399471VR0'),
(645, 'Dr. Gapuwe   ', '2NN5UZXGT4'),
(646, 'Lady Gonatowo Mccool  ', 'W777B1O36D'),
(647, 'La estrella', '01YJ6VAR8Q'),
(648, 'Lord Valentine   ', '09J3FC2C26'),
(649, 'Nella Qafolefo  ', '21S437C450'),
(650, 'Pakuge   ', 'QH6DD781ZW'),
(651, 'Lord Valentine    y la estrella de Diqoqo   ', 'F154UOK921'),
(652, 'Nella Qafolefo   y la Protectefon de Sr. Pearly Pannell  ', '4556GL2BLQ'),
(653, 'Pakuge    y la Proculphone de Sra. Adan Hanley  ', 'DO37087H0G'),
(654, 'Eiyopu    y la estrella de Don Pogovina   ', '828GR1LK9V'),
(655, 'Sra. Peya    y la Comlictfier', '86U6J92701'),
(656, 'Dr. Raymundo Paquette   y el cinturón de asteroides', '222YL3J9F8'),
(657, 'Eiyopu   ', '4708KF6V43'),
(658, 'La Reholdepscope', '9T1207QL11'),
(659, 'Pi    y el satélite', '03G6WH9P2S'),
(660, 'Sra. Peya   ', '87HJ13223B'),
(661, 'Iotavo    y la Tewoofer', '819K1G9E34'),
(662, 'Dr. Raymundo Paquette  ', '4BCW8BZ4C7'),
(663, 'Pi   ', '5239UW4LMP'),
(664, 'Sr. Eifiki    y el Anputscope', 'L4A74XWZ95'),
(665, 'Iotavo   ', '5CC25A6S50'),
(666, 'Sr. Eifiki   ', 'L86NFVZH2M'),
(667, 'Didici   ', '21F4C3U2XJ'),
(668, 'La Mictellewor', '2QJ8SGR4VB'),
(669, 'Didici    y la plataforma espacial de Lord Zetuyiga   ', 'UPJBW3404K'),
(670, 'Augustine    y la Transputor', 'VU8E8D8225'),
(671, 'La plataforma espacial', '1JX76U60Z2'),
(672, 'Augustine   ', 'M55S6ZZ6PW'),
(673, 'Justine Fakore  ', 'OZP5Y000Y3'),
(674, 'El cinturón de asteroides', '66UAMO6SV9'),
(675, 'Justine Fakore   y la Comlifier de Derrick Blais  ', '6B60K31FJN'),
(676, 'Shelba Xuheda  ', 'HC0EBL35D1'),
(677, 'Sir Xokafu   ', 'R5V31BU846'),
(678, 'Shelba Xuheda   y el viaje', '8I767T544K'),
(679, 'Sir Xokafu    y el Charculaquon', '2ZBC18EZ42'),
(680, 'Dr. Yubo    y la Tabbandfier de Henry Sotecemuka  ', 'SI76KB2S55'),
(681, 'Wane Hansen   y el Rejector', 'S1O2WA0V6F'),
(682, 'Dr. Yubo   ', 'QCF3KC3NM0'),
(683, 'Wane Hansen  ', 'A8I430R556'),
(684, 'Zofia    y la estrella de Lady Liyite   ', '119GKUJID6'),
(685, 'Sr. Vixi Uecutola   y la plataforma espacial', '7UC6S126VL'),
(686, 'Zofia   ', '3E58301E10'),
(687, 'Don Bekabuzi    y la estrella', '6P1T628GID'),
(688, 'Sr. Vixi Uecutola  ', '5X2M9949P9'),
(689, 'La Printculon', '903OJB8WR9'),
(690, 'Qomidiwi    y la Tabculaquator', '1FID3PDSNE'),
(691, 'Don Bekabuzi   ', 'SC73K08PR5'),
(692, 'Lord Gu Xegasu   y la plataforma espacial de Margherita   ', 'VI77W36UTI'),
(693, 'Qomidiwi   ', '0A55Y1EP80'),
(694, 'Sr. Aukaxi    y la Printpickadlet de Dr. Willia   ', 'GE77P4X8D8'),
(695, 'Doña Rudavu Lupe   y la estrella de Uevu   ', 'F55E7A40TK'),
(696, 'Lord Gu Xegasu  ', 'T6G07DM0H1'),
(697, 'Sr. Aukaxi   ', '1DUJ05G7U6'),
(698, 'Dr. Troy    y la plataforma espacial de Don Tabexo Kumadi  ', 'BB37TI4148'),
(699, 'Doña Rudavu Lupe  ', '1E8P83E706'),
(700, 'Dr. Troy   ', '0S4L63L827'),
(701, 'Lady Euli Jaromu  ', '8R69788DL9'),
(702, 'Ne Bufo  ', '9047YP3K31'),
(703, 'La Ampcordletra de Graig   ', '482084QJ9L'),
(704, 'Lady Euli Jaromu   y el cinturón de asteroides de Lord De   ', '71BTPZL73Y'),
(705, 'Ne Bufo   y el Anceivgaer de Voyodehu   ', '3UKOQ2NVC5'),
(706, 'Dr. Reyuxu Cowuso   y la Supcordon', 'C5C5Y06T83'),
(707, 'Lord Abdul Bihovo   y el Protectefon de Ute   ', '536D4Q4T22'),
(708, 'Dr. Reyuxu Cowuso  ', 'WDR63P98O3'),
(709, 'Lord Abdul Bihovo  ', '513F497HW8'),
(710, 'Uiwe    y la estrella de Karol Covulo  ', 'I524DK4HL2'),
(711, 'La plataforma espacial', '7Z2EW01MKE'),
(712, 'Uiwe   ', 'H62XW41UI9'),
(713, 'Don Bu   ', '9U06GH5NA5'),
(714, 'Don Bu    y el Proculphone', 'A1AKF2390D'),
(715, 'Jonna Lapifu  ', 'ZL08FRW184'),
(716, 'Wa   ', 'T0116ZY127'),
(717, 'Sra. Qajo   ', '6004Q1B376'),
(718, 'Sir Qica Fairley  ', '31ZCFXD4TE'),
(719, 'Jonna Lapifu   y el Comlictfier', 'J8P98G3W83'),
(720, 'Caqo Blalock  ', '4SB45N2812'),
(721, 'La Subbandridge', 'MXS5B302A7'),
(722, 'Sra. Haxewe   ', '76M32KH735'),
(723, 'Gotini Sodageja  ', 'KG83H2T1GN'),
(724, 'Wa    y la Armtafiar de Clark   ', '6327LG2OT4'),
(725, 'Albertina Hanson  ', 'U8Z52WRT4K'),
(726, 'Sra. Qajo    y la plataforma espacial', '8XL077YRD1'),
(727, 'Sir Qica Fairley   y el Tewoofer', '91A4HS46L1'),
(728, 'Caqo Blalock   y la plataforma espacial', 'LNF1LV7STI'),
(729, 'Lord Rico   ', '1GH88O4G3Q'),
(730, 'Zoro   ', '2DPFA16M60'),
(731, 'Sra. Haxewe    y la estrella', 'L150C23R5S'),
(732, 'Gotini Sodageja   y el Transputor', 'EANRAAXE3E'),
(733, 'Albertina Hanson   y el satélite', '99U9BS5433'),
(734, 'Creola   ', '39YEUFN4GX'),
(735, 'Eege   ', '9RUM739711'),
(736, 'El cinturón de asteroides de Lord Bezo Lececa  ', 'RO2BP76Y13'),
(737, 'Lord Rico    y el Comlifier', 'SEC17F48QB'),
(738, 'La Charcesseder', '04X352787E'),
(739, 'El Printculon', 'TKV5LYL424'),
(740, 'Zoro    y el amor', '92TS44G6K9'),
(741, 'Razu Qigoju  ', 'WV2Y7PK399'),
(742, 'Creola    y la Tetary', 'TNY3JEWZ68'),
(743, 'Eege    y el asteroide de Yuwoha   ', 'M6H47342NA'),
(744, 'Qixeyo Mccord  ', 'F93G0LM05W'),
(745, 'Razu Qigoju   y el asteroide', '7PI5L3T2J6'),
(746, 'Qixeyo Mccord   y el amor', '615812R5X7'),
(747, 'Don Geyexa   ', 'OP1R3F078M'),
(748, 'Don Geyexa    y la Ampbandgaer de Tinu Luyofuvu  ', '14A4B4C90G'),
(749, 'Lady Pina    y la plataforma espacial de Ma Jawaro  ', 'K7FJL4A2T7'),
(750, 'Lady Pina   ', '4085G44U07'),
(751, 'Lady Rashad   ', '94BPDTMCC2'),
(752, 'Lady Honey   ', 'ZK7H37QB7X'),
(753, 'Sr. Aijode Latimer  ', 'UCRBGD77Q5'),
(754, 'Lady Rashad    y la plataforma espacial de Angelo Cike  ', '6CDY33763A'),
(755, 'Carmen   ', 'V340WBH2X3'),
(756, 'Lady Honey    y el Tabbandfier de Ceho   ', '9V10PW300Y'),
(757, 'Lady Alexis Zorifu  ', 'TX03N7BHNS'),
(758, 'Iaye   ', 'CWLUG7MCP1'),
(759, 'Sr. Quinton   ', '59M3X40K1Z'),
(760, 'Sr. Aijode Latimer   y el satélite de Rosann   ', '1A3U2QKT8U'),
(761, 'Carmen    y la plataforma espacial de Boyce   ', 'MQT8Q4169K'),
(762, 'Don Lalo   ', '39U955ZQ71'),
(763, 'Lady Alexis Zorifu   y la plataforma espacial de Wapodepe La', 'Q76GS2HTB1'),
(764, 'Iaye    y la Comcordentor', 'C4QN5YXN5O'),
(765, 'Sr. Quinton    y el asteroide de Sunni   ', 'EQZK7A88NI'),
(766, 'Don Lalo    y el Tabculaquator de Kirby Fagan  ', 'HTW0LQ80HK'),
(767, 'Sir Adella Sheridan  ', 'LA971H5YK1'),
(768, 'Sir Adella Sheridan   y el satélite de Abbie   ', 'UZ1Y2IJ2V4'),
(769, 'Iaridu    y la plataforma espacial de Dr. Cobeji   ', 'YZPERRXE72'),
(770, 'Iaridu   ', 'GHW22I5G1B'),
(771, 'Arcelia   ', '7HM7E4J23F'),
(772, 'Arcelia    y la estrella', '2B0L0I35QP'),
(773, 'Doña Adam   ', '84A54F2O16'),
(774, 'La estrella de Korey Ewing  ', 'E6WN1KH35Y'),
(775, 'Doña Adam    y la Readholdexon', '6XFZSWD6E8'),
(776, 'Don Frederica    y el amor de Niloci Subowe  ', 'WP84781S3G'),
(777, 'Rey Colomi   y la estrella de Sir Xi   ', '0QLMJ1N8P9'),
(778, 'Don Frederica   ', '97GBK94D4O'),
(779, 'Rey Colomi  ', '590LJJ933A'),
(780, 'Barbara Niwa  ', 'K6EOW15207'),
(781, 'La Readleinridge de Don Lawe   ', '22839050TA'),
(782, 'Lady Albertine   ', '5FN2I5L4OS'),
(783, 'Bazize   ', '7FAR2800TH'),
(784, 'Barbara Niwa   y la estrella', 'AG08Q96JT5'),
(785, 'Lady Albertine    y la Comleewator', '2I3Y2VO021'),
(786, 'Misa Faison  ', 'V3N910AOB1'),
(787, 'Doña Nigel   ', 'Q1Z48D9WT9'),
(788, 'Doña Nojeku Herrick  ', '9K72RK3843'),
(789, 'Bazize    y la plataforma espacial de Ooyeto   ', '42EEIJ126V'),
(790, 'Misa Faison   y la estrella', '4I04FK2V13'),
(791, 'Sra. Bruce Uopi  ', '0N962HW60Y'),
(792, 'Doña Nigel    y el amor', '9QZ557IKB6'),
(793, 'Loren Clifton  ', 'A200G5TF74'),
(794, 'Dr. Nawi   ', 'KHN14L3VG3'),
(795, 'Brandee   ', 'WO9TSYN932'),
(796, 'Doña Nojeku Herrick   y la Tweettinar de Sr. Alfonso Hernand', 'Z0S2B30J8Y'),
(797, 'Jozate   ', '2C6W0T11X1'),
(798, 'Bawiruci   ', 'G823R17492'),
(799, 'Sra. Bruce Uopi   y el satélite', 'LSA9R72K0F'),
(800, 'Loren Clifton   y la Tabmutewer de Azzie Wimuqi  ', 'UQ0DX27EAT');

--
-- Inserting data into table material_de_estudio
--
INSERT INTO material_de_estudio(id, id_libro) VALUES
(1, 1),
(2, 2),
(3, 3),
(4, 4),
(5, 5),
(6, 6),
(7, 7),
(8, 8),
(9, 9),
(10, 10),
(11, 11),
(12, 12),
(13, 13),
(14, 14),
(15, 15),
(16, 16),
(17, 17),
(18, 18),
(19, 19),
(20, 20),
(21, 21),
(22, 22),
(23, 23),
(24, 24),
(25, 25),
(26, 26),
(27, 27),
(28, 28),
(29, 29),
(30, 30),
(31, 31),
(32, 32),
(33, 33),
(34, 34),
(35, 35),
(36, 36),
(37, 37),
(38, 38),
(39, 39),
(40, 40),
(41, 41),
(42, 42),
(43, 43),
(44, 44),
(45, 45),
(46, 46),
(47, 47),
(48, 48),
(49, 49),
(50, 50),
(51, 51),
(52, 52),
(53, 53),
(54, 54),
(55, 55),
(56, 56),
(57, 57),
(58, 58),
(59, 59),
(60, 60),
(61, 61),
(62, 62),
(63, 63),
(64, 64),
(65, 65),
(66, 66),
(67, 67),
(68, 68),
(69, 69),
(70, 70),
(71, 71),
(72, 72),
(73, 73),
(74, 74),
(75, 75),
(76, 76),
(77, 77),
(78, 78),
(79, 79),
(80, 80),
(81, 81),
(82, 82),
(83, 83),
(84, 84),
(85, 85),
(86, 86),
(87, 87),
(88, 88),
(89, 89),
(90, 90),
(91, 91),
(92, 92),
(93, 93),
(94, 94),
(95, 95),
(96, 96),
(97, 97),
(98, 98),
(99, 99),
(100, 100),
(101, 101),
(102, 102),
(103, 103),
(104, 104),
(105, 105),
(106, 106),
(107, 107),
(108, 108),
(109, 109),
(110, 110),
(111, 111),
(112, 112),
(113, 113),
(114, 114),
(115, 115),
(116, 116),
(117, 117),
(118, 118),
(119, 119),
(120, 120),
(121, 121),
(122, 122),
(123, 123),
(124, 124),
(125, 125),
(126, 126),
(127, 127),
(128, 128),
(129, 129),
(130, 130),
(131, 131),
(132, 132),
(133, 133),
(134, 134),
(135, 135),
(136, 136),
(137, 137),
(138, 138),
(139, 139),
(140, 140),
(141, 141),
(142, 142),
(143, 143),
(144, 144),
(145, 145),
(146, 146),
(147, 147),
(148, 148),
(149, 149),
(150, 150),
(151, 151),
(152, 152),
(153, 153),
(154, 154),
(155, 155),
(156, 156),
(157, 157),
(158, 158),
(159, 159),
(160, 160),
(161, 161),
(162, 162),
(163, 163),
(164, 164),
(165, 165),
(166, 166),
(167, 167),
(168, 168),
(169, 169),
(170, 170),
(171, 171),
(172, 172),
(173, 173),
(174, 174),
(175, 175),
(176, 176),
(177, 177),
(178, 178),
(179, 179),
(180, 180),
(181, 181),
(182, 182),
(183, 183),
(184, 184),
(185, 185),
(186, 186),
(187, 187),
(188, 188),
(189, 189),
(190, 190),
(191, 191),
(192, 192),
(193, 193),
(194, 194),
(195, 195),
(196, 196),
(197, 197),
(198, 198),
(199, 199),
(200, 200),
(201, 201),
(202, 202),
(203, 203),
(204, 204),
(205, 205),
(206, 206),
(207, 207),
(208, 208),
(209, 209),
(210, 210),
(211, 211),
(212, 212),
(213, 213),
(214, 214),
(215, 215),
(216, 216),
(217, 217),
(218, 218),
(219, 219),
(220, 220),
(221, 221),
(222, 222),
(223, 223),
(224, 224),
(225, 225),
(226, 226),
(227, 227),
(228, 228),
(229, 229),
(230, 230),
(231, 231),
(232, 232),
(233, 233),
(234, 234),
(235, 235),
(236, 236),
(237, 237),
(238, 238),
(239, 239),
(240, 240),
(241, 241),
(242, 242),
(243, 243),
(244, 244),
(245, 245),
(246, 246),
(247, 247),
(248, 248),
(249, 249),
(250, 250),
(251, 251),
(252, 252),
(253, 253),
(254, 254),
(255, 255),
(256, 256),
(257, 257),
(258, 258),
(259, 259),
(260, 260),
(261, 261),
(262, 262),
(263, 263),
(264, 264),
(265, 265),
(266, 266),
(267, 267),
(268, 268),
(269, 269),
(270, 270),
(271, 271),
(272, 272),
(273, 273),
(274, 274),
(275, 275),
(276, 276),
(277, 277),
(278, 278),
(279, 279),
(280, 280),
(281, 281),
(282, 282),
(283, 283),
(284, 284),
(285, 285),
(286, 286),
(287, 287),
(288, 288),
(289, 289),
(290, 290),
(291, 291),
(292, 292),
(293, 293),
(294, 294),
(295, 295),
(296, 296),
(297, 297),
(298, 298),
(299, 299),
(300, 300);

--
-- Inserting data into table materias
--
INSERT INTO materias(id, id_material_de_estudio, materia) VALUES
(1, 42, 'Comunicaciones'),
(2, 177, 'Historia'),
(3, 2, 'Teoría de cuerdas'),
(4, 86, 'Filosofía'),
(5, 104, 'Comunicaciones'),
(6, 171, 'Geología'),
(7, 189, 'Ciencia espacial'),
(8, 116, 'Biología'),
(9, 135, 'Ciencia espacial'),
(10, 76, 'Matemáticas'),
(11, 221, 'Ciencia espacial'),
(12, 58, 'Física cuántica'),
(13, 74, 'Robótica'),
(14, 161, 'Filosofía'),
(15, 200, 'Bases de datos'),
(16, 91, 'Astrofísica'),
(17, 253, 'Geología'),
(18, 113, 'Matemáticas'),
(19, 146, 'Comunicaciones'),
(20, 300, 'Geología'),
(21, 286, 'Programación'),
(22, 102, 'Geología'),
(23, 283, 'Física cuántica'),
(24, 108, 'Geología'),
(25, 129, 'Ciencia espacial'),
(26, 228, 'Comunicaciones'),
(27, 135, 'Ciencia espacial'),
(28, 81, 'Física cuántica'),
(29, 43, 'Comunicaciones'),
(30, 102, 'Programación'),
(31, 118, 'Matemáticas'),
(32, 117, 'Matemáticas'),
(33, 280, 'Comunicaciones'),
(34, 179, 'Robótica'),
(35, 5, 'Matemáticas'),
(36, 285, 'Robótica'),
(37, 29, 'Materia oscura'),
(38, 269, 'Física cuántica'),
(39, 270, 'Matemáticas'),
(40, 5, 'Filología'),
(41, 98, 'Programación'),
(42, 274, 'Bases de datos'),
(43, 86, 'Teoría de cuerdas'),
(44, 93, 'Historia'),
(45, 210, 'Comunicaciones'),
(46, 11, 'Teoría de cuerdas'),
(47, 281, 'Programación'),
(48, 3, 'Robótica'),
(49, 239, 'Bases de datos'),
(50, 29, 'Ciencia espacial'),
(51, 4, 'Redes'),
(52, 198, 'Bases de datos'),
(53, 210, 'Filosofía'),
(54, 51, 'Filosofía'),
(55, 216, 'Biología'),
(56, 6, 'Matemáticas'),
(57, 131, 'Redes'),
(58, 72, 'Redes'),
(59, 25, 'Biología'),
(60, 215, 'Bases de datos'),
(61, 197, 'Filosofía'),
(62, 33, 'Geología'),
(63, 36, 'Filosofía'),
(64, 93, 'Física cuántica'),
(65, 19, 'Robótica'),
(66, 5, 'Biología'),
(67, 45, 'Filología'),
(68, 5, 'Ciencia espacial'),
(69, 1, 'Matemáticas'),
(70, 215, 'Redes'),
(71, 74, 'Redes'),
(72, 278, 'Redes'),
(73, 135, 'Bases de datos'),
(74, 283, 'Filosofía'),
(75, 251, 'Bases de datos'),
(76, 9, 'Redes'),
(77, 108, 'Biología'),
(78, 83, 'Materia oscura'),
(79, 256, 'Redes'),
(80, 139, 'Historia'),
(81, 122, 'Bases de datos'),
(82, 143, 'Robótica'),
(83, 2, 'Redes'),
(84, 163, 'Física cuántica'),
(85, 297, 'Materia oscura'),
(86, 187, 'Astrofísica'),
(87, 81, 'Bases de datos'),
(88, 54, 'Comunicaciones'),
(89, 2, 'Filología'),
(90, 280, 'Programación'),
(91, 224, 'Geología'),
(92, 205, 'Historia'),
(93, 117, 'Redes'),
(94, 165, 'Filosofía'),
(95, 182, 'Historia'),
(96, 270, 'Redes'),
(97, 145, 'Redes'),
(98, 51, 'Geología'),
(99, 288, 'Historia'),
(100, 11, 'Ciencia espacial'),
(101, 35, 'Redes'),
(102, 223, 'Filología'),
(103, 167, 'Geología'),
(104, 245, 'Bases de datos'),
(105, 228, 'Matemáticas'),
(106, 258, 'Filosofía'),
(107, 135, 'Biología'),
(108, 287, 'Redes'),
(109, 171, 'Programación'),
(110, 97, 'Redes'),
(111, 127, 'Matemáticas'),
(112, 120, 'Historia'),
(113, 112, 'Bases de datos'),
(114, 202, 'Ciencia espacial'),
(115, 162, 'Teoría de cuerdas'),
(116, 202, 'Geología'),
(117, 49, 'Redes'),
(118, 279, 'Programación'),
(119, 8, 'Física cuántica'),
(120, 7, 'Teoría de cuerdas'),
(121, 5, 'Biología'),
(122, 134, 'Bases de datos'),
(123, 16, 'Filología'),
(124, 129, 'Filosofía'),
(125, 85, 'Ciencia espacial'),
(126, 29, 'Filosofía'),
(127, 138, 'Biología'),
(128, 120, 'Ciencia espacial'),
(129, 94, 'Filosofía'),
(130, 76, 'Geología'),
(131, 23, 'Bases de datos'),
(132, 239, 'Filosofía'),
(133, 213, 'Filología'),
(134, 295, 'Redes'),
(135, 174, 'Redes'),
(136, 121, 'Matemáticas'),
(137, 44, 'Astrofísica'),
(138, 40, 'Física cuántica'),
(139, 7, 'Comunicaciones'),
(140, 282, 'Astrofísica'),
(141, 191, 'Filología'),
(142, 16, 'Filosofía'),
(143, 116, 'Materia oscura'),
(144, 136, 'Materia oscura'),
(145, 204, 'Astrofísica'),
(146, 240, 'Teoría de cuerdas'),
(147, 149, 'Historia'),
(148, 299, 'Geología'),
(149, 86, 'Bases de datos'),
(150, 30, 'Redes'),
(151, 41, 'Filología'),
(152, 40, 'Robótica'),
(153, 153, 'Robótica'),
(154, 228, 'Ciencia espacial'),
(155, 117, 'Materia oscura'),
(156, 186, 'Teoría de cuerdas'),
(157, 162, 'Historia'),
(158, 6, 'Física cuántica'),
(159, 245, 'Ciencia espacial'),
(160, 28, 'Bases de datos'),
(161, 125, 'Comunicaciones'),
(162, 150, 'Programación'),
(163, 46, 'Ciencia espacial'),
(164, 223, 'Física cuántica'),
(165, 68, 'Materia oscura'),
(166, 138, 'Redes'),
(167, 254, 'Matemáticas'),
(168, 6, 'Física cuántica'),
(169, 1, 'Teoría de cuerdas'),
(170, 244, 'Física cuántica'),
(171, 246, 'Astrofísica'),
(172, 49, 'Física cuántica'),
(173, 6, 'Astrofísica'),
(174, 119, 'Programación'),
(175, 99, 'Teoría de cuerdas'),
(176, 276, 'Teoría de cuerdas'),
(177, 300, 'Redes'),
(178, 94, 'Bases de datos'),
(179, 26, 'Programación'),
(180, 288, 'Materia oscura'),
(181, 93, 'Comunicaciones'),
(182, 37, 'Comunicaciones'),
(183, 176, 'Astrofísica'),
(184, 182, 'Filosofía'),
(185, 95, 'Filología'),
(186, 193, 'Matemáticas'),
(187, 77, 'Geología'),
(188, 215, 'Programación'),
(189, 44, 'Bases de datos'),
(190, 284, 'Historia'),
(191, 21, 'Filología'),
(192, 260, 'Programación'),
(193, 9, 'Redes'),
(194, 296, 'Filología'),
(195, 13, 'Ciencia espacial'),
(196, 92, 'Historia'),
(197, 268, 'Historia'),
(198, 208, 'Filosofía'),
(199, 97, 'Filosofía'),
(200, 24, 'Geología'),
(201, 115, 'Robótica'),
(202, 124, 'Redes'),
(203, 41, 'Redes'),
(204, 2, 'Biología'),
(205, 76, 'Comunicaciones'),
(206, 26, 'Filología'),
(207, 20, 'Matemáticas'),
(208, 269, 'Filología'),
(209, 70, 'Bases de datos'),
(210, 21, 'Filología'),
(211, 68, 'Astrofísica'),
(212, 162, 'Geología'),
(213, 216, 'Bases de datos'),
(214, 138, 'Materia oscura'),
(215, 43, 'Filología'),
(216, 186, 'Teoría de cuerdas'),
(217, 166, 'Matemáticas'),
(218, 289, 'Astrofísica'),
(219, 5, 'Robótica'),
(220, 19, 'Filología'),
(221, 234, 'Filología'),
(222, 51, 'Ciencia espacial'),
(223, 222, 'Bases de datos'),
(224, 126, 'Física cuántica'),
(225, 69, 'Física cuántica'),
(226, 288, 'Redes'),
(227, 274, 'Astrofísica'),
(228, 256, 'Filología'),
(229, 86, 'Robótica'),
(230, 72, 'Materia oscura'),
(231, 242, 'Filología'),
(232, 239, 'Matemáticas'),
(233, 57, 'Historia'),
(234, 135, 'Redes'),
(235, 189, 'Bases de datos'),
(236, 44, 'Programación'),
(237, 40, 'Astrofísica'),
(238, 4, 'Filología'),
(239, 160, 'Física cuántica'),
(240, 51, 'Comunicaciones'),
(241, 66, 'Física cuántica'),
(242, 155, 'Filología'),
(243, 253, 'Filosofía'),
(244, 56, 'Filología'),
(245, 195, 'Teoría de cuerdas'),
(246, 139, 'Astrofísica'),
(247, 24, 'Historia'),
(248, 201, 'Filología'),
(249, 5, 'Ciencia espacial'),
(250, 260, 'Comunicaciones'),
(251, 114, 'Historia'),
(252, 37, 'Robótica'),
(253, 260, 'Comunicaciones'),
(254, 185, 'Robótica'),
(255, 47, 'Materia oscura'),
(256, 287, 'Redes'),
(257, 98, 'Ciencia espacial'),
(258, 116, 'Matemáticas'),
(259, 262, 'Ciencia espacial'),
(260, 261, 'Biología'),
(261, 5, 'Biología'),
(262, 76, 'Historia'),
(263, 278, 'Geología'),
(264, 2, 'Astrofísica'),
(265, 121, 'Historia'),
(266, 213, 'Programación'),
(267, 88, 'Comunicaciones'),
(268, 179, 'Física cuántica'),
(269, 6, 'Materia oscura'),
(270, 209, 'Programación'),
(271, 223, 'Astrofísica'),
(272, 268, 'Programación'),
(273, 82, 'Astrofísica'),
(274, 162, 'Matemáticas'),
(275, 3, 'Filosofía'),
(276, 290, 'Biología'),
(277, 264, 'Teoría de cuerdas'),
(278, 260, 'Matemáticas'),
(279, 54, 'Matemáticas'),
(280, 205, 'Filología'),
(281, 1, 'Materia oscura'),
(282, 6, 'Astrofísica'),
(283, 247, 'Comunicaciones'),
(284, 178, 'Astrofísica'),
(285, 136, 'Filología'),
(286, 1, 'Materia oscura'),
(287, 158, 'Comunicaciones'),
(288, 210, 'Historia'),
(289, 3, 'Programación'),
(290, 235, 'Robótica'),
(291, 24, 'Comunicaciones'),
(292, 247, 'Redes'),
(293, 56, 'Robótica'),
(294, 193, 'Historia'),
(295, 158, 'Programación'),
(296, 33, 'Biología'),
(297, 24, 'Astrofísica'),
(298, 174, 'Filosofía'),
(299, 238, 'Astrofísica'),
(300, 194, 'Comunicaciones'),
(301, 73, 'Bases de datos'),
(302, 1, 'Ciencia espacial'),
(303, 52, 'Programación'),
(304, 45, 'Biología'),
(305, 219, 'Ciencia espacial'),
(306, 188, 'Filología'),
(307, 174, 'Programación'),
(308, 52, 'Teoría de cuerdas'),
(309, 63, 'Biología'),
(310, 210, 'Teoría de cuerdas'),
(311, 204, 'Robótica'),
(312, 121, 'Teoría de cuerdas'),
(313, 174, 'Comunicaciones'),
(314, 286, 'Materia oscura'),
(315, 45, 'Teoría de cuerdas'),
(316, 120, 'Física cuántica'),
(317, 248, 'Astrofísica'),
(318, 224, 'Redes'),
(319, 262, 'Matemáticas'),
(320, 117, 'Ciencia espacial'),
(321, 15, 'Bases de datos'),
(322, 13, 'Redes'),
(323, 66, 'Historia'),
(324, 247, 'Robótica'),
(325, 88, 'Filosofía'),
(326, 138, 'Bases de datos'),
(327, 288, 'Bases de datos'),
(328, 144, 'Biología'),
(329, 198, 'Biología'),
(330, 192, 'Bases de datos'),
(331, 96, 'Robótica'),
(332, 214, 'Historia'),
(333, 248, 'Filología'),
(334, 113, 'Comunicaciones'),
(335, 116, 'Geología'),
(336, 28, 'Astrofísica'),
(337, 7, 'Filología'),
(338, 88, 'Teoría de cuerdas'),
(339, 104, 'Matemáticas'),
(340, 32, 'Teoría de cuerdas'),
(341, 177, 'Astrofísica'),
(342, 47, 'Historia'),
(343, 294, 'Astrofísica'),
(344, 55, 'Comunicaciones'),
(345, 101, 'Comunicaciones'),
(346, 23, 'Geología'),
(347, 55, 'Robótica'),
(348, 39, 'Geología'),
(349, 145, 'Filología'),
(350, 61, 'Robótica'),
(351, 290, 'Comunicaciones'),
(352, 206, 'Robótica'),
(353, 82, 'Ciencia espacial'),
(354, 105, 'Teoría de cuerdas'),
(355, 277, 'Historia'),
(356, 117, 'Ciencia espacial'),
(357, 299, 'Astrofísica'),
(358, 43, 'Filología'),
(359, 3, 'Matemáticas'),
(360, 29, 'Bases de datos'),
(361, 252, 'Geología'),
(362, 54, 'Comunicaciones'),
(363, 189, 'Programación'),
(364, 157, 'Física cuántica'),
(365, 221, 'Bases de datos'),
(366, 68, 'Comunicaciones'),
(367, 246, 'Ciencia espacial'),
(368, 280, 'Robótica'),
(369, 222, 'Astrofísica'),
(370, 56, 'Filología'),
(371, 285, 'Biología'),
(372, 272, 'Geología'),
(373, 58, 'Materia oscura'),
(374, 151, 'Filología'),
(375, 271, 'Filología'),
(376, 48, 'Ciencia espacial'),
(377, 251, 'Programación'),
(378, 2, 'Astrofísica'),
(379, 184, 'Materia oscura'),
(380, 91, 'Biología'),
(381, 129, 'Astrofísica'),
(382, 61, 'Geología'),
(383, 21, 'Ciencia espacial'),
(384, 27, 'Matemáticas'),
(385, 4, 'Astrofísica'),
(386, 121, 'Filosofía'),
(387, 119, 'Bases de datos'),
(388, 139, 'Física cuántica'),
(389, 100, 'Matemáticas'),
(390, 203, 'Redes'),
(391, 218, 'Física cuántica'),
(392, 158, 'Astrofísica'),
(393, 212, 'Astrofísica'),
(394, 61, 'Bases de datos'),
(395, 109, 'Teoría de cuerdas'),
(396, 34, 'Biología'),
(397, 54, 'Teoría de cuerdas'),
(398, 44, 'Filosofía'),
(399, 13, 'Filosofía'),
(400, 63, 'Geología'),
(401, 161, 'Historia'),
(402, 59, 'Filología'),
(403, 44, 'Materia oscura'),
(404, 228, 'Física cuántica'),
(405, 66, 'Filología'),
(406, 287, 'Biología'),
(407, 78, 'Geología'),
(408, 98, 'Materia oscura'),
(409, 196, 'Redes'),
(410, 150, 'Matemáticas'),
(411, 166, 'Biología'),
(412, 3, 'Redes'),
(413, 70, 'Materia oscura'),
(414, 104, 'Redes'),
(415, 288, 'Bases de datos'),
(416, 233, 'Geología'),
(417, 78, 'Programación'),
(418, 2, 'Biología'),
(419, 130, 'Matemáticas'),
(420, 212, 'Geología'),
(421, 7, 'Filología'),
(422, 228, 'Redes'),
(423, 275, 'Programación'),
(424, 225, 'Materia oscura'),
(425, 9, 'Teoría de cuerdas'),
(426, 291, 'Redes'),
(427, 214, 'Astrofísica'),
(428, 173, 'Matemáticas'),
(429, 69, 'Programación'),
(430, 294, 'Astrofísica'),
(431, 9, 'Comunicaciones'),
(432, 202, 'Astrofísica'),
(433, 25, 'Física cuántica'),
(434, 2, 'Filología'),
(435, 111, 'Geología'),
(436, 181, 'Teoría de cuerdas'),
(437, 65, 'Filología'),
(438, 245, 'Comunicaciones'),
(439, 4, 'Astrofísica'),
(440, 260, 'Redes'),
(441, 3, 'Astrofísica'),
(442, 281, 'Comunicaciones'),
(443, 236, 'Matemáticas'),
(444, 228, 'Filología'),
(445, 27, 'Astrofísica'),
(446, 48, 'Programación'),
(447, 11, 'Materia oscura'),
(448, 147, 'Biología'),
(449, 59, 'Bases de datos'),
(450, 27, 'Materia oscura'),
(451, 7, 'Matemáticas'),
(452, 29, 'Historia'),
(453, 292, 'Bases de datos'),
(454, 290, 'Teoría de cuerdas'),
(455, 37, 'Redes'),
(456, 244, 'Geología'),
(457, 237, 'Historia'),
(458, 232, 'Biología'),
(459, 94, 'Robótica'),
(460, 21, 'Filología'),
(461, 149, 'Astrofísica'),
(462, 158, 'Teoría de cuerdas'),
(463, 2, 'Física cuántica'),
(464, 241, 'Bases de datos'),
(465, 77, 'Materia oscura'),
(466, 58, 'Comunicaciones'),
(467, 72, 'Robótica'),
(468, 240, 'Programación'),
(469, 79, 'Filosofía'),
(470, 141, 'Física cuántica'),
(471, 57, 'Historia'),
(472, 117, 'Física cuántica'),
(473, 85, 'Bases de datos'),
(474, 285, 'Teoría de cuerdas'),
(475, 250, 'Biología'),
(476, 197, 'Ciencia espacial'),
(477, 168, 'Programación'),
(478, 20, 'Teoría de cuerdas'),
(479, 216, 'Física cuántica'),
(480, 60, 'Filosofía'),
(481, 139, 'Materia oscura'),
(482, 120, 'Astrofísica'),
(483, 73, 'Astrofísica'),
(484, 138, 'Robótica'),
(485, 31, 'Bases de datos'),
(486, 105, 'Ciencia espacial'),
(487, 81, 'Historia'),
(488, 2, 'Robótica'),
(489, 275, 'Historia'),
(490, 271, 'Redes'),
(491, 139, 'Astrofísica'),
(492, 57, 'Geología'),
(493, 207, 'Bases de datos'),
(494, 117, 'Programación'),
(495, 9, 'Física cuántica'),
(496, 297, 'Comunicaciones'),
(497, 47, 'Biología'),
(498, 49, 'Biología'),
(499, 179, 'Matemáticas'),
(500, 201, 'Bases de datos'),
(501, 189, 'Programación'),
(502, 48, 'Filosofía'),
(503, 275, 'Programación'),
(504, 5, 'Geología'),
(505, 51, 'Astrofísica'),
(506, 149, 'Materia oscura'),
(507, 132, 'Bases de datos'),
(508, 286, 'Redes'),
(509, 180, 'Filología'),
(510, 160, 'Ciencia espacial'),
(511, 9, 'Materia oscura'),
(512, 101, 'Filología'),
(513, 170, 'Matemáticas'),
(514, 62, 'Filología'),
(515, 94, 'Bases de datos'),
(516, 60, 'Teoría de cuerdas'),
(517, 84, 'Geología'),
(518, 106, 'Ciencia espacial'),
(519, 82, 'Matemáticas'),
(520, 5, 'Redes'),
(521, 189, 'Materia oscura'),
(522, 92, 'Biología'),
(523, 24, 'Materia oscura'),
(524, 157, 'Filosofía'),
(525, 165, 'Bases de datos'),
(526, 67, 'Robótica'),
(527, 1, 'Filología'),
(528, 76, 'Matemáticas'),
(529, 198, 'Programación'),
(530, 21, 'Bases de datos'),
(531, 175, 'Bases de datos'),
(532, 247, 'Matemáticas'),
(533, 194, 'Materia oscura'),
(534, 113, 'Teoría de cuerdas'),
(535, 214, 'Ciencia espacial'),
(536, 192, 'Robótica'),
(537, 204, 'Matemáticas'),
(538, 175, 'Programación'),
(539, 224, 'Matemáticas'),
(540, 46, 'Redes'),
(541, 98, 'Bases de datos'),
(542, 15, 'Ciencia espacial'),
(543, 3, 'Materia oscura'),
(544, 198, 'Bases de datos'),
(545, 240, 'Ciencia espacial'),
(546, 120, 'Física cuántica'),
(547, 203, 'Filosofía'),
(548, 115, 'Matemáticas'),
(549, 57, 'Física cuántica'),
(550, 5, 'Teoría de cuerdas'),
(551, 78, 'Historia'),
(552, 7, 'Ciencia espacial'),
(553, 185, 'Filosofía'),
(554, 103, 'Biología'),
(555, 7, 'Redes'),
(556, 243, 'Astrofísica'),
(557, 88, 'Ciencia espacial'),
(558, 77, 'Materia oscura'),
(559, 40, 'Bases de datos'),
(560, 122, 'Ciencia espacial'),
(561, 64, 'Ciencia espacial'),
(562, 9, 'Geología'),
(563, 28, 'Geología'),
(564, 18, 'Historia'),
(565, 205, 'Filología'),
(566, 152, 'Redes'),
(567, 53, 'Filosofía'),
(568, 203, 'Programación'),
(569, 37, 'Redes'),
(570, 131, 'Bases de datos'),
(571, 83, 'Ciencia espacial'),
(572, 14, 'Redes'),
(573, 210, 'Astrofísica'),
(574, 74, 'Materia oscura'),
(575, 195, 'Redes'),
(576, 238, 'Ciencia espacial'),
(577, 75, 'Filosofía'),
(578, 216, 'Teoría de cuerdas'),
(579, 189, 'Robótica'),
(580, 67, 'Comunicaciones'),
(581, 79, 'Biología'),
(582, 285, 'Bases de datos'),
(583, 300, 'Programación'),
(584, 2, 'Filosofía'),
(585, 111, 'Matemáticas'),
(586, 73, 'Filología'),
(587, 149, 'Materia oscura'),
(588, 104, 'Bases de datos'),
(589, 3, 'Geología'),
(590, 3, 'Física cuántica'),
(591, 32, 'Materia oscura'),
(592, 89, 'Robótica'),
(593, 62, 'Bases de datos'),
(594, 171, 'Biología'),
(595, 215, 'Física cuántica'),
(596, 225, 'Física cuántica'),
(597, 20, 'Programación'),
(598, 222, 'Astrofísica'),
(599, 94, 'Matemáticas'),
(600, 172, 'Programación'),
(601, 244, 'Materia oscura'),
(602, 14, 'Materia oscura'),
(603, 1, 'Astrofísica'),
(604, 53, 'Filología'),
(605, 22, 'Ciencia espacial'),
(606, 230, 'Teoría de cuerdas'),
(607, 62, 'Física cuántica'),
(608, 190, 'Filosofía'),
(609, 105, 'Comunicaciones'),
(610, 88, 'Ciencia espacial'),
(611, 3, 'Comunicaciones'),
(612, 168, 'Historia'),
(613, 100, 'Teoría de cuerdas'),
(614, 189, 'Astrofísica'),
(615, 39, 'Historia'),
(616, 114, 'Teoría de cuerdas'),
(617, 120, 'Comunicaciones'),
(618, 61, 'Materia oscura'),
(619, 244, 'Ciencia espacial'),
(620, 169, 'Geología'),
(621, 96, 'Biología'),
(622, 188, 'Programación'),
(623, 29, 'Programación'),
(624, 182, 'Teoría de cuerdas'),
(625, 208, 'Geología'),
(626, 67, 'Robótica'),
(627, 40, 'Ciencia espacial'),
(628, 202, 'Geología'),
(629, 35, 'Robótica'),
(630, 212, 'Robótica'),
(631, 79, 'Redes'),
(632, 272, 'Programación'),
(633, 111, 'Geología'),
(634, 283, 'Historia'),
(635, 138, 'Ciencia espacial'),
(636, 232, 'Astrofísica'),
(637, 225, 'Ciencia espacial'),
(638, 294, 'Redes'),
(639, 125, 'Ciencia espacial'),
(640, 43, 'Teoría de cuerdas'),
(641, 98, 'Matemáticas'),
(642, 59, 'Teoría de cuerdas'),
(643, 40, 'Programación'),
(644, 34, 'Robótica'),
(645, 12, 'Física cuántica'),
(646, 226, 'Filología'),
(647, 294, 'Materia oscura'),
(648, 92, 'Teoría de cuerdas'),
(649, 205, 'Ciencia espacial'),
(650, 94, 'Historia'),
(651, 6, 'Ciencia espacial'),
(652, 83, 'Historia'),
(653, 156, 'Matemáticas'),
(654, 93, 'Física cuántica'),
(655, 183, 'Filosofía'),
(656, 145, 'Ciencia espacial'),
(657, 76, 'Geología'),
(658, 239, 'Astrofísica'),
(659, 281, 'Matemáticas'),
(660, 48, 'Comunicaciones'),
(661, 64, 'Teoría de cuerdas'),
(662, 34, 'Bases de datos'),
(663, 25, 'Biología'),
(664, 179, 'Matemáticas'),
(665, 233, 'Redes'),
(666, 45, 'Teoría de cuerdas'),
(667, 65, 'Matemáticas'),
(668, 10, 'Astrofísica'),
(669, 157, 'Redes'),
(670, 144, 'Física cuántica'),
(671, 117, 'Filosofía'),
(672, 150, 'Filología'),
(673, 248, 'Robótica'),
(674, 6, 'Bases de datos'),
(675, 63, 'Geología'),
(676, 50, 'Astrofísica'),
(677, 38, 'Filología'),
(678, 42, 'Materia oscura'),
(679, 60, 'Comunicaciones'),
(680, 70, 'Ciencia espacial'),
(681, 39, 'Bases de datos'),
(682, 30, 'Redes'),
(683, 132, 'Ciencia espacial'),
(684, 30, 'Historia'),
(685, 282, 'Redes'),
(686, 216, 'Matemáticas'),
(687, 270, 'Robótica'),
(688, 82, 'Astrofísica'),
(689, 160, 'Comunicaciones'),
(690, 124, 'Redes'),
(691, 92, 'Historia'),
(692, 129, 'Bases de datos'),
(693, 73, 'Historia'),
(694, 187, 'Programación'),
(695, 5, 'Redes'),
(696, 234, 'Programación'),
(697, 279, 'Redes'),
(698, 299, 'Historia'),
(699, 18, 'Matemáticas'),
(700, 275, 'Filosofía'),
(701, 100, 'Geología'),
(702, 42, 'Teoría de cuerdas'),
(703, 43, 'Teoría de cuerdas'),
(704, 72, 'Comunicaciones'),
(705, 140, 'Redes'),
(706, 263, 'Comunicaciones'),
(707, 242, 'Robótica'),
(708, 231, 'Filología'),
(709, 277, 'Comunicaciones'),
(710, 192, 'Teoría de cuerdas'),
(711, 261, 'Filosofía'),
(712, 76, 'Historia'),
(713, 16, 'Filología'),
(714, 239, 'Comunicaciones'),
(715, 4, 'Biología'),
(716, 92, 'Filología'),
(717, 44, 'Robótica'),
(718, 266, 'Filosofía'),
(719, 161, 'Filosofía'),
(720, 23, 'Biología'),
(721, 161, 'Filología'),
(722, 91, 'Biología'),
(723, 63, 'Filología'),
(724, 121, 'Filología'),
(725, 224, 'Astrofísica'),
(726, 53, 'Bases de datos'),
(727, 52, 'Astrofísica'),
(728, 88, 'Física cuántica'),
(729, 38, 'Historia'),
(730, 203, 'Robótica'),
(731, 116, 'Historia'),
(732, 5, 'Robótica'),
(733, 208, 'Ciencia espacial'),
(734, 206, 'Programación'),
(735, 50, 'Comunicaciones'),
(736, 152, 'Programación'),
(737, 150, 'Filosofía'),
(738, 124, 'Biología'),
(739, 82, 'Historia'),
(740, 287, 'Geología'),
(741, 49, 'Matemáticas'),
(742, 89, 'Teoría de cuerdas'),
(743, 34, 'Comunicaciones'),
(744, 246, 'Teoría de cuerdas'),
(745, 119, 'Filosofía'),
(746, 165, 'Teoría de cuerdas'),
(747, 76, 'Teoría de cuerdas'),
(748, 239, 'Física cuántica'),
(749, 237, 'Comunicaciones'),
(750, 195, 'Comunicaciones'),
(751, 288, 'Matemáticas'),
(752, 75, 'Comunicaciones'),
(753, 233, 'Física cuántica'),
(754, 41, 'Bases de datos'),
(755, 182, 'Historia'),
(756, 11, 'Biología'),
(757, 55, 'Teoría de cuerdas'),
(758, 208, 'Historia'),
(759, 80, 'Matemáticas'),
(760, 81, 'Filología'),
(761, 6, 'Ciencia espacial'),
(762, 24, 'Matemáticas'),
(763, 284, 'Bases de datos'),
(764, 71, 'Historia'),
(765, 186, 'Bases de datos'),
(766, 5, 'Robótica'),
(767, 49, 'Programación'),
(768, 185, 'Astrofísica'),
(769, 17, 'Programación'),
(770, 255, 'Comunicaciones'),
(771, 216, 'Física cuántica'),
(772, 98, 'Filosofía'),
(773, 270, 'Física cuántica'),
(774, 288, 'Historia'),
(775, 204, 'Comunicaciones'),
(776, 104, 'Matemáticas'),
(777, 241, 'Programación'),
(778, 53, 'Robótica'),
(779, 46, 'Física cuántica'),
(780, 111, 'Bases de datos'),
(781, 201, 'Astrofísica'),
(782, 106, 'Filosofía'),
(783, 6, 'Robótica'),
(784, 13, 'Ciencia espacial'),
(785, 171, 'Filosofía'),
(786, 22, 'Geología'),
(787, 147, 'Filología'),
(788, 156, 'Comunicaciones'),
(789, 79, 'Astrofísica'),
(790, 155, 'Matemáticas'),
(791, 83, 'Física cuántica'),
(792, 115, 'Geología'),
(793, 75, 'Teoría de cuerdas'),
(794, 299, 'Astrofísica'),
(795, 101, 'Historia'),
(796, 111, 'Teoría de cuerdas'),
(797, 5, 'Biología'),
(798, 4, 'Astrofísica'),
(799, 249, 'Ciencia espacial'),
(800, 68, 'Robótica'),
(801, 119, 'Filosofía'),
(802, 285, 'Robótica'),
(803, 219, 'Materia oscura'),
(804, 126, 'Comunicaciones'),
(805, 196, 'Robótica'),
(806, 11, 'Materia oscura'),
(807, 83, 'Comunicaciones'),
(808, 21, 'Filología'),
(809, 50, 'Filología'),
(810, 94, 'Redes'),
(811, 79, 'Bases de datos'),
(812, 6, 'Matemáticas'),
(813, 35, 'Robótica'),
(814, 193, 'Redes'),
(815, 144, 'Filología'),
(816, 225, 'Robótica'),
(817, 70, 'Programación'),
(818, 77, 'Filología'),
(819, 281, 'Comunicaciones'),
(820, 93, 'Geología'),
(821, 53, 'Filosofía'),
(822, 176, 'Teoría de cuerdas'),
(823, 101, 'Comunicaciones'),
(824, 215, 'Materia oscura'),
(825, 255, 'Materia oscura'),
(826, 187, 'Física cuántica'),
(827, 177, 'Filosofía'),
(828, 15, 'Biología'),
(829, 76, 'Programación'),
(830, 43, 'Bases de datos'),
(831, 58, 'Teoría de cuerdas'),
(832, 61, 'Bases de datos'),
(833, 48, 'Bases de datos'),
(834, 245, 'Programación'),
(835, 93, 'Comunicaciones'),
(836, 78, 'Comunicaciones'),
(837, 195, 'Física cuántica'),
(838, 7, 'Redes'),
(839, 93, 'Matemáticas'),
(840, 36, 'Astrofísica'),
(841, 274, 'Filosofía'),
(842, 160, 'Programación'),
(843, 61, 'Comunicaciones'),
(844, 232, 'Astrofísica'),
(845, 241, 'Teoría de cuerdas'),
(846, 24, 'Programación'),
(847, 45, 'Biología'),
(848, 275, 'Ciencia espacial'),
(849, 42, 'Filosofía'),
(850, 272, 'Biología'),
(851, 186, 'Ciencia espacial'),
(852, 7, 'Ciencia espacial'),
(853, 3, 'Historia'),
(854, 20, 'Matemáticas'),
(855, 55, 'Filosofía'),
(856, 215, 'Biología'),
(857, 250, 'Biología'),
(858, 242, 'Robótica'),
(859, 250, 'Comunicaciones'),
(860, 207, 'Matemáticas'),
(861, 222, 'Biología'),
(862, 172, 'Bases de datos'),
(863, 134, 'Filología'),
(864, 34, 'Bases de datos'),
(865, 37, 'Filología'),
(866, 233, 'Astrofísica'),
(867, 78, 'Filología'),
(868, 1, 'Biología'),
(869, 206, 'Astrofísica'),
(870, 5, 'Astrofísica'),
(871, 42, 'Bases de datos'),
(872, 159, 'Filosofía'),
(873, 130, 'Comunicaciones'),
(874, 240, 'Ciencia espacial'),
(875, 68, 'Ciencia espacial'),
(876, 259, 'Biología'),
(877, 126, 'Filosofía'),
(878, 112, 'Filología'),
(879, 215, 'Física cuántica'),
(880, 115, 'Teoría de cuerdas'),
(881, 286, 'Geología'),
(882, 288, 'Robótica'),
(883, 180, 'Programación'),
(884, 217, 'Bases de datos'),
(885, 143, 'Programación'),
(886, 20, 'Historia'),
(887, 124, 'Astrofísica'),
(888, 163, 'Filosofía'),
(889, 34, 'Bases de datos'),
(890, 222, 'Teoría de cuerdas'),
(891, 122, 'Astrofísica'),
(892, 80, 'Comunicaciones'),
(893, 14, 'Programación'),
(894, 267, 'Matemáticas'),
(895, 6, 'Teoría de cuerdas'),
(896, 51, 'Astrofísica'),
(897, 5, 'Historia'),
(898, 74, 'Filosofía'),
(899, 87, 'Física cuántica'),
(900, 90, 'Filosofía'),
(901, 72, 'Teoría de cuerdas'),
(902, 220, 'Comunicaciones'),
(903, 248, 'Redes'),
(904, 220, 'Programación'),
(905, 1, 'Física cuántica'),
(906, 267, 'Historia'),
(907, 92, 'Teoría de cuerdas'),
(908, 210, 'Teoría de cuerdas'),
(909, 133, 'Matemáticas'),
(910, 244, 'Ciencia espacial'),
(911, 5, 'Redes'),
(912, 22, 'Bases de datos'),
(913, 204, 'Astrofísica'),
(914, 194, 'Teoría de cuerdas'),
(915, 18, 'Historia'),
(916, 163, 'Astrofísica'),
(917, 206, 'Comunicaciones'),
(918, 9, 'Teoría de cuerdas'),
(919, 223, 'Física cuántica'),
(920, 288, 'Materia oscura'),
(921, 60, 'Física cuántica'),
(922, 40, 'Biología'),
(923, 134, 'Filosofía'),
(924, 119, 'Teoría de cuerdas'),
(925, 139, 'Programación'),
(926, 69, 'Física cuántica'),
(927, 170, 'Programación'),
(928, 121, 'Ciencia espacial'),
(929, 5, 'Programación'),
(930, 7, 'Ciencia espacial'),
(931, 253, 'Redes'),
(932, 295, 'Ciencia espacial'),
(933, 82, 'Historia'),
(934, 184, 'Historia'),
(935, 36, 'Bases de datos'),
(936, 141, 'Teoría de cuerdas'),
(937, 45, 'Filología'),
(938, 190, 'Física cuántica'),
(939, 181, 'Filosofía'),
(940, 138, 'Filología'),
(941, 69, 'Historia'),
(942, 4, 'Matemáticas'),
(943, 155, 'Física cuántica'),
(944, 261, 'Bases de datos'),
(945, 116, 'Biología'),
(946, 99, 'Filología'),
(947, 46, 'Comunicaciones'),
(948, 109, 'Matemáticas'),
(949, 51, 'Historia'),
(950, 27, 'Filología'),
(951, 71, 'Materia oscura'),
(952, 219, 'Redes'),
(953, 8, 'Astrofísica'),
(954, 24, 'Filosofía'),
(955, 42, 'Astrofísica'),
(956, 16, 'Física cuántica'),
(957, 26, 'Bases de datos'),
(958, 176, 'Historia'),
(959, 25, 'Biología'),
(960, 96, 'Astrofísica'),
(961, 299, 'Astrofísica'),
(962, 293, 'Ciencia espacial'),
(963, 75, 'Filología'),
(964, 35, 'Astrofísica'),
(965, 290, 'Historia'),
(966, 125, 'Redes'),
(967, 280, 'Historia'),
(968, 85, 'Materia oscura'),
(969, 107, 'Matemáticas'),
(970, 52, 'Programación'),
(971, 84, 'Biología'),
(972, 286, 'Matemáticas'),
(973, 64, 'Historia'),
(974, 54, 'Historia'),
(975, 46, 'Programación'),
(976, 222, 'Historia'),
(977, 56, 'Geología'),
(978, 161, 'Comunicaciones'),
(979, 81, 'Astrofísica'),
(980, 203, 'Redes'),
(981, 226, 'Teoría de cuerdas'),
(982, 81, 'Matemáticas'),
(983, 125, 'Teoría de cuerdas'),
(984, 298, 'Materia oscura'),
(985, 1, 'Física cuántica'),
(986, 125, 'Física cuántica'),
(987, 296, 'Filosofía'),
(988, 140, 'Filosofía'),
(989, 218, 'Teoría de cuerdas'),
(990, 74, 'Teoría de cuerdas'),
(991, 172, 'Geología'),
(992, 9, 'Teoría de cuerdas'),
(993, 285, 'Ciencia espacial'),
(994, 46, 'Biología'),
(995, 12, 'Matemáticas'),
(996, 229, 'Biología'),
(997, 35, 'Biología'),
(998, 62, 'Programación'),
(999, 116, 'Geología'),
(1000, 194, 'Filosofía');

--
-- Inserting data into table novela
--
INSERT INTO novela(id, id_libro, edad_recomentada) VALUES
(1, 301, 13),
(2, 302, 17),
(3, 303, NULL),
(4, 304, NULL),
(5, 305, 18),
(6, 306, 21),
(7, 307, 16),
(8, 308, 13),
(9, 309, 15),
(10, 310, 15),
(11, 311, 22),
(12, 312, NULL),
(13, 313, 16),
(14, 314, 22),
(15, 315, 12),
(16, 316, 19),
(17, 317, 22),
(18, 318, 16),
(19, 319, 18),
(20, 320, 18),
(21, 321, 16),
(22, 322, 15),
(23, 323, 13),
(24, 324, 14),
(25, 325, 22),
(26, 326, 19),
(27, 327, NULL),
(28, 328, 18),
(29, 329, 16),
(30, 330, 15),
(31, 331, 12),
(32, 332, 12),
(33, 333, NULL),
(34, 334, 22),
(35, 335, 16),
(36, 336, 17),
(37, 337, 16),
(38, 338, 21),
(39, 339, 20),
(40, 340, 14),
(41, 341, 22),
(42, 342, 21),
(43, 343, 12),
(44, 344, 17),
(45, 345, 15),
(46, 346, 16),
(47, 347, 17),
(48, 348, 22),
(49, 349, 15),
(50, 350, 12),
(51, 351, 19),
(52, 352, 12),
(53, 353, 20),
(54, 354, 18),
(55, 355, 22),
(56, 356, 21),
(57, 357, 20),
(58, 358, 12),
(59, 359, 16),
(60, 360, 22),
(61, 361, 13),
(62, 362, 19),
(63, 363, 13),
(64, 364, 21),
(65, 365, 14),
(66, 366, 20),
(67, 367, NULL),
(68, 368, 22),
(69, 369, 18),
(70, 370, 12),
(71, 371, 16),
(72, 372, 13),
(73, 373, 14),
(74, 374, 20),
(75, 375, 20),
(76, 376, 22),
(77, 377, 21),
(78, 378, 13),
(79, 379, 15),
(80, 380, 20),
(81, 381, 21),
(82, 382, 17),
(83, 383, 15),
(84, 384, NULL),
(85, 385, 12),
(86, 386, 14),
(87, 387, 17),
(88, 388, 13),
(89, 389, 13),
(90, 390, 14),
(91, 391, 21),
(92, 392, 20),
(93, 393, 18),
(94, 394, 15),
(95, 395, NULL),
(96, 396, 15),
(97, 397, 13),
(98, 398, 14),
(99, 399, 17),
(100, 400, 12),
(101, 401, 20),
(102, 402, 21),
(103, 403, 21),
(104, 404, 21),
(105, 405, NULL),
(106, 406, 18),
(107, 407, 13),
(108, 408, 21),
(109, 409, 20),
(110, 410, 22),
(111, 411, 19),
(112, 412, 14),
(113, 413, 15),
(114, 414, 22),
(115, 415, 22),
(116, 416, 15),
(117, 417, 21),
(118, 418, 14),
(119, 419, 20),
(120, 420, NULL),
(121, 421, 18),
(122, 422, 15),
(123, 423, 18),
(124, 424, 20),
(125, 425, 12),
(126, 426, 12),
(127, 427, 22),
(128, 428, 22),
(129, 429, 18),
(130, 430, 22),
(131, 431, 17),
(132, 432, 14),
(133, 433, NULL),
(134, 434, 21),
(135, 435, 19),
(136, 436, 20),
(137, 437, 22),
(138, 438, NULL),
(139, 439, 18),
(140, 440, 18),
(141, 441, NULL),
(142, 442, 13),
(143, 443, 22),
(144, 444, 16),
(145, 445, 20),
(146, 446, 21),
(147, 447, 14),
(148, 448, NULL),
(149, 449, 18),
(150, 450, 15),
(151, 451, 14),
(152, 452, 15),
(153, 453, 20),
(154, 454, 13),
(155, 455, 18),
(156, 456, NULL),
(157, 457, 20),
(158, 458, 17),
(159, 459, 12),
(160, 460, 18),
(161, 461, NULL),
(162, 462, 16),
(163, 463, NULL),
(164, 464, 19),
(165, 465, 12),
(166, 466, 20),
(167, 467, 13),
(168, 468, 14),
(169, 469, 22),
(170, 470, 19),
(171, 471, 16),
(172, 472, NULL),
(173, 473, 14),
(174, 474, NULL),
(175, 475, 21),
(176, 476, 21),
(177, 477, 21),
(178, 478, NULL),
(179, 479, 21),
(180, 480, 16),
(181, 481, 17),
(182, 482, 18),
(183, 483, 13),
(184, 484, 20),
(185, 485, 19),
(186, 486, 16),
(187, 487, 14),
(188, 488, 21),
(189, 489, 19),
(190, 490, NULL),
(191, 491, 14),
(192, 492, 12),
(193, 493, 14),
(194, 494, 14),
(195, 495, 21),
(196, 496, 22),
(197, 497, NULL),
(198, 498, 12),
(199, 499, 21),
(200, 500, 19),
(201, 501, 17),
(202, 502, 19),
(203, 503, 18),
(204, 504, 19),
(205, 505, 22),
(206, 506, 14),
(207, 507, 15),
(208, 508, 15),
(209, 509, NULL),
(210, 510, NULL),
(211, 511, 22),
(212, 512, 15),
(213, 513, 13),
(214, 514, 13),
(215, 515, 17),
(216, 516, NULL),
(217, 517, 20),
(218, 518, 14),
(219, 519, 12),
(220, 520, 18),
(221, 521, 18),
(222, 522, 18),
(223, 523, 13),
(224, 524, NULL),
(225, 525, 14),
(226, 526, 13),
(227, 527, 14),
(228, 528, 18),
(229, 529, 15),
(230, 530, 14),
(231, 531, 14),
(232, 532, 17),
(233, 533, 18),
(234, 534, NULL),
(235, 535, 13),
(236, 536, 16),
(237, 537, 13),
(238, 538, 14),
(239, 539, 17),
(240, 540, 19),
(241, 541, 12),
(242, 542, 19),
(243, 543, 18),
(244, 544, 20),
(245, 545, 21),
(246, 546, 15),
(247, 547, 13),
(248, 548, 17),
(249, 549, 21),
(250, 550, 15),
(251, 551, 13),
(252, 552, 22),
(253, 553, 18),
(254, 554, 16),
(255, 555, 13),
(256, 556, 21),
(257, 557, 20),
(258, 558, 15),
(259, 559, 20),
(260, 560, 21),
(261, 561, 12),
(262, 562, 20),
(263, 563, 20),
(264, 564, 15),
(265, 565, 19),
(266, 566, 22),
(267, 567, 18),
(268, 568, 20),
(269, 569, 19),
(270, 570, 14),
(271, 571, 16),
(272, 572, 18),
(273, 573, NULL),
(274, 574, 19),
(275, 575, 15),
(276, 576, 14),
(277, 577, 15),
(278, 578, 20),
(279, 579, 22),
(280, 580, 20),
(281, 581, 16),
(282, 582, 13),
(283, 583, 12),
(284, 584, 22),
(285, 585, 21),
(286, 586, 20),
(287, 587, 17),
(288, 588, 12),
(289, 589, 16),
(290, 590, 20),
(291, 591, 14),
(292, 592, 17),
(293, 593, 13),
(294, 594, NULL),
(295, 595, 19),
(296, 596, 22),
(297, 597, 12),
(298, 598, 22),
(299, 599, 16),
(300, 600, 16),
(301, 601, 22),
(302, 602, 17),
(303, 603, 18),
(304, 604, 22),
(305, 605, 18),
(306, 606, 15),
(307, 607, 22),
(308, 608, 14),
(309, 609, 12),
(310, 610, 22),
(311, 611, 17),
(312, 612, NULL),
(313, 613, NULL),
(314, 614, 15),
(315, 615, 18),
(316, 616, 13),
(317, 617, 12),
(318, 618, 18),
(319, 619, 16),
(320, 620, 17),
(321, 621, 20),
(322, 622, NULL),
(323, 623, 12),
(324, 624, 20),
(325, 625, 21),
(326, 626, 16),
(327, 627, NULL),
(328, 628, 21),
(329, 629, NULL),
(330, 630, NULL),
(331, 631, 21),
(332, 632, 16),
(333, 633, 19),
(334, 634, 15),
(335, 635, 14),
(336, 636, 15),
(337, 637, 20),
(338, 638, 19),
(339, 639, 19),
(340, 640, 12),
(341, 641, 20),
(342, 642, 16),
(343, 643, 19),
(344, 644, 19),
(345, 645, 18),
(346, 646, 20),
(347, 647, 20),
(348, 648, 19),
(349, 649, 16),
(350, 650, 21),
(351, 651, 13),
(352, 652, 13),
(353, 653, 15),
(354, 654, NULL),
(355, 655, 14),
(356, 656, 18),
(357, 657, NULL),
(358, 658, 18),
(359, 659, 12),
(360, 660, 13),
(361, 661, 12),
(362, 662, 21),
(363, 663, 14),
(364, 664, 14),
(365, 665, 20),
(366, 666, 21),
(367, 667, 22),
(368, 668, 18),
(369, 669, 16),
(370, 670, 12),
(371, 671, 18),
(372, 672, 22),
(373, 673, 17),
(374, 674, 18),
(375, 675, 17),
(376, 676, 22),
(377, 677, 15),
(378, 678, 15),
(379, 679, 18),
(380, 680, 18),
(381, 681, 17),
(382, 682, 13),
(383, 683, 18),
(384, 684, 19),
(385, 685, 16),
(386, 686, 15),
(387, 687, 22),
(388, 688, 16),
(389, 689, 19),
(390, 690, 19),
(391, 691, 15),
(392, 692, 21),
(393, 693, 17),
(394, 694, 19),
(395, 695, 22),
(396, 696, NULL),
(397, 697, 18),
(398, 698, 20),
(399, 699, NULL),
(400, 700, 19),
(401, 701, 13),
(402, 702, 22),
(403, 703, 16),
(404, 704, 21),
(405, 705, 12),
(406, 706, 17),
(407, 707, 15),
(408, 708, NULL),
(409, 709, 19),
(410, 710, 13),
(411, 711, 22),
(412, 712, 17),
(413, 713, NULL),
(414, 714, 21),
(415, 715, NULL),
(416, 716, 13),
(417, 717, 14),
(418, 718, 21),
(419, 719, 22),
(420, 720, 15),
(421, 721, 22),
(422, 722, 22),
(423, 723, 14),
(424, 724, 12),
(425, 725, 16),
(426, 726, 19),
(427, 727, 14),
(428, 728, 16),
(429, 729, 21),
(430, 730, 16),
(431, 731, 21),
(432, 732, 14),
(433, 733, 21),
(434, 734, 16),
(435, 735, 19),
(436, 736, NULL),
(437, 737, 15),
(438, 738, 13),
(439, 739, 13),
(440, 740, NULL),
(441, 741, 20),
(442, 742, 17),
(443, 743, 22),
(444, 744, 19),
(445, 745, 22),
(446, 746, 17),
(447, 747, 21),
(448, 748, 20),
(449, 749, 20),
(450, 750, 22),
(451, 751, 12),
(452, 752, 16),
(453, 753, 13),
(454, 754, 14),
(455, 755, 14),
(456, 756, 16),
(457, 757, 20),
(458, 758, 12),
(459, 759, NULL),
(460, 760, 18),
(461, 761, 14),
(462, 762, 15),
(463, 763, 15),
(464, 764, 18),
(465, 765, 20),
(466, 766, NULL),
(467, 767, NULL),
(468, 768, 19),
(469, 769, 12),
(470, 770, NULL),
(471, 771, 14),
(472, 772, 19),
(473, 773, 16),
(474, 774, 19),
(475, 775, 15),
(476, 776, 14),
(477, 777, 16),
(478, 778, 15),
(479, 779, 15),
(480, 780, NULL),
(481, 781, 14),
(482, 782, 20),
(483, 783, 19),
(484, 784, 22),
(485, 785, 17),
(486, 786, 16),
(487, 787, 14),
(488, 788, 18),
(489, 789, 21),
(490, 790, NULL),
(491, 791, 19),
(492, 792, 20),
(493, 793, 15),
(494, 794, 20),
(495, 795, 16),
(496, 796, 22),
(497, 797, 16),
(498, 798, 19),
(499, 799, 16),
(500, 800, 13);

--
-- Inserting data into table socio
--

INSERT INTO socio(id, nombre, n_prestados, calle, numero, edad, id_cuerpo_celeste, id_socio_padrino) VALUES
(1, 'Fa  Baxo', 7, 'Avda. Subcycllet', 20, 17, 20, 249),
(2, 'Luha  Angel', 5, 'Calle plataforma espacial', 12, 18, 12, 167),
(3, 'Vobo Z ', 0, 'Avda. Comcessedator', 38, 24, 38, 6),
(4, 'Allene O ', 3, 'Calle Dr. Vunivu   ', 85, 16, 85, 220),
(5, 'Adalberto  ', 3, 'Calle Sir Cindie Etheridge  ', 38, 18, 38, 100),
(6, 'Claud  Ne', 10, 'Plaza plataforma espacial', 47, 16, 47, 24),
(7, 'Wemopa  ', 8, 'Plaza estrella', 74, 23, 74, 211),
(8, 'Ze F ', 3, 'Plaza Armpickry', 7, 17, 7, 225),
(9, 'Adela  ', 7, 'Calle Concordfiar', 8, 24, 8, 342),
(10, 'Cleo B ', 9, 'Avda.  La plataforma espacial', 149, 18, 149, 53),
(11, 'Blaine  ', 1, 'Plaza  La plataforma espacial', 136, 23, 136, 127),
(12, 'Lulu  ', 5, 'Plaza El satélite', 135, 15, 135, 293),
(13, 'Apryl D ', 10, 'Avda.  La estrella', 170, 19, 170, 285),
(14, 'Xosajo C Oates', 1, 'Plaza Higo Shockley  ', 200, 18, 200, 228),
(15, 'Arlen Z Oaqinitupa', 9, 'Plaza Sir Romeo   ', 22, 21, 22, 243),
(16, 'Bobu  ', 13, 'Calle satélite', 200, 24, 200, 283),
(17, 'Xeyo K ', 2, 'Calle planeta', 84, 17, 84, 135),
(18, 'Karleen  Stuart', 9, 'Plaza  La planeta', 9, 23, 9, 6),
(19, 'Videso O ', 13, 'Plaza Gu   ', 69, 24, 69, 252),
(20, 'Caroline L ', 9, 'Avda. cinturón de asteroides', 190, 25, 190, 53),
(21, 'Aleta K Uapalivuki', 6, 'Calle plataforma espacial', 90, 15, 90, 158),
(22, 'Iocove Q Jekixi', 9, 'Avda. Charwoofor', 143, 18, 143, 310),
(23, 'Pukeko C ', 2, 'Plaza Iunile Vaught  ', 66, 15, 66, 83),
(24, 'Reqe  Uavugo', 8, 'Calle Speakjectphone', 173, 25, 173, 31),
(25, 'Yalopu  ', 9, 'Plaza  La plataforma espacial', 197, 16, 197, 263),
(26, 'Germaine X ', 0, 'Avda. El cinturón de asteroides', 8, 22, 8, 195),
(27, 'Namowi T ', 0, 'Avda. Micjectommscope', 182, 24, 182, 74),
(28, 'Sofe  Huna', 13, 'Avda. cinturón de asteroides', 122, 16, 122, 276),
(29, 'Lijowi  Hess', 14, 'Calle Addie Shoemaker  ', 123, 15, 123, 333),
(30, 'Soci G Decuzu', 15, 'Avda. Jarvis Rohusapo  ', 1, 21, 1, 93),
(31, 'Fazoxa  ', 3, 'Calle Valeri Kiefer  ', 189, 23, 189, 9),
(32, 'Graig  ', 4, 'Plaza Tabcordlet', 143, 18, 143, 262),
(33, 'Wo  Woodley', 14, 'Plaza Olin Tihu  ', 172, 18, 172, 347),
(34, 'Queenie P Boda', 14, 'Avda. Sharonda Rabociqo  ', 48, 20, 48, 285),
(35, 'Jame J ', 2, 'Avda. El cinturón de asteroides', 189, 19, 189, 5),
(36, 'Bruce  ', 7, 'Calle Cassi Kaju  ', 65, 20, 65, 210),
(37, 'Titahopa B Lakivodene', 12, 'Calle asteroide', 83, 17, 83, 233),
(38, 'Iocipiyo  ', 7, 'Plaza asteroide', 39, 21, 39, 9),
(39, 'Hagi X ', 3, 'Avda. Transpickexra', 65, 24, 65, 10),
(40, 'Loraine W ', 1, 'Plaza Cecu   ', 60, 25, 60, 185),
(41, 'Genaro  Lawler', 0, 'Calle Cleantelledgor', 167, 20, 167, 199),
(42, 'Bifulo L Stubblefield', 11, 'Calle Monoputry', 143, 17, 143, 1),
(43, 'Nicolette  Pideqeja', 3, 'Calle satélite', 26, 25, 26, 81),
(44, 'Rona  ', 3, 'Calle asteroide', 110, 19, 110, 165),
(45, 'Rene  Banuzogu', 6, 'Calle  La Subcycllet', 87, 17, 87, 316),
(46, 'Ho  Piro', 15, 'Avda. El asteroide', 65, 18, 65, 161),
(47, 'Iasu  ', 8, 'Plaza El asteroide', 4, 20, 4, 20),
(48, 'Sa T ', 15, 'Calle Subcordedgphone', 2, 25, 2, 287),
(49, 'Darcie R ', 10, 'Avda. Ampteller', 81, 16, 81, 226),
(50, 'Sibomuho B Hester', 5, 'Avda. plataforma espacial', 100, 21, 100, 259),
(51, 'Bujerebi  ', 8, 'Avda. asteroide', 52, 19, 52, 235),
(52, 'Jack  ', 11, 'Avda. Sr. Daryl   ', 181, 22, 181, 339),
(53, 'Kirstin V Brumfield', 1, 'Calle Tabtectra', 27, 16, 27, 30),
(54, 'Hukogo  ', 9, 'Plaza satélite', 104, 17, 104, 16),
(55, 'Roman X Anglin', 6, 'Calle El Subcycllet', 155, 19, 155, 237),
(56, 'Abigail  ', 6, 'Plaza  La Comcessedator', 172, 22, 172, 16),
(57, 'Siwu  ', 7, 'Plaza plataforma espacial', 80, 16, 80, 312),
(58, 'Tinisha  ', 6, 'Plaza Dr. Merle   ', 11, 15, 11, 205),
(59, 'Coralie  ', 3, 'Avda. estrella', 138, 22, 138, 303),
(60, 'Xugori  Rock', 2, 'Plaza  La plataforma espacial', 58, 19, 58, 214),
(61, 'Si  Fipi', 6, 'Plaza Dr. Adaline   ', 162, 18, 162, 299),
(62, 'Brigette  Lawless', 10, 'Avda. planeta', 109, 18, 109, 3),
(63, 'Oihino Z Dehart', 10, 'Calle El Comcessedator', 72, 22, 72, 246),
(64, 'Marcelo R ', 0, 'Plaza asteroide', 147, 18, 147, 52),
(65, 'Cixe  ', 5, 'Avda. estrella', 141, 25, 141, 102),
(66, 'Beraci U ', 7, 'Avda. Playculphone', 150, 21, 150, 218),
(67, 'Deanna  ', 10, 'Plaza plataforma espacial', 82, 23, 82, 219),
(68, 'Abel  ', 8, 'Plaza Tablifior', 128, 17, 128, 20),
(69, 'Tommy  ', 3, 'Plaza Uetake   ', 40, 23, 40, 37),
(70, 'Armanda  Bruner', 3, 'Plaza Teceivewer', 52, 18, 52, 165),
(71, 'Pegabuji P Hewitt', 11, 'Calle El satélite', 50, 17, 50, 300),
(72, 'Adolfo H ', 10, 'Calle satélite', 39, 25, 39, 22),
(73, 'Keila E Qevo', 6, 'Calle Carman   ', 73, 20, 73, 2),
(74, 'Vibu U Yu', 0, 'Plaza El Armpickry', 23, 25, 23, 293),
(75, 'Rey  Duqanehogi', 3, 'Calle Sra. Kekule   ', 22, 17, 22, 39),
(76, 'Albert  Cozahi', 11, 'Plaza cinturón de asteroides', 2, 20, 2, 38),
(77, 'Cyril  Obrien', 11, 'Calle El Concordfiar', 77, 23, 77, 9),
(78, 'Merlin C ', 3, 'Calle Transbandentor', 163, 23, 163, 310),
(79, 'Trenton H Gale', 4, 'Avda. satélite', 55, 17, 55, 181),
(80, 'Eeme H Angulo', 14, 'Avda. plataforma espacial', 7, 15, 7, 104),
(81, 'Rakowi  ', 13, 'Calle Teceivefridge', 26, 25, 26, 330),
(82, 'Eo  ', 1, 'Calle Siko   ', 127, 23, 127, 41),
(83, 'Caleb W ', 9, 'Plaza satélite', 91, 23, 91, 343),
(84, 'Qicoli O ', 9, 'Calle Charpickra', 158, 19, 158, 94),
(85, 'Ooliyo B ', 4, 'Avda. Vomilife   ', 73, 16, 73, 8),
(86, 'Lelo E Cudizahojo', 8, 'Calle Spring Au  ', 138, 20, 138, 59),
(87, 'Uere  Rockwell', 4, 'Calle  La plataforma espacial', 30, 18, 30, 51),
(88, 'Wekofi L ', 10, 'Avda.  La Armpickry', 136, 22, 136, 306),
(89, 'Mi  Vihuce', 7, 'Plaza Suzanne   ', 166, 19, 166, 69),
(90, 'Yele  ', 3, 'Plaza Sr. Io   ', 159, 18, 159, 344),
(91, 'Brady T ', 6, 'Calle Cablifiupscope', 162, 22, 162, 51),
(92, 'Tayefeco  Lawrence', 8, 'Plaza Dugago   ', 138, 18, 138, 299),
(93, 'Zucolevu  ', 7, 'Plaza plataforma espacial', 3, 20, 3, 301),
(94, 'Hoqixe  Obryan', 15, 'Calle Dogubumi Vazquez  ', 152, 17, 152, 274),
(95, 'Michael  ', 14, 'Plaza Cartceivscope', 22, 18, 22, 32),
(96, 'Piriqe  ', 3, 'Avda. planeta', 68, 23, 68, 39),
(97, 'Reanna J ', 3, 'Calle Dr. Beselisa Vu  ', 45, 24, 45, 201),
(98, 'Pisewi P ', 6, 'Avda. Charceivscope', 58, 16, 58, 281),
(99, 'Bruno M Aayiqebu', 9, 'Calle Levi Prince  ', 176, 19, 176, 222),
(100, 'Toby  ', 9, 'Plaza  La Concordfiar', 168, 19, 168, 316),
(101, 'Iamoni O ', 4, 'Avda. Ei   ', 1, 15, 1, 268),
(102, 'Aosije G ', 11, 'Calle Armtopommor', 20, 21, 20, 227),
(103, 'Gomohu J Hiatt', 7, 'Plaza cinturón de asteroides', 117, 25, 117, 23),
(104, 'Lorina T Yohasayu', 0, 'Plaza Cleantinscope', 18, 18, 18, 303),
(105, 'Jody  ', 1, 'Plaza El asteroide', 198, 21, 198, 259),
(106, 'Alden  ', 7, 'Calle asteroide', 21, 16, 21, 5),
(107, 'Seymour M Bimodu', 1, 'Calle  La estrella', 32, 21, 32, 6),
(108, 'Pilar  Woodruff', 1, 'Calle Comcordentor', 17, 20, 17, 100),
(109, 'Daphine  Laws', 8, 'Avda.  La planeta', 3, 20, 3, 183),
(110, 'Dululi D ', 14, 'Plaza  La Charwoofor', 164, 22, 164, 200),
(111, 'Aleshia X ', 14, 'Avda. satélite', 114, 22, 114, 305),
(112, 'Ra F ', 4, 'Avda. Pablo   ', 1, 19, 1, 86),
(113, 'Stanford U Danije', 4, 'Calle Armholdar', 118, 24, 118, 4),
(114, 'Robbie  Brunner', 8, 'Calle El Charwoofor', 72, 17, 72, 21),
(115, 'Vutilo P ', 8, 'Plaza cinturón de asteroides', 110, 20, 110, 249),
(116, 'Je  ', 5, 'Avda. cinturón de asteroides', 71, 18, 71, 7),
(117, 'Rolland Q ', 0, 'Avda. El Speakjectphone', 1, 21, 1, 8),
(118, 'Go Q ', 0, 'Avda.  La estrella', 40, 25, 40, 295),
(119, 'Go C Dejesus', 15, 'Plaza Sra. Uumu   ', 116, 16, 116, 337),
(120, 'Crysta H ', 3, 'Avda. plataforma espacial', 53, 18, 53, 96),
(121, 'Abdul  ', 15, 'Avda. El asteroide', 79, 15, 79, 348),
(122, 'Ioka  Fite', 6, 'Plaza Lady Angelo   ', 136, 16, 136, 52),
(123, 'Cusise  Sayutiwi', 3, 'Calle Tweetleedator', 17, 25, 17, 37),
(124, 'Timothy  ', 10, 'Avda.  La Speakjectphone', 174, 21, 174, 80),
(125, 'Be  ', 4, 'Avda.  La Micjectommscope', 87, 25, 87, 225),
(126, 'Xuve  Galindo', 15, 'Avda. Domonique   ', 31, 22, 31, 294),
(127, 'Jo  ', 15, 'Avda. Comtaer', 147, 24, 147, 46),
(128, 'Apryl T Ruqonoye', 12, 'Avda. Ampniaquer', 178, 25, 178, 115),
(129, 'Nesato U Roden', 4, 'Calle Elaina   ', 187, 23, 187, 90),
(130, 'Jayne  ', 11, 'Avda. Monoputridge', 189, 22, 189, 51),
(131, 'Hedino  Delacruz', 5, 'Plaza El Micjectommscope', 190, 19, 190, 7),
(132, 'Jenifer D ', 14, 'Calle El satélite', 15, 23, 15, 346),
(133, 'Teodoro M ', 7, 'Avda. Pucuhe Aepokuzazo  ', 182, 18, 182, 339),
(134, 'Ian  ', 13, 'Calle El asteroide', 91, 16, 91, 178),
(135, 'Abbie  Uakabo', 6, 'Avda. Tabcordar', 186, 15, 186, 108),
(136, 'Francisca O ', 7, 'Plaza El Tabcordlet', 75, 23, 75, 252),
(137, 'Cuxato  Ioye', 8, 'Plaza Tweettinphone', 25, 18, 25, 247),
(138, 'Ei E Hibbard', 7, 'Calle  La plataforma espacial', 29, 20, 29, 2),
(139, 'Wokufu N Lawson', 0, 'Calle  La plataforma espacial', 64, 16, 64, 37),
(140, 'Mureba  ', 11, 'Plaza Kandis Mireles  ', 124, 18, 124, 266),
(141, 'Sa  Hickey', 0, 'Calle planeta', 38, 21, 38, 260),
(142, 'Lucienne  ', 5, 'Avda. Eadihope Oiyo  ', 136, 16, 136, 52),
(143, 'Adelaida M ', 14, 'Calle  La Tabcordlet', 24, 17, 24, 175),
(144, 'Kabojata  Ocampo', 14, 'Calle satélite', 185, 16, 185, 151),
(145, 'Qeteda I Polefage', 14, 'Plaza Readculepscope', 77, 20, 77, 267),
(146, 'Adaline  Roderick', 5, 'Avda. Cartjectscope', 93, 25, 93, 52),
(147, 'Goreho O ', 7, 'Plaza Doña Fusa Gakitapu  ', 6, 20, 6, 248),
(148, 'Mikel P ', 8, 'Calle cinturón de asteroides', 186, 21, 186, 118),
(149, 'Zafefi  Oocalici', 0, 'Avda. Robt   ', 187, 21, 187, 256),
(150, 'Picuwevi L ', 0, 'Avda. Conputar', 19, 18, 19, 310),
(151, 'Alejandro J ', 3, 'Calle  La Transpickexra', 31, 19, 31, 92),
(152, 'Ii  ', 1, 'Avda. Tude   ', 200, 19, 200, 100),
(153, 'Taname  Zemoli', 15, 'Avda. satélite', 178, 16, 178, 150),
(154, 'Seth  ', 2, 'Avda.  La Cleantelledgor', 18, 22, 18, 236),
(155, 'Melofaqu D ', 7, 'Calle  La plataforma espacial', 143, 16, 143, 99),
(156, 'Modesta Z ', 8, 'Plaza  La planeta', 24, 18, 24, 319),
(157, 'Toshia  Mevipima', 4, 'Avda. Bubifa Pepuga  ', 165, 22, 165, 336),
(158, 'Troy J ', 14, 'Plaza Cabceivar', 34, 18, 34, 170),
(159, 'Cezi  ', 4, 'Calle  La Monoputry', 80, 21, 80, 230),
(160, 'Akiko D ', 2, 'Avda.  La Subcordedgphone', 127, 24, 127, 1),
(161, 'Reuben X ', 10, 'Plaza planeta', 193, 23, 193, 270),
(162, 'Ce T ', 9, 'Avda. Bret Pringle  ', 106, 17, 106, 80),
(163, 'Rilu  ', 15, 'Avda. satélite', 63, 25, 63, 3),
(164, 'Adan  Lawton', 10, 'Avda. Lady Adam   ', 37, 20, 37, 1),
(165, 'Quincy S ', 3, 'Calle Contara', 88, 22, 88, 268),
(166, 'Mario F ', 4, 'Calle estrella', 4, 20, 4, 165),
(167, 'Toku D Lebali', 2, 'Calle cinturón de asteroides', 76, 20, 76, 326),
(168, 'Dolores  ', 12, 'Calle Combandor', 83, 23, 83, 43),
(169, 'Kathrine  ', 7, 'Calle Macy Shook  ', 90, 21, 90, 39),
(170, 'Celena J Yigo', 3, 'Avda. planeta', 200, 24, 200, 327),
(171, 'Danny  ', 9, 'Avda. El Transpickexra', 97, 24, 97, 324),
(172, 'Bo  Stubbs', 1, 'Avda.  La Ampteller', 198, 19, 198, 292),
(173, 'Laquita N Anthony', 13, 'Calle  La Tabtectra', 189, 24, 189, 195),
(174, 'Tazozi C Terikale', 8, 'Calle planeta', 77, 24, 77, 116),
(175, 'Frederick  ', 14, 'Calle El Cleantelledgor', 56, 20, 56, 324),
(176, 'Darnell  ', 10, 'Calle Benito Kamohi  ', 151, 17, 151, 150),
(177, 'Adaline U Qaticefo', 8, 'Calle El satélite', 29, 25, 29, 139),
(178, 'Agatha  Woods', 2, 'Plaza planeta', 164, 18, 164, 92),
(179, 'Nathan  ', 1, 'Avda. Sonja Zeneqevoku  ', 14, 18, 14, 7),
(180, 'Ada  ', 2, 'Avda. Stereomutphone', 36, 18, 36, 68),
(181, 'Cherelle  Ocasio', 9, 'Plaza Cartcordgaar', 18, 15, 18, 86),
(182, 'Lyman V Wube', 1, 'Avda. Tweettaollry', 53, 23, 53, 12),
(183, 'Dimple  ', 12, 'Plaza asteroide', 110, 18, 110, 106),
(184, 'Uihe  ', 9, 'Calle Playtiner', 54, 18, 54, 161),
(185, 'Jeffery O Rodgers', 5, 'Avda. Computerra', 121, 20, 121, 122),
(186, 'Lenita  ', 4, 'Plaza estrella', 5, 17, 5, 27),
(187, 'Zo B ', 7, 'Avda. Stereoniollar', 140, 15, 140, 336),
(188, 'Nora F Zuma', 4, 'Avda. planeta', 80, 24, 80, 81),
(189, 'Zufopu O Aosu', 9, 'Plaza El Monoputry', 139, 24, 139, 22),
(190, 'Rewu G ', 1, 'Plaza  La plataforma espacial', 44, 20, 44, 316),
(191, 'Gimuqe N Babi', 6, 'Calle satélite', 91, 22, 91, 86),
(192, 'Ouzo I ', 9, 'Avda. satélite', 60, 18, 60, 3),
(193, 'Veme  ', 4, 'Calle planeta', 6, 25, 6, 313),
(194, 'Dustin  ', 7, 'Plaza Qegili   ', 8, 25, 8, 270),
(195, 'Alethia  ', 3, 'Plaza Armmutor', 102, 21, 102, 18),
(196, 'Kajiqi  Fedineco', 8, 'Avda. Ie Denujo  ', 180, 18, 180, 36),
(197, 'Iuqaqu  ', 15, 'Plaza Lady Mohinu Vega  ', 90, 23, 90, 123),
(198, 'Raul W Gallagher', 12, 'Avda. Playtellator', 15, 19, 15, 89),
(199, 'Aema C Ochoa', 15, 'Avda. Juliet   ', 63, 21, 63, 63),
(200, 'Li  ', 6, 'Avda. Micceivewentor', 26, 16, 26, 142),
(201, 'Peri W Hickman', 3, 'Avda. Comcyclinry', 155, 22, 155, 5),
(202, 'Vasu  ', 14, 'Avda. Printfindoper', 88, 25, 88, 6),
(203, 'Dokobe  Lay', 14, 'Avda. asteroide', 9, 19, 9, 259),
(204, 'Jemuma  ', 10, 'Plaza Soraya   ', 28, 17, 28, 88),
(205, 'Wadejo O Delagarza', 8, 'Plaza Quqehi Browder  ', 158, 25, 158, 60),
(206, 'Lizuposi D ', 1, 'Calle El cinturón de asteroides', 120, 22, 120, 308),
(207, 'Sherly Q Cokeqeliju', 7, 'Plaza  La planeta', 88, 24, 88, 317),
(208, 'Elliott  Hicks', 5, 'Plaza Playcessor', 39, 16, 39, 89),
(209, 'Phebe N Vibope', 9, 'Plaza estrella', 74, 19, 74, 59),
(210, 'Eulalia V ', 3, 'Plaza cinturón de asteroides', 31, 16, 31, 120),
(211, 'Catherin  ', 2, 'Avda. El Subcordedgphone', 132, 20, 132, 20),
(212, 'Zoyu  ', 6, 'Avda. asteroide', 169, 24, 169, 350),
(213, 'Vuraku  Kadila', 6, 'Avda.  La planeta', 39, 15, 39, 267),
(214, 'Ierecopu  ', 2, 'Plaza Cabceiver', 157, 20, 157, 301),
(215, 'Adrian P ', 3, 'Avda. El satélite', 141, 25, 141, 46),
(216, 'Eddy  Rodrigue', 2, 'Avda. satélite', 200, 19, 200, 39),
(217, 'Raymundo U Layman', 14, 'Avda. cinturón de asteroides', 134, 17, 134, 240),
(218, 'Fu  Eiceguki', 7, 'Plaza plataforma espacial', 93, 19, 93, 243),
(219, 'Pona  Wupotani', 15, 'Plaza Aelatu Hancock  ', 60, 24, 60, 204),
(220, 'Jesi  Wituda', 8, 'Plaza  La estrella', 24, 24, 24, 206),
(221, 'Marna E ', 8, 'Avda. Tweetlictor', 131, 18, 131, 139),
(222, 'Antonina  Fosimoqo', 11, 'Calle Comfindefentor', 61, 18, 61, 218),
(223, 'Keeley C ', 7, 'Calle cinturón de asteroides', 8, 24, 8, 285),
(224, 'Bethel E ', 12, 'Calle asteroide', 35, 23, 35, 298),
(225, 'Uelekupu  Xo', 9, 'Avda. planeta', 132, 15, 132, 51),
(226, 'Lozosu Q Zajema', 4, 'Avda. Armtaleter', 184, 25, 184, 191),
(227, 'Qecoca W ', 6, 'Plaza Comholdlet', 43, 15, 43, 207),
(228, 'Oeve  ', 2, 'Avda. El satélite', 7, 19, 7, 234),
(229, 'Bobbie F Stuckey', 3, 'Avda. Monoleor', 2, 21, 2, 156),
(230, 'Iucoya A ', 0, 'Calle Denoru   ', 52, 19, 52, 324),
(231, 'Abigail  Lite', 11, 'Avda. asteroide', 151, 16, 151, 55),
(232, 'Uo P Oconnell', 8, 'Plaza Subpickiner', 160, 17, 160, 76),
(233, 'Bruno L Gallant', 10, 'Plaza  La planeta', 99, 23, 99, 208),
(234, 'Auwejoke V Delarosa', 8, 'Avda.  La planeta', 114, 18, 114, 38),
(235, 'Lenora V Cavevade', 5, 'Plaza Clarence Andersen  ', 114, 23, 114, 279),
(236, 'Alphonse H ', 5, 'Calle  La Playculphone', 34, 15, 34, 332),
(237, 'Reniki J ', 7, 'Calle Tweetmuter', 38, 21, 38, 163),
(238, 'Wuwu  Yekiguji', 9, 'Avda. plataforma espacial', 156, 19, 156, 9),
(239, 'Jibo  Jima', 3, 'Plaza El Ampteller', 41, 20, 41, 9),
(240, 'Ao  Woodson', 1, 'Calle Comtectletra', 118, 16, 118, 83),
(241, 'Qi G ', 9, 'Calle  La planeta', 71, 22, 71, 2),
(242, 'Sume  Oipibaje', 3, 'Plaza asteroide', 27, 25, 27, 219),
(243, 'Dofeve  Kuji', 10, 'Avda. plataforma espacial', 59, 24, 59, 57),
(244, 'Qazesi Y Yuso', 6, 'Plaza satélite', 136, 15, 136, 51),
(245, 'Dane E Xebola', 7, 'Avda. Max   ', 143, 15, 143, 228),
(246, 'Kola O Stull', 15, 'Plaza planeta', 55, 23, 55, 16),
(247, 'Albina  ', 7, 'Avda.  La estrella', 64, 21, 64, 2),
(248, 'Ueyu  ', 0, 'Calle El cinturón de asteroides', 82, 22, 82, 298),
(249, 'Zoto S Yitafo', 4, 'Avda.  La Tablifior', 177, 19, 177, 19),
(250, 'Sowiju  ', 5, 'Plaza  La planeta', 129, 18, 129, 89),
(251, 'Runiki  Bruno', 3, 'Calle El asteroide', 125, 18, 125, 173),
(252, 'Ziwe  ', 1, 'Calle El satélite', 116, 22, 116, 67),
(253, 'Loje  ', 11, 'Calle Tabfindra', 118, 21, 118, 27),
(254, 'Piwegida E ', 1, 'Calle El Tabtectra', 26, 19, 26, 267),
(255, 'Yefu  Kiquzipo', 14, 'Avda. Teputscope', 60, 18, 60, 238),
(256, 'Komore M Rodrigues', 11, 'Calle Subjectra', 8, 24, 8, 68),
(257, 'Qicefe  Aezike', 2, 'Calle planeta', 8, 15, 8, 144),
(258, 'Abby T Laronufo', 0, 'Avda. Dr. John Jafuza  ', 4, 19, 4, 123),
(259, 'Doqiwuhe  ', 14, 'Calle planeta', 77, 20, 77, 204),
(260, 'Bryon  Antoine', 2, 'Calle Playputicphone', 39, 22, 39, 186),
(261, 'Roxann  ', 0, 'Avda. Ampleridge', 125, 17, 125, 143),
(262, 'Spencer N ', 7, 'Plaza Cabtaommor', 41, 21, 41, 42),
(263, 'Oefu  ', 1, 'Calle Don Tayi Jofegi  ', 123, 22, 123, 65),
(264, 'Mihabi  ', 3, 'Plaza asteroide', 80, 15, 80, 308),
(265, 'Miseqe  Yekewoxila', 8, 'Plaza Huvu Pojeti  ', 170, 17, 170, 143),
(266, 'Delevu R ', 10, 'Plaza  La Teceivewer', 52, 23, 52, 3),
(267, 'Deroga T Wecaweje', 6, 'Plaza planeta', 22, 18, 22, 190),
(268, 'Bernadette W Oconner', 10, 'Calle satélite', 12, 21, 12, 37),
(269, 'Ji U Mu', 13, 'Plaza Stereocordra', 165, 25, 165, 144),
(270, 'Noelia  Bruns', 4, 'Plaza Clemencia Qimura  ', 79, 17, 79, 86),
(271, 'Lionel  Guhuba', 5, 'Plaza cinturón de asteroides', 75, 23, 75, 51),
(272, 'Conulaso  ', 12, 'Calle  La Transbandentor', 30, 21, 30, 165),
(273, 'Yiyuyi  Gallardo', 3, 'Avda.  La planeta', 8, 16, 8, 347),
(274, 'Bozele  Hickson', 4, 'Avda. Zuxu   ', 198, 24, 198, 78),
(275, 'Loke  Kebe', 7, 'Calle  La estrella', 10, 21, 10, 241),
(276, 'Wida  ', 4, 'Calle  La plataforma espacial', 16, 21, 16, 210),
(277, 'Guvuguxi M Antonio', 8, 'Avda. Tabtaollry', 27, 16, 27, 40),
(278, 'Eleonora B Rodriguez', 9, 'Avda. El cinturón de asteroides', 9, 19, 9, 193),
(279, 'Wallace  ', 7, 'Calle satélite', 7, 18, 7, 9),
(280, 'Maye  Brunson', 12, 'Calle Lord Puho Zijobo  ', 151, 17, 151, 94),
(281, 'Ruluyo  ', 1, 'Avda.  La planeta', 1, 21, 1, 58),
(282, 'Kazoxu V Oconnor', 13, 'Plaza  La plataforma espacial', 66, 17, 66, 152),
(283, 'Jerry B Delatorre', 3, 'Calle  La Teceivefridge', 58, 19, 58, 81),
(284, 'Arnoldo  ', 0, 'Calle El cinturón de asteroides', 167, 20, 167, 162),
(285, 'Voti  ', 9, 'Avda. Quyule Guyibi  ', 88, 17, 88, 258),
(286, 'Coye  ', 14, 'Calle estrella', 172, 21, 172, 3),
(287, 'Nona H Layne', 14, 'Calle Tweetlifira', 94, 19, 94, 251),
(288, 'Fetide J ', 12, 'Avda. planeta', 5, 21, 5, 44),
(289, 'Yivi U Lixuhe', 13, 'Avda. Conceivoller', 85, 19, 85, 193),
(290, 'Tuxu W Po', 5, 'Calle Tabtinra', 144, 22, 144, 87),
(291, 'Hagu  Qiseza', 9, 'Calle plataforma espacial', 4, 23, 4, 282),
(292, 'Guvo  ', 8, 'Plaza Speaktecton', 7, 23, 7, 244),
(293, 'Grant  ', 14, 'Calle estrella', 50, 25, 50, 213),
(294, 'Yijesera I ', 10, 'Avda. Camellia   ', 105, 19, 105, 189),
(295, 'Conception  ', 10, 'Avda. Renate Mcarthur  ', 175, 24, 175, 273),
(296, 'Iuboye D ', 9, 'Avda. Fevavava Kilgore  ', 25, 17, 25, 9),
(297, 'Adelaida R Iuxa', 12, 'Avda. plataforma espacial', 141, 18, 141, 35),
(298, 'Bulaziha Z ', 15, 'Calle Ancessedlet', 1, 16, 1, 324),
(299, 'Lefomise  Apodaca', 2, 'Avda.  La Charpickra', 73, 24, 73, 121),
(300, 'Qa U ', 10, 'Plaza Speakmutridge', 70, 22, 70, 127),
(301, 'Voloyi  Hidalgo', 11, 'Plaza Sr. Andrew   ', 109, 19, 109, 2),
(302, 'Benny Z Woodward', 11, 'Avda. Sr. Mavo   ', 50, 25, 50, 17),
(303, 'Weguyabu  Layton', 3, 'Avda. cinturón de asteroides', 62, 18, 62, 350),
(304, 'Abbie  Audove', 12, 'Avda.  La plataforma espacial', 120, 22, 120, 110),
(305, 'Wahapa  ', 9, 'Avda. El satélite', 55, 24, 55, 200),
(306, 'Buford  Oaxova', 1, 'Plaza  La Cablifiupscope', 51, 22, 51, 91),
(307, 'Verda  Stump', 7, 'Avda. Gwenn Mitchell  ', 76, 17, 76, 194),
(308, 'Alexa E Higdon', 7, 'Plaza  La planeta', 73, 24, 73, 7),
(309, 'Wevure  ', 14, 'Plaza El Playculphone', 149, 25, 149, 208),
(310, 'Iihuvobo  Bavowuda', 1, 'Plaza Tabmuter', 107, 16, 107, 315),
(311, 'Mocajoyu  Bruton', 8, 'Plaza Telictefry', 177, 16, 177, 290),
(312, 'Mahalia  ', 4, 'Calle Sublicteper', 33, 17, 33, 216),
(313, 'Rupert H ', 1, 'Calle El Tablifior', 32, 22, 32, 75),
(314, 'Tama  ', 2, 'Calle planeta', 103, 21, 103, 266),
(315, 'Rose O ', 8, 'Calle plataforma espacial', 106, 21, 106, 29),
(316, 'Verdie Y Jocunita', 2, 'Calle plataforma espacial', 109, 17, 109, 229),
(317, 'Beula  Rodriquez', 5, 'Plaza plataforma espacial', 83, 16, 83, 91),
(318, 'Mike  ', 4, 'Calle satélite', 115, 25, 115, 179),
(319, 'Darin  Cuwacama', 3, 'Avda.  La planeta', 73, 23, 73, 75),
(320, 'Si O Jacixebe', 5, 'Plaza planeta', 36, 25, 36, 6),
(321, 'Audrey I ', 4, 'Avda. Tula Nidabu  ', 2, 15, 2, 339),
(322, 'Damian S Sujabeyu', 2, 'Avda. Ampniicor', 145, 17, 145, 169),
(323, 'Joseph  ', 15, 'Avda. estrella', 172, 25, 172, 16),
(324, 'Douglas N Leach', 8, 'Plaza Concordra', 112, 22, 112, 256),
(325, 'Clement X ', 13, 'Calle El Teceivewer', 148, 15, 148, 138),
(326, 'Eu N Gallegos', 15, 'Avda. Conleicor', 98, 16, 98, 317),
(327, 'Cynthia O ', 5, 'Calle Moza Pritchard  ', 94, 20, 94, 91),
(328, 'Ethan  ', 11, 'Calle Suplifientor', 11, 19, 11, 8),
(329, 'Benton H ', 15, 'Calle Speakputimor', 16, 25, 16, 176),
(330, 'Haya  ', 1, 'Avda. Printputra', 134, 22, 134, 91),
(331, 'Aunulu K ', 13, 'Calle  La Cartceivscope', 17, 19, 17, 27),
(332, 'Mecu B ', 5, 'Calle Don Zexo Mcbee  ', 131, 16, 131, 5),
(333, 'Oibu  Iu', 6, 'Calle El cinturón de asteroides', 131, 25, 131, 113),
(334, 'Hertha  Aponte', 8, 'Plaza Remuter', 75, 20, 75, 150),
(335, 'Woodrow O ', 5, 'Avda. Doña Clarinda   ', 56, 15, 56, 315),
(336, 'Oecaxi  ', 11, 'Calle El Transbandentor', 189, 22, 189, 4),
(337, 'Neqije  Qupi', 10, 'Calle El satélite', 7, 22, 7, 124),
(338, 'Luxe  Higginbotham', 13, 'Plaza Micputefer', 95, 16, 95, 237),
(339, 'Nowu A ', 8, 'Avda. satélite', 69, 25, 69, 10),
(340, 'Yulu  ', 3, 'Plaza planeta', 96, 23, 96, 304),
(341, 'Alfred  Odell', 14, 'Avda. planeta', 115, 24, 115, 15),
(342, 'Goxomo  Nubaqumu', 9, 'Plaza Sanjuanita Killian  ', 71, 25, 71, 34),
(343, 'Chasity  ', 12, 'Avda.  La planeta', 27, 21, 27, 224),
(344, 'Mufu Z Leahy', 7, 'Calle estrella', 4, 23, 4, 13),
(345, 'Ariel I ', 13, 'Plaza Concetta   ', 172, 20, 172, 260),
(346, 'Antwan X Qegexuci', 8, 'Plaza Armbandefphone', 116, 15, 116, 240),
(347, 'Gusi F ', 10, 'Plaza Tablifiewer', 11, 19, 11, 148),
(348, 'Thomasena  ', 12, 'Calle Doña Leota   ', 45, 24, 45, 177),
(349, 'Uafixa G Woodworth', 10, 'Calle Jimiwo Eubanks  ', 90, 16, 90, 149),
(350, 'Gi  ', 12, 'Calle satélite', 195, 21, 195, 19),
(351, 'Hisute K Seyiba', 8, 'Avda. Lady Vixito Mixon  ', 123, 17, 123, 250),
(352, 'Markita  Sturgeon', 15, 'Avda. El satélite', 143, 16, 143, 181),
(353, 'Kenneth H ', 10, 'Calle plataforma espacial', 45, 25, 45, 334),
(354, 'Rewufi  ', 11, 'Plaza Printtagaridge', 91, 25, 91, 279),
(355, 'Odell  Bryan', 0, 'Calle Verdie   ', 84, 18, 84, 3),
(356, 'Randall X Applegate', 4, 'Plaza planeta', 76, 16, 76, 100),
(357, 'Dian  Rogers', 10, 'Calle Tabtoperphone', 28, 23, 28, 218),
(358, 'Yizote F ', 1, 'Calle planeta', 30, 23, 30, 284),
(359, 'Gricelda Y Tabana', 12, 'Avda. Sir Samuel Hand  ', 179, 20, 179, 131),
(360, 'Lakenya  ', 14, 'Avda. Readcordscope', 171, 21, 171, 349),
(361, 'Ernest  Wafawuri', 14, 'Avda. El Teceivefridge', 18, 16, 18, 248),
(362, 'Johnie Y Lesa', 0, 'Plaza Sra. Abram   ', 80, 20, 80, 233),
(363, 'Kivipi  ', 1, 'Calle El Charpickra', 70, 23, 70, 7),
(364, 'Israel  ', 7, 'Calle Chloe Wokofofe  ', 51, 23, 51, 169),
(365, 'Christopher  ', 12, 'Avda. Projecton', 95, 18, 95, 31),
(366, 'Xaceko  Higgins', 3, 'Avda. planeta', 87, 22, 87, 177),
(367, 'Brenna  ', 14, 'Avda. Bapeniyi Namona  ', 194, 18, 194, 291),
(368, 'Kigi  Oden', 5, 'Avda. Projectoper', 96, 20, 96, 263),
(369, 'Morazu  Aeqaca', 5, 'Avda. Armbandonar', 19, 25, 19, 6),
(370, 'Tyree  ', 1, 'Avda. Charcorderer', 84, 21, 84, 284),
(371, 'Eugenie  Fuliwa', 12, 'Avda. planeta', 54, 24, 54, 266),
(372, 'Coko P ', 13, 'Avda. asteroide', 61, 20, 61, 94),
(373, 'Alina F Leak', 0, 'Calle Readtopry', 19, 15, 19, 137),
(374, 'Jude  ', 13, 'Calle Monotinridge', 121, 17, 121, 175),
(375, 'Lessie A ', 0, 'Calle Stereotinaquer', 140, 20, 140, 7),
(376, 'Iedeka W Jurimika', 7, 'Calle Anlifiepentor', 155, 15, 155, 13),
(377, 'Hasequ  ', 11, 'Avda. cinturón de asteroides', 8, 17, 8, 66),
(378, 'Dominick Y ', 7, 'Plaza Sr. Ke   ', 4, 16, 4, 15),
(379, 'Yaqo X Rohr', 6, 'Avda.  La Charceivscope', 48, 23, 48, 321),
(380, 'Yujifi Q ', 13, 'Calle  La planeta', 60, 15, 60, 170),
(381, 'Uiguro  ', 8, 'Calle planeta', 102, 25, 102, 324),
(382, 'Vu  ', 13, 'Plaza Paulita Yipova  ', 60, 24, 60, 32),
(383, 'Eeto  Semiro', 3, 'Calle Anbandicer', 9, 17, 9, 29),
(384, 'Joho N ', 1, 'Plaza Playtellefar', 193, 24, 193, 194),
(385, 'Ianemi J Iega', 4, 'Avda. Anleor', 51, 16, 51, 209),
(386, 'Gaqo V Vani', 14, 'Plaza Tijeneje   ', 3, 16, 3, 334),
(387, 'Coleman  Mulanu', 7, 'Avda. Alden Brower  ', 90, 20, 90, 222),
(388, 'Heco O Ruqe', 8, 'Plaza plataforma espacial', 41, 23, 41, 87),
(389, 'Hasize C ', 8, 'Plaza Sir Elois Anderson  ', 149, 20, 149, 188),
(390, 'Adrian  Bryant', 9, 'Plaza El Cablifiupscope', 33, 15, 33, 93),
(391, 'Erik U Cumokifo', 15, 'Calle Speakbandphone', 19, 20, 19, 278),
(392, 'Rufapu  ', 13, 'Avda. Tweetcorder', 103, 21, 103, 323),
(393, 'Kristel  ', 2, 'Calle Dr. Fayexo Brown  ', 49, 22, 49, 144),
(394, 'Xaju  ', 8, 'Plaza Lord Reginald   ', 108, 20, 108, 257),
(395, 'Varada  Aquino', 13, 'Calle estrella', 48, 24, 48, 137),
(396, 'Uiyepo C ', 5, 'Avda. Playtinupscope', 55, 15, 55, 172),
(397, 'Aapaye F Deleon', 6, 'Avda.  La Armtopommor', 159, 20, 159, 151),
(398, 'Zira N ', 13, 'Plaza Rinuca Andrade  ', 99, 17, 99, 111),
(399, 'Molelo  ', 12, 'Avda. satélite', 28, 22, 28, 70),
(400, 'Duwe  ', 12, 'Calle estrella', 40, 23, 40, 192),
(401, 'Abbie  Iezucije', 14, 'Avda. planeta', 133, 20, 133, 94),
(402, 'Erasmo M ', 6, 'Calle Dr. Nupi   ', 144, 23, 144, 33),
(403, 'Paulita F ', 6, 'Calle Micmutor', 154, 18, 154, 281),
(404, 'Valentin V Pive', 3, 'Plaza Subtinentor', 110, 23, 110, 48),
(405, 'Oawa R Gallo', 2, 'Avda. cinturón de asteroides', 132, 23, 132, 340),
(406, 'Juro V ', 12, 'Avda. cinturón de asteroides', 97, 22, 97, 267),
(407, 'Alejandra  ', 3, 'Plaza Max   ', 123, 17, 123, 22),
(408, 'Jagi X Delgadillo', 0, 'Avda. Sr. Yodu   ', 64, 20, 64, 85),
(409, 'Nicolasa  ', 14, 'Plaza El Cartceivscope', 168, 15, 168, 33),
(410, 'Jasmin F ', 11, 'Avda. Bilictridge', 182, 23, 182, 322),
(411, 'Lacie D ', 12, 'Avda. Lady Magan   ', 188, 22, 188, 63),
(412, 'Eiraru  Iohigu', 12, 'Avda. Cableaquor', 46, 21, 46, 297),
(413, 'Mase M ', 7, 'Plaza Biculiner', 76, 22, 76, 300),
(414, 'Xesoco  Galloway', 2, 'Plaza Conpickedger', 3, 22, 3, 30),
(415, 'Adell  Bryson', 8, 'Plaza satélite', 147, 19, 147, 145),
(416, 'Aepuna  Woody', 0, 'Plaza Tecordor', 77, 16, 77, 16),
(417, 'Adelaida F Ai', 9, 'Avda. El Charceivscope', 66, 23, 66, 274),
(418, 'Rayford  Odom', 8, 'Plaza El Armtopommor', 106, 20, 106, 116),
(419, 'Aisepo Z ', 15, 'Avda. plataforma espacial', 53, 19, 53, 2),
(420, 'Puzare G ', 7, 'Calle El cinturón de asteroides', 3, 21, 3, 312),
(421, 'Hide T ', 14, 'Calle estrella', 160, 17, 160, 14),
(422, 'Dofasi O ', 9, 'Avda. Doña Fapowusi Mcbride  ', 74, 21, 74, 307),
(423, 'Eufawuje X Higgs', 6, 'Plaza Readcessommry', 106, 16, 106, 282),
(424, 'Uojise  Lo', 15, 'Plaza El asteroide', 98, 25, 98, 50),
(425, 'Frank  Yaweqovu', 0, 'Calle plataforma espacial', 181, 22, 181, 147),
(426, 'Filimo H Zeyadusu', 4, 'Avda. Teniedger', 155, 24, 155, 327),
(427, 'Gezi O ', 0, 'Avda. planeta', 154, 19, 154, 38),
(428, 'Everette V Delgado', 9, 'Calle Milly Aa  ', 10, 20, 10, 255),
(429, 'Huhiso J ', 11, 'Calle  La Cleantinscope', 70, 18, 70, 6),
(430, 'Aohu G ', 9, 'Plaza Conplottry', 115, 16, 115, 338),
(431, 'Wurepaza  Yojoyo', 0, 'Calle estrella', 64, 24, 64, 273),
(432, 'Pima N ', 3, 'Avda. Riyaru Duloci  ', 9, 23, 9, 130),
(433, 'Adelaida  ', 4, 'Calle El Cleantinscope', 147, 20, 147, 147),
(434, 'Dion A Aragon', 3, 'Avda. Tabputor', 38, 20, 38, 22),
(435, 'Simagi V ', 5, 'Plaza Lady Nigel Shore  ', 160, 15, 160, 107),
(436, 'Garfield U Aicuqo', 6, 'Avda. Doña Colton   ', 89, 20, 89, 16),
(437, 'Jobi A Ioqekulu', 15, 'Plaza  La estrella', 147, 17, 147, 21),
(438, 'Jimi  ', 13, 'Calle Xudi Qawiso  ', 46, 20, 46, 154),
(439, 'Jacklyn  Warata', 3, 'Plaza  La Comcordentor', 171, 15, 171, 61),
(440, 'Rudy J Zobibo', 3, 'Plaza El satélite', 93, 17, 93, 183),
(441, 'Caleb M Ranona', 4, 'Avda. Cablifiletor', 93, 23, 93, 122),
(442, 'Loren  Cewehi', 10, 'Avda. asteroide', 92, 16, 92, 296),
(443, 'Cizu  Uekawele', 11, 'Calle Anibal   ', 133, 22, 133, 143),
(444, 'Sa D Tipa', 11, 'Plaza El satélite', 87, 25, 87, 326),
(445, 'Raleigh  Buchanan', 7, 'Plaza  La planeta', 42, 18, 42, 160),
(446, 'Kudeju I Aranda', 11, 'Plaza cinturón de asteroides', 109, 22, 109, 38),
(447, 'Demetrius  Rojas', 5, 'Calle estrella', 127, 15, 127, 7),
(448, 'Raylene  ', 6, 'Avda. Mexiwi Evans  ', 148, 15, 148, 236),
(449, 'Bennett S Sturgill', 11, 'Plaza asteroide', 17, 18, 17, 211),
(450, 'Haydee Y Duzuzo', 14, 'Avda.  La plataforma espacial', 82, 21, 82, 178),
(451, 'Alisia T Odonnell', 2, 'Plaza Proplotter', 177, 23, 177, 349),
(452, 'Corey  Caxenimi', 2, 'Plaza El Comcordentor', 152, 20, 152, 111),
(453, 'Lahofe  ', 7, 'Plaza Yu   ', 104, 22, 104, 48),
(454, 'Cori K ', 2, 'Avda. Sir Jacquie   ', 159, 23, 159, 135),
(455, 'Nufe  ', 13, 'Calle estrella', 4, 22, 4, 276),
(456, 'Lida  ', 5, 'Avda. Gofe   ', 2, 23, 2, 335),
(457, 'Sarane  ', 4, 'Avda.  La estrella', 16, 15, 16, 19),
(458, 'Loyd A ', 12, 'Plaza Tuso Pineporo  ', 157, 21, 157, 71),
(459, 'Zukofe X Qusenuru', 6, 'Avda. cinturón de asteroides', 22, 18, 22, 24),
(460, 'Logan M ', 4, 'Calle Tabtellridge', 94, 23, 94, 256),
(461, 'Krista Z ', 6, 'Plaza  La Armholdar', 103, 23, 103, 3),
(462, 'Christen P Qobewulu', 13, 'Plaza Yebegoji Daye  ', 145, 21, 145, 70),
(463, 'Wekaya D Wooldridge', 9, 'Avda. Mubayi Handley  ', 94, 18, 94, 180),
(464, 'Lucia  ', 14, 'Plaza  La Tweetleedator', 134, 22, 134, 51),
(465, 'Bede F Leleta', 8, 'Plaza Cartleopor', 5, 19, 5, 34),
(466, 'Po H Hacima', 15, 'Avda. Charplottommra', 27, 19, 27, 317),
(467, 'Alexia  Buck', 11, 'Avda. Tabbandar', 98, 18, 98, 208),
(468, 'Xumafu C ', 4, 'Calle Retiner', 61, 19, 61, 308),
(469, 'Mable W Arce', 15, 'Calle Sr. Belia   ', 1, 23, 1, 185),
(470, 'Nuwace M ', 14, 'Plaza satélite', 97, 15, 97, 265),
(471, 'Dajisu B ', 8, 'Plaza Comculator', 129, 15, 129, 145),
(472, 'Ada B ', 2, 'Plaza El Armholdar', 56, 25, 56, 123),
(473, 'Leslee U Waxi', 3, 'Avda. Armfindimor', 64, 22, 64, 84),
(474, 'Abram N ', 14, 'Avda. Sir Go Everett  ', 174, 23, 174, 8),
(475, 'Palmer  Popu', 8, 'Calle cinturón de asteroides', 31, 16, 31, 17),
(476, 'Ue  ', 1, 'Plaza Sir Nije   ', 89, 23, 89, 160),
(477, 'Jerrold N ', 13, 'Calle Supceivscope', 2, 16, 2, 187),
(478, 'Pe  ', 1, 'Plaza Montopator', 193, 16, 193, 301),
(479, 'Zoxu  Jucipeso', 14, 'Calle Printlictedentor', 3, 16, 3, 229),
(480, 'Jon K ', 2, 'Plaza planeta', 197, 15, 197, 275),
(481, 'Natebo  Galvan', 5, 'Plaza asteroide', 44, 18, 44, 88),
(482, 'Tenamo  ', 9, 'Calle Sir Adaline Pritchett  ', 40, 20, 40, 102),
(483, 'Shad B Qequwu', 6, 'Avda. El asteroide', 177, 25, 177, 213),
(484, 'Oocexa  Buckingham', 7, 'Plaza El cinturón de asteroides', 86, 20, 86, 282),
(485, 'Culo  Dell', 11, 'Plaza Tabmutedphone', 188, 20, 188, 2),
(486, 'Everette  ', 15, 'Calle El asteroide', 102, 25, 102, 38),
(487, 'Ellis I Aare', 7, 'Avda.  La Comtaer', 165, 22, 165, 155),
(488, 'Uopigi  Galvez', 9, 'Avda. Mu Iikuso  ', 188, 23, 188, 226),
(489, 'Elvis  ', 8, 'Plaza satélite', 42, 15, 42, 94),
(490, 'Cuyocu  Mabo', 9, 'Calle planeta', 9, 18, 9, 11),
(491, 'Noti N Nipupoma', 2, 'Calle asteroide', 20, 19, 20, 15),
(492, 'Dawuseca U ', 5, 'Avda. Doña Heba Browne  ', 95, 17, 95, 153),
(493, 'Iiyu  Sturm', 15, 'Plaza plataforma espacial', 82, 23, 82, 253),
(494, 'Zube Z ', 13, 'Avda. cinturón de asteroides', 122, 23, 122, 280),
(495, 'Cihe K ', 13, 'Calle estrella', 136, 25, 136, 76),
(496, 'Rowi  ', 3, 'Calle Michell   ', 74, 23, 74, 47),
(497, 'Cedric P Waka', 12, 'Avda. cinturón de asteroides', 55, 15, 55, 284),
(498, 'Qilitebo W Dellinger', 12, 'Plaza Amptaor', 5, 23, 5, 78),
(499, 'Britteny  Siqademu', 15, 'Avda. Stereolictpler', 37, 25, 37, 63),
(500, 'Munonici  ', 6, 'Plaza Fay   ', 64, 22, 64, 69),
(501, 'Humberto  ', 9, 'Avda. Adelaida Yapaba  ', 21, 22, 21, 7),
(502, 'Titus  Wooten', 8, 'Avda. cinturón de asteroides', 169, 23, 169, 23),
(503, 'Abby X Leake', 8, 'Calle Tabpickedphone', 73, 19, 73, 91),
(504, 'Elise K ', 10, 'Calle Waze Handy  ', 100, 19, 100, 8),
(505, 'Devon  Iodeje', 3, 'Calle El Tweetleedator', 129, 18, 129, 93),
(506, 'Vernon  Archer', 7, 'Avda. Lady Yolande Mize  ', 119, 17, 119, 299),
(507, 'Derick J ', 3, 'Plaza Monpickedon', 38, 23, 38, 341),
(508, 'Yiruge C Galvin', 1, 'Plaza Computexer', 46, 16, 46, 58),
(509, 'Cecille U Buckley', 7, 'Avda. Lila Everhart  ', 48, 17, 48, 143),
(510, 'Dave  ', 12, 'Avda. Erica   ', 49, 25, 49, 92),
(511, 'Komuci  Styles', 9, 'Calle  La plataforma espacial', 3, 15, 3, 302),
(512, 'Dane R ', 3, 'Avda. El satélite', 193, 22, 193, 23),
(513, 'Gulepe A ', 9, 'Calle  La Ampniaquer', 112, 16, 112, 154),
(514, 'Novi  High', 3, 'Avda. Alexander Pave  ', 106, 22, 106, 41),
(515, 'Catheryn  Leal', 11, 'Avda. Dr. Aeyi Velasco  ', 137, 22, 137, 275),
(516, 'Dwight A Hightower', 12, 'Avda. estrella', 2, 24, 2, 164),
(517, 'Fausto  Renucixo', 14, 'Calle  La Monoputridge', 86, 19, 86, 131),
(518, 'Adam X Uujeqixi', 3, 'Plaza  La planeta', 193, 18, 193, 108),
(519, 'Lonnie X Lazalaye', 7, 'Calle El cinturón de asteroides', 129, 21, 129, 135),
(520, 'Ridi  ', 1, 'Avda. Transceivexlet', 19, 22, 19, 318),
(521, 'Adaline A ', 11, 'Calle  La Tabcordar', 31, 24, 31, 314),
(522, 'Za  ', 7, 'Plaza  La Tweettinphone', 59, 18, 59, 9),
(523, 'Zohija Y ', 13, 'Plaza Dr. Rachel   ', 163, 23, 163, 170),
(524, 'Metaso K ', 12, 'Avda. estrella', 50, 19, 50, 227),
(525, 'Xakaso  Lear', 2, 'Avda. El Comtaer', 151, 24, 151, 325),
(526, 'Vere E Wadote', 10, 'Avda. Readculra', 168, 20, 168, 269),
(527, 'Hilewi  Navoni', 7, 'Calle Sra. Gemi   ', 13, 18, 13, 213),
(528, 'Arron  Hildebrand', 12, 'Plaza asteroide', 34, 23, 34, 3),
(529, 'Anderson I Koti', 1, 'Avda.  La Readculepscope', 100, 17, 100, 273),
(530, 'Mugela F ', 4, 'Plaza Myrtis Kilpatrick  ', 5, 15, 5, 130),
(531, 'Jesse  Oawa', 6, 'Avda. Subceivefridge', 101, 20, 101, 347),
(532, 'Hawaqo  Leary', 15, 'Avda. Anleator', 171, 22, 171, 6),
(533, 'Charlyn  Deloach', 1, 'Calle El cinturón de asteroides', 83, 23, 83, 272),
(534, 'Damian  ', 3, 'Calle Don Carmel Hanes  ', 141, 17, 141, 53),
(535, 'Agustin O Kaba', 11, 'Plaza Tabceivommar', 155, 19, 155, 345),
(536, 'Ada I Heravo', 7, 'Calle Abraham   ', 124, 21, 124, 67),
(537, 'Francie  Vuboha', 9, 'Calle Cabholdar', 109, 17, 109, 68),
(538, 'Evon  Dami', 11, 'Avda. planeta', 177, 21, 177, 117),
(539, 'Qi D Gamble', 11, 'Plaza Sra. Rochel Ea  ', 85, 15, 85, 161),
(540, 'Stevie L ', 9, 'Calle  La Cartjectscope', 16, 17, 16, 18),
(541, 'Alverta F ', 6, 'Avda. asteroide', 59, 23, 59, 263),
(542, 'Hettie  ', 2, 'Plaza satélite', 79, 25, 79, 340),
(543, 'Adrianna C ', 0, 'Avda. Sir Ou   ', 26, 20, 26, 289),
(544, 'Tianna V ', 10, 'Calle  La plataforma espacial', 155, 15, 155, 110),
(545, 'So  ', 11, 'Calle Maisha   ', 193, 21, 193, 150),
(546, 'Io C Delong', 1, 'Calle El Ampniaquer', 62, 25, 62, 167),
(547, 'King Y Fasazi', 5, 'Calle Readcyclerlet', 111, 22, 111, 15),
(548, 'Carrie  Archibald', 7, 'Calle  La Conputar', 76, 18, 76, 249),
(549, 'Eivo Y Buckner', 7, 'Calle  La Cabceivar', 17, 22, 17, 168),
(550, 'Pabe  ', 9, 'Plaza  La plataforma espacial', 131, 15, 131, 12),
(551, 'Simon Z Archie', 12, 'Plaza Transnion', 142, 16, 142, 66),
(552, 'Bole P ', 7, 'Calle Lucrecia Faqiguci  ', 29, 18, 29, 199),
(553, 'Hu B ', 6, 'Calle cinturón de asteroides', 154, 15, 154, 43),
(554, 'Hollis Y ', 10, 'Calle El Monoputridge', 91, 18, 91, 301),
(555, 'Xifuqo  ', 4, 'Avda. El Tabcordar', 8, 17, 8, 264),
(556, 'Tikola  ', 3, 'Plaza Doña Eayu   ', 71, 24, 71, 27),
(557, 'Connie J ', 10, 'Plaza cinturón de asteroides', 46, 19, 46, 264),
(558, 'Tobawo  Gamboa', 1, 'Calle Printjecticridge', 119, 22, 119, 15),
(559, 'Zogo  ', 5, 'Avda. asteroide', 114, 25, 114, 146),
(560, 'Quqe  ', 2, 'Avda.  La Contara', 3, 18, 3, 230),
(561, 'Cedrick X ', 3, 'Calle cinturón de asteroides', 110, 21, 110, 172),
(562, 'Dedi V Bueno', 2, 'Calle  La plataforma espacial', 197, 15, 197, 51),
(563, 'Uicebu  ', 6, 'Plaza Ze   ', 182, 22, 182, 324),
(564, 'Nufibi G ', 4, 'Plaza planeta', 195, 20, 195, 231),
(565, 'Clementine  Delossantos', 4, 'Plaza El asteroide', 198, 20, 198, 61),
(566, 'Su  Togexe', 14, 'Avda. Charjecter', 61, 22, 61, 21),
(567, 'Romaine  Uali', 13, 'Plaza Amptara', 141, 23, 141, 35),
(568, 'Howard  Word', 8, 'Plaza El Tweettinphone', 53, 23, 53, 105),
(569, 'Alise  ', 4, 'Calle Sra. Uiwo Mccabe  ', 133, 24, 133, 14),
(570, 'Xuveve Y ', 11, 'Calle El asteroide', 155, 20, 155, 61),
(571, 'Diana  Nalocemu', 8, 'Avda. Oubuju   ', 119, 23, 119, 203),
(572, 'Ouqu  ', 2, 'Avda. planeta', 134, 20, 134, 155),
(573, 'Simon M Gamez', 11, 'Calle  La Combandor', 195, 24, 195, 324),
(574, 'Walter J ', 9, 'Calle El asteroide', 130, 21, 130, 272),
(575, 'Ei  Wohamu', 1, 'Avda. El satélite', 85, 16, 85, 126),
(576, 'Cazu  Kifeke', 2, 'Plaza Cami Zowurafu  ', 136, 25, 136, 21),
(577, 'Cezo  Hildreth', 11, 'Plaza El Readculepscope', 30, 19, 30, 268),
(578, 'Jocelyn Y ', 2, 'Avda. Sr. Sowujeva   ', 164, 16, 164, 17),
(579, 'Dannie J Hadapa', 0, 'Calle Miclictar', 159, 18, 159, 49),
(580, 'Lavonia P ', 11, 'Calle El asteroide', 72, 20, 72, 139),
(581, 'Ann  ', 0, 'Calle plataforma espacial', 95, 21, 95, 7),
(582, 'Aubrey Y Iipozo', 13, 'Calle cinturón de asteroides', 100, 15, 100, 293),
(583, 'Ming  ', 2, 'Plaza Supmutplphone', 163, 15, 163, 82),
(584, 'Forest  ', 10, 'Avda. Baso Rolenuceyi  ', 169, 21, 169, 165),
(585, 'Ben  ', 13, 'Calle  La planeta', 99, 17, 99, 23),
(586, 'Wixeqahu O ', 0, 'Calle planeta', 5, 25, 5, 36),
(587, 'Faxi  Leavitt', 10, 'Plaza El satélite', 8, 22, 8, 268),
(588, 'Yayewula  Nuwo', 6, 'Avda. cinturón de asteroides', 17, 17, 17, 3),
(589, 'Wodo  ', 2, 'Calle Comculopphone', 160, 20, 160, 258),
(590, 'Wibopa  Oi', 13, 'Calle Lady Kikozo   ', 113, 21, 113, 70),
(591, 'Waliqe  ', 8, 'Avda. plataforma espacial', 145, 25, 145, 148),
(592, 'Wa A Roland', 0, 'Calle asteroide', 15, 21, 15, 30),
(593, 'Aidu N Juca', 15, 'Calle Abbie   ', 4, 19, 4, 315),
(594, 'Uupi  ', 3, 'Avda. Lady Qido Proctor  ', 4, 23, 4, 201),
(595, 'Laqu  Uahe', 10, 'Plaza El cinturón de asteroides', 87, 19, 87, 229),
(596, 'Vulewa  Casiyu', 9, 'Calle planeta', 163, 15, 163, 112),
(597, 'Jewel  ', 1, 'Plaza Corrinne Shores  ', 177, 17, 177, 174),
(598, 'Jeffery  Deluca', 0, 'Plaza Pixi Kim  ', 30, 20, 30, 212),
(599, 'Noriko  ', 15, 'Calle Playtopphone', 153, 17, 153, 274),
(600, 'Wibeta D Jonaceno', 5, 'Calle  La Stereomutphone', 12, 19, 12, 32),
(601, 'Boseso P Uebojiwidi', 15, 'Calle Tabcordicphone', 190, 24, 190, 53),
(602, 'Pugohe  Qexucu', 7, 'Avda. El Cartjectscope', 158, 15, 158, 248),
(603, 'Alayna  Oilicu', 13, 'Plaza estrella', 22, 22, 22, 344),
(604, 'Coje  Soqeyuzoru', 2, 'Avda. Dr. Podi   ', 53, 25, 53, 238),
(605, 'Beau  Rurute', 5, 'Avda. asteroide', 54, 22, 54, 308),
(606, 'Wici L Suarez', 14, 'Plaza El satélite', 107, 25, 107, 105),
(607, 'Wonoke  Gandy', 0, 'Avda. El cinturón de asteroides', 82, 21, 82, 200),
(608, 'Barrett  Delvalle', 10, 'Calle Doña Kiho Qarice  ', 56, 23, 56, 55),
(609, 'Baloxu V Gann', 2, 'Avda. Bruce   ', 190, 19, 190, 168),
(610, 'Dagu S ', 9, 'Calle El satélite', 99, 21, 99, 39),
(611, 'Ada  ', 0, 'Avda. satélite', 120, 17, 120, 38),
(612, 'Rob  ', 14, 'Calle Lady Ada   ', 88, 25, 88, 312),
(613, 'Salena P Ogden', 10, 'Plaza planeta', 20, 19, 20, 1),
(614, 'August B ', 0, 'Plaza Dustin   ', 59, 22, 59, 233),
(615, 'Figa P ', 4, 'Avda. El satélite', 150, 25, 150, 326),
(616, 'Vuqima T Hill', 7, 'Avda. Lord Zuquhiwe Lucidibu  ', 124, 23, 124, 252),
(617, 'Qeranifo  ', 3, 'Avda. Sr. Wetafaya Evers  ', 125, 15, 125, 151),
(618, 'Papodo T ', 7, 'Calle  La estrella', 32, 18, 32, 288),
(619, 'Mollie O ', 7, 'Plaza Annie   ', 173, 19, 173, 16),
(620, 'Kory  ', 0, 'Calle  La planeta', 64, 18, 64, 266),
(621, 'Uukosaxa C ', 12, 'Calle El Conputar', 173, 25, 173, 107),
(622, 'Fa P ', 13, 'Avda. Shane Andre  ', 113, 16, 113, 214),
(623, 'Tracey  Rowu', 12, 'Plaza El Cabceivar', 9, 17, 9, 149),
(624, 'Tom  ', 5, 'Plaza Elijah   ', 63, 16, 63, 199),
(625, 'Tememusu A ', 14, 'Calle Pedro Mccaffrey  ', 101, 15, 101, 45),
(626, 'Yuhico W Iefajica', 15, 'Avda. satélite', 57, 23, 57, 4),
(627, 'Giuseppe L Pifagoto', 9, 'Avda. asteroide', 24, 15, 24, 220),
(628, 'Adolph  ', 4, 'Calle Armlicton', 9, 20, 9, 246),
(629, 'Benjamin  Demarco', 7, 'Avda. Anfindgaon', 133, 25, 133, 155),
(630, 'Latrisha Y ', 8, 'Calle Playfinder', 108, 19, 108, 317),
(631, 'Fairy  ', 3, 'Plaza Hadaho   ', 107, 25, 107, 318),
(632, 'Adina G ', 10, 'Calle  La planeta', 143, 15, 143, 241),
(633, 'Johaveza U Gannon', 13, 'Avda. Latia Velasquez  ', 175, 18, 175, 265),
(634, 'Zega  ', 0, 'Avda. El satélite', 171, 20, 171, 258),
(635, 'Jacquelin Y ', 0, 'Avda. Tabcyclor', 38, 15, 38, 284),
(636, 'Monroe  Tuxonaje', 3, 'Avda.  La estrella', 185, 25, 185, 158),
(637, 'Re  ', 1, 'Avda. planeta', 49, 21, 49, 259),
(638, 'Majorie  Worden', 4, 'Plaza plataforma espacial', 140, 21, 140, 132),
(639, 'Rea I ', 4, 'Calle  La Cartcordgaar', 8, 18, 8, 8),
(640, 'Horace  Nezoxu', 1, 'Plaza El Contara', 157, 16, 157, 24),
(641, 'Rich M Leblanc', 9, 'Plaza Doña Normand   ', 39, 22, 39, 72),
(642, 'Darwin B ', 13, 'Calle Armtinedglet', 2, 15, 2, 162),
(643, 'Noqu B Archuleta', 11, 'Avda. El asteroide', 5, 22, 5, 319),
(644, 'Zegevu R Demers', 1, 'Plaza estrella', 33, 23, 33, 132),
(645, 'Reita  Iepawu', 12, 'Avda. Charpickepar', 199, 16, 199, 200),
(646, 'Lester R Meworula', 6, 'Avda. Iiyunetu   ', 89, 19, 89, 169),
(647, 'Tobias J ', 8, 'Calle satélite', 119, 20, 119, 103),
(648, 'Eugesosu U Bodu', 11, 'Avda. Cabjectollra', 200, 22, 200, 79),
(649, 'Issac Q ', 1, 'Plaza planeta', 188, 22, 188, 142),
(650, 'Eixofeme N ', 4, 'Calle Monotaar', 138, 17, 138, 105),
(651, 'Qehibede  Nijulaji', 13, 'Calle Micputer', 58, 16, 58, 241),
(652, 'Mildred  Roldan', 10, 'Avda. plataforma espacial', 119, 15, 119, 134),
(653, 'Verna  ', 12, 'Calle Ancessletlet', 112, 22, 112, 64),
(654, 'Muzisipo L Vaye', 4, 'Calle Comholdscope', 13, 20, 13, 149),
(655, 'Bahe  Ogle', 3, 'Avda. Don Linnie Oawi  ', 1, 24, 1, 96),
(656, 'Jena  Hilliard', 4, 'Avda. Refindscope', 12, 19, 12, 36),
(657, 'Locafe  Gant', 8, 'Plaza Adam   ', 17, 19, 17, 321),
(658, 'Juha Z ', 8, 'Plaza Lord Ciqegi Hocuzu  ', 75, 22, 75, 239),
(659, 'Gegula  Suggs', 11, 'Calle El cinturón de asteroides', 166, 25, 166, 57),
(660, 'Jude Q Konoromu', 8, 'Calle El satélite', 88, 21, 88, 325),
(661, 'Core  ', 3, 'Avda. Lady Wabo Laviquto  ', 200, 17, 200, 11),
(662, 'Heju Y ', 6, 'Plaza Speakwoofphone', 12, 25, 12, 155),
(663, 'Aovonomi I ', 5, 'Plaza Lady Dorcas   ', 171, 15, 171, 39),
(664, 'Elenor E ', 2, 'Plaza  La plataforma espacial', 82, 22, 82, 102),
(665, 'Iuhabudi  Lebron', 12, 'Calle Alina   ', 174, 24, 174, 1),
(666, 'Markus  ', 3, 'Plaza Playcorder', 101, 24, 101, 234),
(667, 'Fi I Cuta', 5, 'Plaza El cinturón de asteroides', 108, 20, 108, 8),
(668, 'Xihado S ', 6, 'Calle Tablicter', 10, 17, 10, 61),
(669, 'Francie Z Roller', 13, 'Avda. El Combandor', 76, 17, 76, 103),
(670, 'Margarita  ', 1, 'Plaza Supwoofar', 189, 25, 189, 92),
(671, 'Tiesha  ', 4, 'Plaza El Stereomutphone', 54, 16, 54, 162),
(672, 'Aexe  ', 6, 'Calle Micplottedger', 71, 22, 71, 154),
(673, 'Alisha O Hillman', 10, 'Plaza Don Muyi   ', 137, 17, 137, 1),
(674, 'Thora U Buffington', 5, 'Calle Silu   ', 108, 25, 108, 297),
(675, 'Si U Dempsey', 1, 'Calle satélite', 112, 25, 112, 25),
(676, 'Cakejo  Leclair', 5, 'Plaza planeta', 48, 24, 48, 287),
(677, 'Iema  ', 6, 'Avda. El cinturón de asteroides', 89, 25, 89, 85),
(678, 'Uilara  Workman', 9, 'Plaza asteroide', 101, 25, 101, 2),
(679, 'Palma B Sullivan', 12, 'Avda. cinturón de asteroides', 122, 24, 122, 117),
(680, 'Santiago  Uuvomu', 8, 'Calle planeta', 160, 21, 160, 162),
(681, 'Gregg H Co', 1, 'Plaza Subtaeder', 2, 15, 2, 76),
(682, 'Kuzo  ', 11, 'Avda.  La planeta', 144, 24, 144, 160),
(683, 'Kehici D ', 1, 'Avda. Tabcorderon', 32, 17, 32, 199),
(684, 'Saqede  Oglesby', 14, 'Plaza El Cartcordgaar', 192, 15, 192, 2),
(685, 'Pumadilo F Aetirudu', 7, 'Calle Prolictphone', 1, 24, 1, 92),
(686, 'Adalberto  Gantt', 15, 'Avda. Qocifo Haney  ', 6, 15, 6, 111),
(687, 'Joyce  Tijehi', 4, 'Plaza asteroide', 81, 19, 81, 117),
(688, 'Ernie X ', 2, 'Calle Clarisa   ', 61, 25, 61, 316),
(689, 'Joe Z ', 8, 'Plaza asteroide', 47, 22, 47, 245),
(690, 'Lorinda E ', 11, 'Plaza Bennett   ', 81, 19, 81, 282),
(691, 'Alayna  ', 2, 'Calle asteroide', 59, 16, 59, 267),
(692, 'Eemelisu Y Hills', 0, 'Calle Mohi   ', 174, 24, 174, 21),
(693, 'Jackson  ', 13, 'Plaza Supholdor', 196, 22, 196, 67),
(694, 'Meboyado F ', 8, 'Avda. plataforma espacial', 31, 24, 31, 2),
(695, 'Ruthie N Qi', 5, 'Plaza El Tweettaollry', 177, 19, 177, 33),
(696, 'Vumu O ', 0, 'Calle El satélite', 181, 18, 181, 209),
(697, 'Debbie  Denham', 5, 'Plaza Micbander', 169, 15, 169, 189),
(698, 'Aodeye  Worley', 5, 'Avda. cinturón de asteroides', 120, 17, 120, 178),
(699, 'Giqiwu  Rollins', 2, 'Calle satélite', 182, 23, 182, 71),
(700, 'Lai  ', 0, 'Calle Cableletra', 194, 17, 194, 26),
(701, 'Xuja W Oh', 4, 'Plaza cinturón de asteroides', 186, 17, 186, 255),
(702, 'Shenika  Buji', 5, 'Calle Zeba Mobley  ', 63, 25, 63, 108),
(703, 'Dwayne O Roman', 9, 'Avda. Claude Ewing  ', 95, 16, 95, 58),
(704, 'Abdul  Arellano', 2, 'Calle cinturón de asteroides', 25, 15, 25, 166),
(705, 'Nohemi I ', 8, 'Avda. Ezra Tutuzo  ', 5, 17, 5, 225),
(706, 'Aagoditu  Ohara', 4, 'Plaza Dr. Ki   ', 72, 25, 72, 30),
(707, 'Lenard  Romano', 2, 'Calle planeta', 16, 23, 16, 345),
(708, 'Rich  ', 13, 'Plaza El asteroide', 28, 23, 28, 43),
(709, 'Bernard  Capopifegu', 3, 'Avda. Subcordexer', 81, 22, 81, 265),
(710, 'Jesika A ', 14, 'Plaza El Playtiner', 175, 22, 175, 295),
(711, 'Likebu I ', 14, 'Avda. Fu Hankins  ', 5, 15, 5, 172),
(712, 'Jipuwu Q Mala', 1, 'Plaza Playtectlet', 199, 18, 199, 183),
(713, 'Zi M ', 7, 'Calle Tableadra', 47, 24, 47, 53),
(714, 'Rine Y Yepu', 15, 'Avda. plataforma espacial', 174, 25, 174, 55),
(715, 'Adam Y Ojeda', 8, 'Plaza estrella', 99, 16, 99, 220),
(716, 'William  Ne', 14, 'Avda. satélite', 1, 17, 1, 5),
(717, 'Yiqopu  Cocekamexo', 12, 'Plaza El cinturón de asteroides', 36, 21, 36, 327),
(718, 'August  ', 3, 'Calle Lord Hotuva Figaha  ', 127, 25, 127, 67),
(719, 'Alan D ', 8, 'Plaza planeta', 43, 22, 43, 17),
(720, 'Dario T ', 4, 'Plaza satélite', 71, 17, 71, 251),
(721, 'Orville W ', 2, 'Avda. Cartwoofar', 152, 25, 152, 215),
(722, 'Se  Nilevoru', 4, 'Calle  La Tweettaollry', 94, 24, 94, 230),
(723, 'Qe S Qalu', 4, 'Avda. plataforma espacial', 112, 19, 112, 316),
(724, 'Lynn I ', 8, 'Plaza  La Playtiner', 14, 22, 14, 205),
(725, 'Cito V ', 15, 'Calle planeta', 115, 17, 115, 175),
(726, 'Barney X ', 4, 'Avda. Cartcyclimar', 69, 23, 69, 176),
(727, 'Napavi C ', 8, 'Avda. Lefa Loleta  ', 65, 19, 65, 130),
(728, 'Jeanetta Y Summers', 6, 'Plaza planeta', 25, 22, 25, 164),
(729, 'Kaqufaxi  ', 6, 'Avda. planeta', 22, 19, 22, 201),
(730, 'Clement  Garber', 13, 'Plaza Tabpickentor', 6, 22, 6, 324),
(731, 'Si  ', 12, 'Calle Dr. Kyra Short  ', 186, 15, 186, 197),
(732, 'Lasonya  Iihuvidoga', 7, 'Calle Lord Bo Velazquez  ', 6, 25, 6, 234),
(733, 'Dediha  ', 3, 'Avda. Rejectaquator', 119, 16, 119, 120),
(734, 'Yunixa  Zezinozu', 0, 'Calle Printtectscope', 114, 15, 114, 208),
(735, 'Frederick G ', 9, 'Avda. plataforma espacial', 168, 19, 168, 10),
(736, 'Earlean G Buford', 3, 'Avda. Don Yawufi Kimball  ', 8, 15, 8, 3),
(737, 'Xoxa  Worrell', 6, 'Calle Monceivexon', 16, 17, 16, 77),
(738, 'Josewa  Barexu', 1, 'Plaza Seth Uajeguca  ', 3, 25, 3, 316),
(739, 'Magda  ', 8, 'Calle Sr. Ardith Proffitt  ', 84, 22, 84, 111),
(740, 'Abraham R ', 13, 'Plaza Ro He  ', 66, 21, 66, 23),
(741, 'Eexiro  Ledbetter', 15, 'Plaza Se Mccain  ', 63, 22, 63, 69),
(742, 'Oiroji  Kagapu', 9, 'Avda.  La Computerra', 22, 17, 22, 8),
(743, 'Graham Q Romeo', 8, 'Avda. planeta', 11, 24, 11, 90),
(744, 'Cega V Arevalo', 10, 'Calle Tabmutimscope', 83, 19, 83, 89),
(745, 'Anderson O Yece', 2, 'Avda.  La planeta', 198, 18, 198, 88),
(746, 'Iu  Ludo', 0, 'Avda.  La planeta', 144, 18, 144, 94),
(747, 'Sayo  ', 13, 'Avda. asteroide', 54, 22, 54, 108),
(748, 'Faca I ', 5, 'Plaza satélite', 70, 16, 70, 36),
(749, 'Meqa U ', 15, 'Plaza Qoboma   ', 106, 23, 106, 251),
(750, 'Vuti T Bevo', 15, 'Calle Bilictar', 64, 16, 64, 110),
(751, 'Mira  Bullard', 8, 'Avda. Sr. Lewis Ni  ', 183, 24, 183, 115),
(752, 'Irvin F Sumner', 15, 'Avda. El asteroide', 189, 20, 189, 141),
(753, 'Sejuki C Fivaba', 10, 'Calle Dr. Iuma Browning  ', 4, 25, 4, 348),
(754, 'Oavata R ', 2, 'Avda. Lady Morton   ', 122, 23, 122, 49),
(755, 'Iuga W Worth', 15, 'Plaza planeta', 1, 25, 1, 8),
(756, 'Qima  Arias', 10, 'Calle cinturón de asteroides', 199, 25, 199, 9),
(757, 'Xidu  ', 2, 'Calle  La planeta', 66, 22, 66, 113),
(758, 'Pohu  ', 5, 'Avda. Sr. Margret   ', 3, 21, 3, 221),
(759, 'Bufo  Vosegali', 10, 'Plaza Armlifianer', 145, 17, 145, 15),
(760, 'Meqafo  Hilton', 13, 'Plaza El cinturón de asteroides', 144, 22, 144, 201),
(761, 'Lamar D Lubafiluva', 9, 'Calle Lord Qusuha Kimble  ', 35, 18, 35, 81),
(762, 'Delila  ', 6, 'Plaza Tabjectra', 34, 15, 34, 285),
(763, 'Ioloyuga T Deqarayu', 4, 'Avda. El satélite', 81, 21, 81, 96),
(764, 'Hukodiwa  Qujapoki', 8, 'Plaza  La Stereoniollar', 197, 25, 197, 202),
(765, 'Shela  ', 14, 'Avda.  La planeta', 179, 16, 179, 225),
(766, 'Wazo F Ledesma', 8, 'Calle plataforma espacial', 193, 15, 193, 340),
(767, 'Eifihe  ', 3, 'Plaza Tweetputadridge', 78, 22, 78, 127),
(768, 'Xomobi N Denney', 7, 'Calle Cablescope', 150, 18, 150, 179),
(769, 'Collin  ', 7, 'Plaza Tablicter', 26, 19, 26, 60),
(770, 'Florentino V ', 11, 'Plaza Jewel   ', 83, 18, 83, 228),
(771, 'Lamikome  Xa', 9, 'Avda. Tabtiner', 42, 25, 42, 4),
(772, 'Libbie L Baziyi', 14, 'Plaza Scotty Bina  ', 122, 25, 122, 9),
(773, 'Isaac G ', 6, 'Plaza El cinturón de asteroides', 1, 22, 1, 322),
(774, 'Clinton A ', 9, 'Avda. Sr. Cyndi   ', 152, 15, 152, 115),
(775, 'Ruwovu H Okeefe', 8, 'Avda. Eddie   ', 27, 23, 27, 195),
(776, 'Duncan  ', 7, 'Plaza Printtellor', 147, 17, 147, 295),
(777, 'Kristyn R Himes', 9, 'Calle cinturón de asteroides', 90, 25, 90, 67),
(778, 'Abdul  Bullock', 7, 'Avda. Dr. Lo   ', 89, 19, 89, 204),
(779, 'Fuqijamu D ', 6, 'Calle estrella', 23, 16, 23, 54),
(780, 'Ivan  Zojoli', 11, 'Avda. Lauri Ezell  ', 148, 22, 148, 8),
(781, 'Erich B ', 7, 'Calle Bapi   ', 89, 17, 89, 140),
(782, 'Gail  Gecije', 8, 'Calle El asteroide', 197, 21, 197, 158),
(783, 'Lucilla  ', 15, 'Avda. Sra. Kokoga Hanks  ', 111, 18, 111, 6),
(784, 'Heriberto I ', 12, 'Calle Cleanpicker', 69, 20, 69, 265),
(785, 'Nafu V Mutu', 9, 'Plaza Salvatore Shorter  ', 159, 17, 159, 104),
(786, 'Mewivo W ', 1, 'Avda. planeta', 60, 16, 60, 2),
(787, 'Raleigh F Coci', 4, 'Calle El Computerra', 22, 15, 22, 159),
(788, 'Mitchel Q ', 10, 'Plaza plataforma espacial', 107, 25, 107, 343),
(789, 'Lindsey A ', 3, 'Plaza Amppickon', 200, 22, 200, 188),
(790, 'Ivory  ', 4, 'Avda. Transbandaqury', 49, 17, 49, 254),
(791, 'Mu  ', 8, 'Calle estrella', 138, 20, 138, 24),
(792, 'Eifi  ', 15, 'Calle  La Armmutor', 24, 16, 24, 337),
(793, 'Elisha  ', 2, 'Avda.  La plataforma espacial', 69, 15, 69, 248),
(794, 'Jimmy W Ledford', 9, 'Avda. Eavudavu Velez  ', 32, 22, 32, 76),
(795, 'Denu  ', 7, 'Plaza Cleanfindollator', 28, 20, 28, 7),
(796, 'Delorse V Aepineku', 3, 'Calle Chartinaquer', 3, 16, 3, 83),
(797, 'Mariel  ', 0, 'Calle Tweetculeder', 3, 25, 3, 24),
(798, 'Jaime  ', 1, 'Plaza El Stereoniollar', 96, 20, 96, 141),
(799, 'Azucena  ', 12, 'Calle satélite', 40, 15, 40, 23),
(800, 'Yidihu  Autufucu', 5, 'Avda. El Armmutor', 108, 24, 108, 18),
(801, 'Ga Q Armenta', 10, 'Avda. satélite', 67, 15, 67, 85),
(802, 'Wesley W Hindman', 14, 'Avda. Temuter', 94, 17, 94, 333),
(803, 'Geweqe  ', 4, 'Avda.  La estrella', 197, 19, 197, 164),
(804, 'Adaline Z ', 13, 'Calle Concordollator', 16, 15, 16, 258),
(805, 'Willetta R Mogoziki', 12, 'Plaza Tori Mccall  ', 15, 23, 15, 206),
(806, 'Toginoma H ', 14, 'Plaza El satélite', 103, 20, 103, 178),
(807, 'Barton J Romero', 12, 'Plaza Amptascope', 35, 24, 35, 126),
(808, 'Vifecidu  Feni', 15, 'Avda. Playfindridge', 71, 17, 71, 121),
(809, 'Qefawiki P ', 6, 'Calle Irvin Nike  ', 168, 15, 168, 7),
(810, 'Rodney S ', 4, 'Avda. Werner Limofe  ', 39, 16, 39, 9),
(811, 'Dona D ', 6, 'Calle Ampleer', 165, 20, 165, 102),
(812, 'Jico G Vanoyumo', 1, 'Plaza Armtellra', 47, 21, 47, 88),
(813, 'Leigh T Mojofe', 7, 'Calle El Playtellator', 110, 18, 110, 150),
(814, 'Qorura  Iuqaja', 14, 'Avda. Readtinimlet', 109, 18, 109, 100),
(815, 'Stewart Z Ledoux', 7, 'Avda. Comcular', 172, 18, 172, 30),
(816, 'Kareem  Juqoxi', 4, 'Plaza Doña Alva   ', 111, 24, 111, 63),
(817, 'Caqa V Aequ', 12, 'Plaza El Micceivewentor', 102, 17, 102, 285),
(818, 'Buqufa  ', 2, 'Calle Conbandar', 165, 23, 165, 1),
(819, 'Mafo  Hoja', 8, 'Calle Monoceivplra', 192, 25, 192, 246),
(820, 'Sumu  Bumgarner', 6, 'Plaza Sir Anibal   ', 58, 18, 58, 2),
(821, 'Nathaniel  Hinds', 0, 'Plaza planeta', 16, 22, 16, 233),
(822, 'Bimi I ', 7, 'Avda. El asteroide', 68, 25, 68, 70),
(823, 'Reyaju  ', 14, 'Avda. Submutridge', 153, 16, 153, 46),
(824, 'Audry  Jatosa', 9, 'Avda. Don Cotu Andres  ', 9, 25, 9, 37),
(825, 'Manual  Lee', 11, 'Plaza El cinturón de asteroides', 48, 21, 48, 141),
(826, 'Rozanne H ', 1, 'Avda. Sr. Earnest   ', 140, 18, 140, 6),
(827, 'Aejido I Renubiqu', 3, 'Avda. Printtellexry', 36, 24, 36, 92),
(828, 'Tubegoqi X ', 8, 'Calle Micleon', 17, 17, 17, 69),
(829, 'Toke R ', 14, 'Plaza plataforma espacial', 167, 17, 167, 37),
(830, 'Oo D Garcia', 6, 'Plaza El Comcyclinry', 149, 21, 149, 212),
(831, 'Wafoxu L Oavopa', 9, 'Avda. Montagaphone', 123, 25, 123, 54),
(832, 'Janu F Armijo', 11, 'Plaza  La estrella', 174, 18, 174, 4),
(833, 'Mimi  ', 4, 'Plaza Sra. Hayden   ', 191, 18, 191, 272),
(834, 'Fi U ', 5, 'Calle Tweetceivon', 141, 17, 141, 167),
(835, 'Hagaqi X ', 2, 'Calle Cabputphone', 6, 24, 6, 4),
(836, 'Aegeja  Yica', 7, 'Plaza Sra. Uu Lo  ', 142, 24, 142, 329),
(837, 'Iu  ', 7, 'Plaza Bo   ', 107, 20, 107, 328),
(838, 'Jufe X Sumpter', 4, 'Calle  La Playtellator', 167, 15, 167, 53),
(839, 'Piroqa C Denning', 3, 'Plaza plataforma espacial', 171, 23, 171, 123),
(840, 'Lebiji T Huxodoyo', 15, 'Plaza Yoheya   ', 122, 25, 122, 172),
(841, 'Chloe D ', 4, 'Avda. Sra. Jessie   ', 66, 16, 66, 255),
(842, 'Belujo  ', 3, 'Calle Antone   ', 40, 25, 40, 6),
(843, 'Wazubi  ', 9, 'Calle Alesha   ', 34, 19, 34, 5),
(844, 'Luciano  Hines', 1, 'Plaza El cinturón de asteroides', 185, 17, 185, 88),
(845, 'Agripina O ', 14, 'Calle Meqa   ', 94, 18, 94, 74),
(846, 'Nafo  ', 4, 'Avda. cinturón de asteroides', 81, 17, 81, 135),
(847, 'Kathleen  Mibifu', 1, 'Calle Armcordepentor', 6, 16, 6, 254),
(848, 'Eoyoja S Gardiner', 4, 'Calle Subtafiry', 61, 23, 61, 245),
(849, 'Suzi  ', 9, 'Calle plataforma espacial', 70, 17, 70, 147),
(850, 'Heja  ', 5, 'Avda.  La planeta', 46, 18, 46, 68),
(851, 'Naje  Gewofi', 12, 'Avda. Sir Zana Uuyi  ', 16, 25, 16, 178),
(852, 'Alvaro I Leeper', 13, 'Plaza Tejectexor', 57, 18, 57, 198),
(853, 'Sterling  Hinkle', 15, 'Calle  La plataforma espacial', 127, 15, 127, 40),
(854, 'Raelene  ', 9, 'Avda. Tetinentor', 193, 17, 193, 173),
(855, 'Gu F Bunch', 7, 'Calle Supplottopentor', 188, 17, 188, 23),
(856, 'Kassandra S Dihidaceju', 10, 'Calle Cabtectollentor', 87, 16, 87, 4),
(857, 'Alva I Zaqu', 15, 'Calle El cinturón de asteroides', 108, 20, 108, 121),
(858, 'Me  Iawusunu', 3, 'Calle estrella', 6, 20, 6, 80),
(859, 'Ke U Vobu', 9, 'Calle Transtectadon', 111, 16, 111, 152),
(860, 'Larry Y ', 5, 'Plaza Rejecterer', 27, 17, 27, 29),
(861, 'Ignacio V Dennis', 2, 'Plaza satélite', 7, 15, 7, 332),
(862, 'Ka  ', 13, 'Avda. Tabtinra', 141, 16, 141, 239),
(863, 'Yigulo I ', 9, 'Calle plataforma espacial', 18, 19, 18, 137),
(864, 'Jackie Y ', 6, 'Avda.  La Micceivewentor', 171, 18, 171, 100),
(865, 'Oo A ', 14, 'Calle  La Comcyclinry', 178, 15, 178, 45),
(866, 'Yize L Cilope', 4, 'Calle El asteroide', 7, 16, 7, 262),
(867, 'David Y Jinowuro', 10, 'Calle Playlifiicar', 2, 24, 2, 322),
(868, 'Zezojami  ', 5, 'Calle Phylicia   ', 114, 19, 114, 1),
(869, 'Shanti U Lefebvre', 1, 'Avda. Doña Devora   ', 70, 25, 70, 315),
(870, 'Aron  Armstead', 3, 'Calle Don Qiyu   ', 64, 25, 64, 297),
(871, 'Isreal J ', 10, 'Plaza Tweettellonry', 132, 19, 132, 203),
(872, 'Puvu  ', 0, 'Plaza Rickey   ', 29, 15, 29, 112),
(873, 'Buma  ', 6, 'Calle cinturón de asteroides', 188, 25, 188, 117),
(874, 'Earl M ', 8, 'Calle estrella', 98, 22, 98, 36),
(875, 'Zu N Wivu', 12, 'Calle estrella', 82, 16, 82, 142),
(876, 'Nomahi V ', 5, 'Plaza estrella', 97, 24, 97, 70),
(877, 'Melissa  ', 0, 'Calle planeta', 121, 22, 121, 1),
(878, 'Bolemadu  ', 7, 'Plaza Ampleer', 143, 20, 143, 233),
(879, 'Cona D Oldham', 14, 'Plaza Conrad Luye  ', 92, 19, 92, 147),
(880, 'Sandy T ', 4, 'Plaza Carttectollridge', 38, 19, 38, 74),
(881, 'Abel Y ', 10, 'Plaza Bileicor', 18, 20, 18, 240),
(882, 'Sobe  Aacese', 8, 'Calle satélite', 90, 20, 90, 304),
(883, 'Rece K Romo', 1, 'Avda. plataforma espacial', 8, 18, 8, 95),
(884, 'Moso B ', 6, 'Plaza Ampleer', 159, 16, 159, 18),
(885, 'Putule  Olds', 5, 'Avda. plataforma espacial', 107, 23, 107, 220),
(886, 'Rolland A Worthington', 14, 'Avda. Rejecter', 133, 18, 133, 2),
(887, 'Abdul K Coyamice', 10, 'Avda. Doña Natasha Durogo  ', 166, 21, 166, 99),
(888, 'Hifehi  ', 1, 'Avda. asteroide', 163, 25, 163, 336),
(889, 'Basil  ', 10, 'Calle El asteroide', 5, 25, 5, 19),
(890, 'Adrian G Sa', 2, 'Avda. Tepickar', 23, 19, 23, 5),
(891, 'Mickey L To', 3, 'Avda. Miccordaner', 156, 15, 156, 204),
(892, 'Dreama E ', 5, 'Plaza El Printfindoper', 197, 23, 197, 132),
(893, 'Uovica  ', 2, 'Avda. satélite', 8, 24, 8, 5),
(894, 'Malik  Roney', 14, 'Calle estrella', 11, 18, 11, 262),
(895, 'Yero  Gardner', 6, 'Plaza El Playcessor', 12, 16, 12, 109),
(896, 'Fred V ', 0, 'Calle El Cabceiver', 36, 16, 36, 72),
(897, 'Si P Jayi', 7, 'Calle plataforma espacial', 162, 18, 162, 5),
(898, 'Fimiyo Q ', 15, 'Avda. Sir Vimofe Xikiruva  ', 161, 24, 161, 39),
(899, 'Fijewu  ', 5, 'Plaza estrella', 64, 17, 64, 291),
(900, 'Assunta V ', 2, 'Calle El Tweetlictor', 46, 17, 46, 115),
(901, 'Auja  ', 5, 'Avda. Armtoperer', 82, 23, 82, 206),
(902, 'Adan F ', 6, 'Avda. cinturón de asteroides', 23, 20, 23, 331),
(903, 'Xa P Oleary', 13, 'Avda. planeta', 55, 25, 55, 113),
(904, 'Iasiyi C Dennison', 14, 'Plaza  La estrella', 46, 24, 46, 71),
(905, 'Denisse  ', 7, 'Calle Charcessscope', 197, 17, 197, 147),
(906, 'Faustina H Rooney', 12, 'Plaza  La Printfindoper', 183, 24, 183, 225),
(907, 'Nicky  ', 1, 'Plaza  La plataforma espacial', 169, 22, 169, 64),
(908, 'Georgianne Q ', 7, 'Avda.  La planeta', 200, 20, 200, 315),
(909, 'Xuti H ', 5, 'Avda. Commutonar', 94, 16, 94, 2),
(910, 'Ti E Bundy', 7, 'Avda. satélite', 155, 19, 155, 235),
(911, 'Wemeha L Goqudagi', 2, 'Calle El satélite', 1, 20, 1, 314),
(912, 'Razere  Garland', 6, 'Avda. planeta', 146, 17, 146, 167),
(913, 'Thomasine  Denny', 5, 'Plaza Dr. Troy   ', 81, 20, 81, 327),
(914, 'Millard A ', 15, 'Avda. estrella', 177, 21, 177, 185),
(915, 'Alexia  ', 13, 'Plaza Comholdar', 2, 23, 2, 19),
(916, 'Morofe Y Oliphant', 0, 'Plaza Doña Ariel Qiqotu  ', 6, 23, 6, 215),
(917, 'Voto  Nobuci', 5, 'Plaza asteroide', 21, 21, 21, 46),
(918, 'Bizu Q Armstrong', 7, 'Calle Doña Arnold   ', 33, 22, 33, 153),
(919, 'Madaki M Hinojosa', 3, 'Plaza Sir Flor Nixo  ', 93, 16, 93, 5),
(920, 'Iovo  Sutter', 6, 'Calle asteroide', 97, 21, 97, 313),
(921, 'Qipu  Root', 11, 'Avda. Vincent   ', 39, 18, 39, 305),
(922, 'Adolfo A ', 1, 'Calle  La estrella', 117, 18, 117, 74),
(923, 'Cole  Aa', 4, 'Avda. Lady Jiqahu   ', 200, 16, 200, 198),
(924, 'Cezuca Z ', 13, 'Avda. Yuwi Faber  ', 180, 17, 180, 79),
(925, 'Stephaine  Worthy', 8, 'Calle Lady Reyes Kimbrell  ', 82, 22, 82, 215),
(926, 'Julianne  ', 12, 'Calle plataforma espacial', 125, 17, 125, 224),
(927, 'Zudore D ', 13, 'Calle cinturón de asteroides', 186, 15, 186, 222),
(928, 'Neseya  Nanegomasa', 15, 'Calle Thora Roxemoma  ', 118, 18, 118, 171),
(929, 'Ida  Qosi', 3, 'Calle Readcyclry', 133, 16, 133, 255),
(930, 'Hihifa H ', 7, 'Plaza cinturón de asteroides', 154, 22, 154, 174),
(931, 'Fizobi D ', 10, 'Avda. El Comfindefentor', 171, 24, 171, 324),
(932, 'Jeve M Garmon', 4, 'Avda. Ti Hanley  ', 111, 17, 111, 263),
(933, 'Adolph  Uazuho', 9, 'Plaza Reculor', 16, 16, 16, 147),
(934, 'Qawuqo A ', 6, 'Plaza Tweetplotticor', 3, 16, 3, 102),
(935, 'Doteje  Iogize', 6, 'Calle Veola   ', 36, 20, 36, 211),
(936, 'Nicholas Z Togozu', 11, 'Plaza satélite', 182, 17, 182, 126),
(937, 'Tessa  Leger', 14, 'Calle Prolictra', 75, 24, 75, 264),
(938, 'Horace L ', 13, 'Calle estrella', 148, 24, 148, 245),
(939, 'Adan X Denson', 13, 'Calle  La Playcessor', 2, 19, 2, 257),
(940, 'Tyler  ', 7, 'Calle Lord Gregorio   ', 143, 25, 143, 90),
(941, 'Roquhi J ', 2, 'Avda.  La estrella', 155, 21, 155, 323),
(942, 'Manual  ', 11, 'Avda. Mictectimridge', 6, 25, 6, 65),
(943, 'Wuvuvono  ', 2, 'Calle  La Cabceiver', 88, 23, 88, 114),
(944, 'Qubohaze  Garner', 6, 'Calle satélite', 14, 17, 14, 16),
(945, 'Rickie K Hinson', 14, 'Plaza Uotuvo Jigonaga  ', 106, 23, 106, 8),
(946, 'Ira O ', 12, 'Plaza asteroide', 94, 22, 94, 84),
(947, 'Quinton  ', 4, 'Calle  La Tweetlictor', 101, 15, 101, 83),
(948, 'Francoise  ', 7, 'Plaza estrella', 106, 25, 106, 234),
(949, 'Aeheka  ', 2, 'Plaza  La estrella', 17, 15, 17, 299),
(950, 'Oibo  Sutton', 3, 'Plaza Don Andy Jefe  ', 133, 15, 133, 3),
(951, 'Elsa O Wray', 8, 'Calle Vu   ', 147, 24, 147, 285),
(952, 'Abram  Bunker', 11, 'Avda. planeta', 162, 24, 162, 119),
(953, 'Jeanna  ', 3, 'Avda. satélite', 54, 18, 54, 243),
(954, 'Willard  Arndt', 1, 'Plaza satélite', 33, 21, 33, 3),
(955, 'Uadixu Q ', 5, 'Calle El cinturón de asteroides', 47, 21, 47, 272),
(956, 'Ai  Lujuki', 2, 'Avda. asteroide', 27, 15, 27, 304),
(957, 'Rochel  Swafford', 5, 'Calle Sr. Uebi Vonu  ', 26, 24, 26, 62),
(958, 'Phyliss E ', 8, 'Calle Don Kimuse Decifahu  ', 199, 16, 199, 11),
(959, 'Dillon  ', 1, 'Avda.  La planeta', 44, 23, 44, 243),
(960, 'Letisha V Bunn', 14, 'Plaza Tabtectexer', 116, 25, 116, 266),
(961, 'Vu  ', 11, 'Avda. Sr. Bradley Xahe  ', 158, 18, 158, 5),
(962, 'Wamele Y ', 6, 'Calle Lady Kieth   ', 14, 20, 14, 6),
(963, 'Cathie F Makexi', 10, 'Avda. Pize   ', 200, 18, 200, 192),
(964, 'Ellsworth  ', 12, 'Plaza planeta', 96, 23, 96, 8),
(965, 'Gregory  Wren', 0, 'Calle El cinturón de asteroides', 97, 25, 97, 338),
(966, 'Vuguro V ', 2, 'Avda. Lord Taxo   ', 84, 19, 84, 239),
(967, 'Eewile O Babinuce', 11, 'Avda. Abbie Zilida  ', 13, 22, 13, 30),
(968, 'Ashleigh  ', 13, 'Plaza El Armtaleter', 16, 23, 16, 218),
(969, 'Ba Z Arnett', 13, 'Plaza Charniader', 3, 21, 3, 338),
(970, 'Ardell  Zohezi', 3, 'Plaza Playholdanor', 18, 17, 18, 67),
(971, 'Johnie  ', 2, 'Calle estrella', 6, 23, 6, 231),
(972, 'Pabipu  Dent', 9, 'Avda. Comlelet', 197, 18, 197, 256),
(973, 'Rex  Bunnell', 14, 'Calle Charcyclador', 78, 21, 78, 335),
(974, 'Bifije Z Legg', 7, 'Calle Lady Aawo   ', 82, 24, 82, 12),
(975, 'Alvin X ', 14, 'Calle  La planeta', 108, 21, 108, 166),
(976, 'Ja J Garnett', 13, 'Calle Sra. Chad Noludo  ', 64, 19, 64, 86),
(977, 'Luigi F Denton', 12, 'Avda. planeta', 141, 20, 141, 43),
(978, 'Vibu C Yomi', 2, 'Plaza Cablifientor', 35, 20, 35, 135),
(979, 'Darleen X Garrett', 8, 'Avda. estrella', 58, 24, 58, 176),
(980, 'Eloise U Swain', 13, 'Calle Readceivonentor', 43, 24, 43, 7),
(981, 'Alise V Nemo', 8, 'Calle Jabe Mccallister  ', 1, 24, 1, 2),
(982, 'Kourtney  ', 1, 'Calle Lipe   ', 135, 24, 135, 297),
(983, 'Oaco Q ', 5, 'Calle planeta', 58, 24, 58, 231),
(984, 'Geoffrey H Iicadoli', 7, 'Avda. Stereoholder', 176, 19, 176, 252),
(985, 'Xamugu L Eica', 8, 'Avda. planeta', 66, 15, 66, 269),
(986, 'Aleta  ', 5, 'Calle El Comholdlet', 124, 24, 124, 298),
(987, 'Abram W Keputo', 15, 'Calle Qoje Rafoza  ', 7, 21, 7, 152),
(988, 'Ce H Hinton', 14, 'Plaza cinturón de asteroides', 3, 25, 3, 1),
(989, 'Allison  ', 10, 'Plaza Doña Vuyaku Brownlee  ', 52, 24, 52, 213),
(990, 'Lance  ', 5, 'Calle satélite', 167, 17, 167, 261),
(991, 'Ti Q ', 0, 'Calle  La Comfindefentor', 51, 16, 51, 319),
(992, 'Myrl G ', 3, 'Calle Stereocordeper', 199, 16, 199, 44),
(993, 'Adelaida  ', 9, 'Calle Micbander', 112, 21, 112, 145),
(994, 'Voriga H ', 0, 'Avda. Sr. Yisi   ', 55, 20, 55, 86),
(995, 'Philomena G Ialuraqa', 6, 'Plaza Sir Shon   ', 196, 17, 196, 168),
(996, 'Ti  Leggett', 7, 'Calle satélite', 182, 19, 182, 5),
(997, 'Xonalo L Pule', 12, 'Avda. Jeremy   ', 102, 24, 102, 309),
(998, 'Eeni  Hirsch', 14, 'Avda. Elden Andrew  ', 32, 20, 32, 2),
(999, 'Yuce  ', 5, 'Calle Lady Eugena Broyles  ', 44, 24, 44, 36),
(1000, 'Ghislaine K ', 13, 'Avda. El Monoleor', 15, 20, 15, 231);

--
-- Inserting data into table socio_libro
--
INSERT INTO socio_libro(id_socio, id_libro, fecha_prestamo, fecha_devolucion) VALUES
(270, 217, '2000-09-14', '2002-03-20'),
(155, 613, '2017-05-07', '2018-11-06'),
(411, 309, '2012-10-27', '2014-07-11'),
(393, 33, '2006-12-10', '2007-11-03'),
(500, 566, '2000-05-13', '2001-01-09'),
(642, 405, '2013-06-16', '2014-02-13'),
(463, 753, '2005-06-30', '2006-02-06'),
(308, 771, '2020-01-19', '2021-07-18'),
(524, 158, '2012-08-09', NULL),
(745, 108, '2010-02-23', NULL),
(288, 643, '2017-06-24', '2019-04-23'),
(331, 654, '2011-12-15', '2012-04-22'),
(590, 312, '2019-11-03', NULL),
(712, 424, '2002-05-07', '2002-11-05'),
(210, 140, '2009-11-08', NULL),
(406, 2, '2010-05-30', NULL),
(707, 698, '2009-12-15', '2011-09-24'),
(654, 3, '2015-04-24', '2016-04-08'),
(105, 675, '2010-03-15', '2011-11-06'),
(1, 282, '2010-07-04', '2012-02-16'),
(657, 47, '2010-01-28', NULL),
(8, 318, '2012-04-01', '2013-07-30'),
(86, 294, '2013-04-27', '2014-07-04'),
(141, 622, '2000-02-09', NULL),
(654, 586, '2007-03-28', '2008-07-13'),
(483, 380, '2007-01-27', '2007-12-11'),
(429, 596, '2012-11-22', '2013-05-31'),
(4, 653, '2015-03-06', '2015-07-26'),
(311, 102, '2019-12-01', '2021-04-16'),
(795, 505, '2013-02-17', '2013-04-15'),
(302, 724, '2004-12-21', NULL),
(711, 433, '2020-02-14', NULL),
(625, 144, '2004-11-03', '2006-04-13'),
(285, 93, '2013-03-18', NULL),
(663, 1, '2000-07-10', '2000-08-01'),
(439, 559, '2017-08-06', '2018-08-21'),
(329, 602, '2007-06-09', NULL),
(771, 5, '2007-02-23', '2007-11-29'),
(1, 301, '2011-12-16', NULL),
(84, 361, '2019-06-12', NULL),
(347, 569, '2017-12-15', '2019-05-24'),
(445, 677, '2015-07-08', '2016-05-07'),
(9, 110, '2017-09-29', '2018-11-30'),
(235, 243, '2000-08-13', '2002-06-28'),
(187, 571, '2019-05-12', NULL),
(434, 693, '2002-07-24', '2003-06-11'),
(252, 14, '2015-06-04', '2016-03-05'),
(614, 39, '2008-05-28', '2008-07-12'),
(737, 556, '2012-07-06', '2013-12-03'),
(177, 670, '2015-03-27', '2015-07-01'),
(498, 66, '2018-01-10', '2018-02-02'),
(724, 79, '2012-03-06', '2012-05-24'),
(382, 697, '2007-04-26', NULL),
(732, 738, '2014-11-18', '2015-05-28'),
(198, 421, '2014-12-30', '2015-03-21'),
(366, 6, '2005-05-03', '2005-08-02'),
(100, 571, '2007-01-28', '2008-03-19'),
(437, 313, '2009-09-24', '2010-04-12'),
(591, 408, '2020-01-20', '2020-04-12'),
(87, 461, '2002-08-17', NULL),
(144, 540, '2019-09-11', NULL),
(717, 535, '2004-12-05', '2006-06-22'),
(105, 605, '2007-08-07', NULL),
(146, 714, '2013-01-28', '2014-09-03'),
(663, 682, '2013-04-28', NULL),
(38, 2, '2002-02-26', '2003-12-01'),
(684, 5, '2007-01-12', '2007-06-13'),
(2, 517, '2012-09-07', '2012-09-11'),
(779, 124, '2017-10-27', '2018-03-13'),
(770, 3, '2005-07-01', '2005-08-25'),
(182, 794, '2012-01-22', NULL),
(433, 593, '2002-03-18', '2003-06-24'),
(38, 22, '2014-12-04', '2016-11-02'),
(301, 144, '2010-01-29', NULL),
(380, 176, '2002-10-22', NULL),
(208, 63, '2005-03-20', '2006-08-31'),
(633, 524, '2007-08-08', '2007-09-26'),
(499, 383, '2005-01-17', NULL),
(628, 164, '2010-05-31', '2012-01-31'),
(434, 715, '2013-06-01', '2013-06-24'),
(102, 325, '2000-02-26', NULL),
(4, 701, '2019-07-30', '2021-04-21'),
(528, 7, '2013-02-18', '2013-05-05'),
(701, 7, '2014-10-15', NULL),
(11, 455, '2002-09-20', '2003-02-15'),
(366, 591, '2000-07-11', NULL),
(609, 25, '2004-12-22', '2004-12-31'),
(136, 605, '2012-07-07', '2012-08-07'),
(622, 402, '2012-03-07', '2013-08-04'),
(2, 14, '2009-10-27', '2011-09-08'),
(650, 475, '2007-02-24', '2008-03-28'),
(678, 497, '2019-12-02', NULL),
(389, 636, '2002-04-04', '2003-08-22'),
(77, 70, '2002-08-18', '2003-06-05'),
(300, 326, '2007-04-27', '2007-07-20'),
(214, 237, '2015-07-09', '2016-08-09'),
(396, 407, '2017-12-16', '2019-02-17'),
(7, 697, '2011-11-01', '2013-06-17'),
(429, 263, '2017-10-28', NULL),
(483, 514, '2011-12-04', '2012-08-20'),
(796, 225, '2012-11-23', NULL),
(693, 219, '2002-11-18', NULL),
(68, 426, '2012-10-28', '2013-07-13'),
(6, 172, '2009-09-25', '2011-05-01'),
(371, 519, '2010-01-30', NULL),
(250, 466, '2010-06-01', NULL),
(191, 68, '2017-06-25', '2019-04-02'),
(298, 274, '2010-07-05', '2010-12-20'),
(282, 4, '2009-11-09', '2011-03-20'),
(25, 283, '2015-03-28', '2016-10-15'),
(22, 461, '2010-04-18', NULL),
(324, 572, '2007-07-11', '2008-07-01'),
(472, 199, '2017-05-08', NULL),
(61, 483, '2020-02-15', '2021-08-11'),
(370, 136, '2000-06-17', '2001-09-28'),
(648, 654, '2019-07-31', '2020-07-13'),
(510, 402, '2017-08-07', '2018-11-03'),
(503, 794, '2000-09-15', '2001-07-31'),
(189, 223, '2018-01-11', '2018-07-11'),
(453, 96, '2007-01-29', '2008-07-20'),
(502, 7, '2000-07-12', NULL),
(746, 158, '2009-12-16', '2011-07-10'),
(5, 515, '2019-12-03', NULL),
(183, 607, '2015-03-07', '2016-07-31'),
(7, 121, '2002-06-20', NULL),
(13, 275, '2002-07-25', NULL),
(703, 51, '2019-11-04', '2021-02-19'),
(638, 710, '2019-09-12', '2020-08-11'),
(464, 216, '2017-04-07', '2017-09-05'),
(349, 27, '2019-06-13', '2020-12-25'),
(303, 23, '2007-06-10', '2009-01-07'),
(688, 401, '2015-06-05', NULL),
(94, 554, '2010-02-24', '2011-08-02'),
(684, 219, '2005-07-02', '2005-08-22'),
(735, 252, '2012-04-21', '2014-02-13'),
(368, 83, '2000-02-27', NULL),
(181, 34, '2020-01-21', NULL),
(372, 576, '2005-02-19', '2005-05-06'),
(93, 288, '2017-10-29', '2019-03-17'),
(678, 94, '2008-05-29', '2008-11-14'),
(5, 9, '2012-04-02', NULL),
(178, 696, '2000-05-14', '2002-02-26'),
(577, 364, '2013-01-29', '2013-05-09'),
(302, 691, '2017-09-30', '2018-03-18'),
(166, 61, '2012-01-23', '2012-09-10'),
(447, 681, '2014-12-05', NULL),
(111, 775, '2017-08-08', NULL),
(378, 2, '2015-03-08', NULL),
(253, 393, '2009-12-17', '2011-11-08'),
(263, 29, '2012-10-29', NULL),
(8, 265, '2000-03-31', NULL),
(540, 3, '2000-01-21', NULL),
(535, 432, '2002-04-05', '2003-10-28'),
(267, 42, '2019-09-13', '2021-05-18'),
(13, 794, '2014-12-31', NULL),
(179, 48, '2005-06-04', '2006-04-02'),
(158, 516, '2000-02-28', NULL),
(421, 2, '2013-06-02', '2013-10-31'),
(758, 277, '2000-06-18', '2002-01-08'),
(228, 9, '2002-10-23', '2004-03-20'),
(94, 535, '2017-06-26', '2018-04-08'),
(89, 680, '2019-12-04', '2020-03-28'),
(195, 708, '2000-10-12', NULL),
(325, 202, '2019-07-03', '2020-09-07'),
(44, 8, '2012-10-12', '2014-08-16'),
(692, 49, '2000-09-16', '2002-01-22'),
(748, 675, '2012-12-30', NULL),
(361, 211, '2002-05-08', '2003-03-28'),
(45, 244, '2019-05-13', NULL),
(787, 552, '2000-02-10', '2001-09-05'),
(208, 193, '2010-02-25', NULL),
(4, 320, '2010-07-06', '2011-04-20'),
(791, 616, '2004-12-23', '2006-09-05'),
(397, 739, '2012-07-08', '2014-02-15'),
(91, 720, '2010-03-16', '2011-12-14'),
(495, 187, '2019-08-01', '2020-01-10'),
(204, 127, '2012-05-25', '2013-07-30'),
(415, 393, '2020-02-16', '2021-03-30'),
(575, 561, '2011-11-02', '2012-08-28'),
(739, 275, '2017-05-29', NULL),
(83, 219, '2014-11-19', '2016-01-12'),
(638, 420, '2005-01-18', NULL),
(438, 354, '2007-01-30', NULL),
(168, 110, '2002-10-24', NULL),
(662, 181, '2013-02-19', NULL),
(344, 322, '2005-05-04', NULL),
(19, 221, '2012-04-22', '2013-06-17'),
(634, 252, '2012-09-08', '2012-12-26'),
(16, 4, '2002-06-21', NULL),
(391, 588, '2002-11-19', '2004-09-04'),
(59, 392, '2013-04-29', NULL),
(345, 331, '2015-07-10', '2016-06-07'),
(452, 65, '2017-05-09', '2017-08-21'),
(141, 434, '2010-06-02', '2011-01-27'),
(204, 231, '2010-04-19', '2011-08-31'),
(705, 615, '2007-08-09', '2007-12-07'),
(132, 330, '2010-03-17', '2011-04-19'),
(640, 278, '2012-01-24', NULL),
(386, 425, '2007-06-11', '2007-10-05'),
(370, 54, '2002-04-06', '2003-04-30'),
(172, 194, '2007-05-14', '2007-09-04'),
(130, 770, '2009-12-18', '2011-10-17'),
(795, 732, '2011-12-17', '2013-04-10'),
(626, 677, '2017-04-08', '2018-07-08'),
(594, 668, '2015-06-06', NULL),
(104, 189, '2007-02-25', '2007-09-22'),
(85, 24, '2017-10-30', '2019-05-22'),
(427, 169, '2014-12-06', NULL),
(238, 746, '2015-03-29', NULL),
(555, 744, '2004-12-06', NULL),
(135, 636, '2014-10-16', '2015-11-24'),
(580, 241, '2012-01-25', '2012-05-09'),
(673, 160, '2012-05-26', '2013-11-08'),
(319, 13, '2009-10-28', '2011-07-31'),
(545, 784, '2002-08-19', '2004-03-29'),
(4, 139, '2018-01-12', NULL),
(736, 33, '2004-12-24', NULL),
(237, 19, '2012-07-09', NULL),
(330, 126, '2015-04-25', '2016-09-04'),
(146, 440, '2012-11-24', '2014-08-06'),
(524, 698, '2009-11-10', '2011-03-12'),
(234, 240, '2015-01-01', '2016-04-30'),
(271, 260, '2005-04-07', '2007-01-20'),
(460, 5, '2011-12-18', '2012-01-31'),
(302, 550, '2019-05-14', '2021-03-25'),
(9, 384, '2019-10-13', '2021-02-28'),
(416, 13, '2020-02-17', NULL),
(441, 48, '2000-05-15', '2001-03-11'),
(718, 725, '2017-06-27', '2017-09-25'),
(365, 459, '2007-07-12', NULL),
(1, 2, '2000-08-14', '2001-09-27'),
(29, 111, '2012-04-03', '2012-08-04'),
(6, 733, '2007-01-31', NULL),
(537, 177, '2007-05-15', '2007-11-06'),
(619, 400, '2017-08-09', '2018-03-01'),
(30, 502, '2019-12-05', '2020-04-09'),
(722, 742, '2002-03-19', '2002-11-02'),
(143, 243, '2006-12-11', NULL),
(164, 607, '2019-06-14', NULL),
(535, 552, '2005-01-19', '2006-06-18'),
(495, 192, '2005-07-03', '2006-02-18'),
(364, 185, '2009-11-11', '2010-01-08'),
(413, 102, '2012-11-25', '2013-01-15'),
(188, 6, '2002-07-26', '2003-04-29'),
(714, 748, '2000-07-13', '2001-06-24'),
(58, 197, '2007-03-29', NULL),
(73, 534, '2019-07-04', '2020-11-27'),
(510, 78, '2017-12-17', '2019-07-20'),
(169, 185, '2012-09-09', NULL),
(584, 515, '2010-04-20', NULL),
(90, 36, '2017-09-08', '2019-03-18'),
(546, 461, '2013-02-20', '2014-11-30'),
(376, 81, '2013-03-19', '2014-01-19'),
(8, 674, '2019-08-02', NULL),
(592, 527, '2017-05-10', '2017-10-28'),
(242, 724, '2002-06-22', '2002-10-03'),
(102, 12, '2000-06-19', NULL),
(570, 234, '2000-10-13', '2001-10-05'),
(726, 56, '2004-11-04', '2005-10-07'),
(198, 482, '2004-12-25', '2005-01-10'),
(129, 7, '2012-03-08', '2013-01-15'),
(92, 181, '2017-06-28', '2017-09-12'),
(65, 784, '2019-06-15', '2020-12-28'),
(713, 699, '2015-03-30', NULL),
(144, 550, '2005-03-21', NULL),
(717, 748, '2017-10-31', NULL),
(39, 62, '2002-02-27', '2003-01-09'),
(513, 294, '2005-06-05', '2007-03-25'),
(683, 93, '2015-02-06', '2016-10-29'),
(51, 726, '2007-08-10', NULL),
(232, 392, '2010-06-03', '2012-03-16'),
(407, 785, '2011-12-19', '2013-03-29'),
(29, 100, '2002-11-20', '2004-04-06'),
(200, 79, '2019-08-03', '2020-12-10'),
(93, 326, '2002-07-27', NULL),
(209, 306, '2020-01-22', '2020-03-12'),
(13, 358, '2012-10-13', NULL),
(34, 237, '2000-02-29', '2000-04-20'),
(483, 352, '2002-08-20', '2002-09-25'),
(9, 115, '2005-05-05', '2006-07-30'),
(25, 540, '2009-09-26', '2010-12-12'),
(421, 652, '2014-11-20', '2016-10-01'),
(328, 682, '2015-01-02', '2015-07-25'),
(333, 82, '2019-09-14', '2019-11-09'),
(478, 83, '2013-01-30', '2014-10-03'),
(314, 88, '2013-06-03', '2015-01-28'),
(374, 733, '2007-07-13', '2008-03-31'),
(279, 1, '2006-12-12', NULL),
(319, 172, '2000-07-14', '2001-10-30'),
(137, 544, '2007-01-13', '2008-05-29'),
(669, 96, '2007-02-01', NULL),
(247, 26, '2000-04-01', '2001-08-27'),
(374, 172, '2011-11-03', '2012-01-17'),
(15, 6, '2007-06-12', '2008-01-30'),
(420, 414, '2018-01-13', '2019-01-01'),
(490, 40, '2012-12-31', NULL),
(95, 397, '2017-05-30', '2018-03-22'),
(226, 79, '2019-11-05', '2020-06-30'),
(107, 14, '2017-05-11', '2018-07-18'),
(782, 386, '2017-12-18', '2018-05-28'),
(314, 647, '2010-02-26', NULL),
(619, 758, '2012-11-26', NULL),
(284, 267, '2004-12-26', '2006-02-26'),
(24, 573, '2004-11-05', '2005-09-25'),
(724, 74, '2015-07-11', '2015-12-05'),
(64, 601, '2011-12-05', '2012-10-17'),
(793, 78, '2000-09-17', '2002-07-28'),
(622, 794, '2015-01-03', NULL),
(367, 203, '2002-09-21', '2003-01-14'),
(319, 629, '2000-01-22', '2001-05-16'),
(378, 586, '2017-08-10', NULL),
(501, 117, '2002-04-07', '2002-11-09'),
(142, 697, '2000-02-11', '2001-02-05'),
(742, 239, '2009-12-19', '2011-04-06'),
(421, 554, '2012-10-30', '2012-12-02'),
(98, 723, '2007-04-28', '2007-12-30'),
(365, 356, '2005-07-04', '2005-07-08'),
(437, 544, '2000-05-16', '2002-04-06'),
(491, 122, '2017-04-09', '2019-03-01'),
(286, 319, '2005-03-22', '2006-12-24'),
(769, 314, '2002-10-25', '2004-02-01'),
(761, 539, '2000-10-14', '2001-03-25'),
(9, 440, '2017-06-29', '2018-06-02'),
(674, 48, '2010-01-31', '2010-06-02'),
(781, 172, '2012-04-23', '2013-03-01'),
(616, 781, '2019-12-06', '2021-03-27'),
(9, 740, '2004-12-07', '2005-11-18'),
(2, 749, '2007-02-02', '2007-12-28'),
(652, 68, '2015-03-09', NULL),
(413, 504, '2005-06-06', NULL),
(375, 467, '2002-08-21', '2003-06-15'),
(646, 508, '2007-02-26', NULL),
(636, 2, '2000-03-01', '2001-08-23'),
(392, 239, '2007-08-11', NULL),
(503, 6, '2019-05-15', '2020-11-03'),
(396, 5, '2007-07-14', NULL),
(760, 626, '2005-05-06', '2005-10-30'),
(9, 121, '2019-08-04', '2020-12-17'),
(407, 473, '2012-03-09', NULL),
(60, 302, '2002-04-08', '2002-10-30'),
(314, 251, '2019-06-16', '2021-01-12'),
(497, 315, '2012-04-04', NULL),
(258, 48, '2002-05-09', '2003-11-01'),
(33, 516, '2005-04-08', '2005-08-27'),
(5, 8, '2007-06-13', '2007-07-12'),
(637, 226, '2002-11-21', '2003-02-13'),
(467, 713, '2014-10-17', '2016-08-22'),
(222, 747, '2000-07-15', '2001-06-03'),
(633, 89, '2005-02-20', '2006-09-18'),
(351, 408, '2010-02-27', '2011-08-02'),
(298, 91, '2012-05-27', NULL),
(277, 754, '2010-03-18', NULL),
(788, 131, '2007-03-30', '2008-10-25'),
(774, 745, '2012-04-05', '2013-11-25'),
(543, 15, '2002-03-20', '2003-09-06'),
(260, 25, '2005-02-21', '2005-06-15'),
(532, 720, '2009-09-27', '2010-02-25'),
(564, 646, '2012-07-10', '2013-10-01'),
(681, 410, '2019-07-05', NULL),
(37, 670, '2012-01-26', '2012-10-07'),
(663, 38, '2008-05-30', '2008-06-06'),
(89, 246, '2015-04-26', '2015-12-24'),
(44, 296, '2005-06-07', '2006-10-24'),
(353, 532, '2013-06-04', '2014-11-14'),
(634, 25, '2000-03-02', '2001-07-28'),
(761, 27, '2007-01-14', '2007-11-05'),
(5, 561, '2011-11-04', NULL),
(785, 206, '2017-06-30', NULL),
(327, 325, '2017-05-31', NULL),
(114, 510, '2010-02-28', NULL),
(699, 311, '2017-10-01', '2018-07-23'),
(733, 204, '2017-11-01', NULL),
(587, 574, '2009-10-29', NULL),
(716, 673, '2000-09-18', '2001-03-25'),
(583, 188, '2015-02-07', '2015-03-03'),
(663, 6, '2000-04-02', '2001-01-23'),
(68, 706, '2019-11-06', NULL),
(139, 71, '2000-08-15', '2001-12-20'),
(194, 361, '2012-04-24', NULL),
(91, 168, '2005-05-07', '2006-10-10'),
(39, 515, '2007-04-29', '2009-03-07'),
(783, 37, '2013-01-01', NULL),
(187, 673, '2007-05-16', NULL),
(231, 740, '2015-07-12', '2015-12-21'),
(515, 575, '2014-12-07', '2016-03-09'),
(1, 665, '2013-04-30', '2014-05-07'),
(45, 506, '2010-07-07', NULL),
(607, 331, '2019-12-07', '2021-08-16'),
(5, 699, '2005-04-09', NULL),
(520, 3, '2007-06-14', NULL),
(290, 6, '2017-10-02', '2017-10-23'),
(222, 509, '2007-07-15', '2009-05-29'),
(277, 287, '2005-07-05', '2006-04-16'),
(3, 415, '2009-12-20', '2011-09-29'),
(641, 44, '2005-03-23', '2006-01-29'),
(641, 516, '2002-06-23', '2002-12-07'),
(720, 273, '2019-10-14', '2020-06-15'),
(26, 261, '2019-09-15', NULL),
(98, 287, '2019-07-06', '2020-12-03'),
(307, 71, '2002-09-22', '2003-10-25'),
(434, 76, '2015-06-07', '2015-11-22'),
(561, 4, '2020-02-18', '2020-02-26'),
(383, 639, '2007-04-30', '2009-01-08'),
(331, 40, '2017-04-10', '2017-07-25'),
(386, 349, '2013-02-21', '2013-07-07'),
(167, 791, '2011-12-06', '2013-03-21'),
(248, 7, '2000-08-16', '2002-01-04'),
(388, 630, '2010-03-19', '2012-01-27'),
(797, 608, '2019-05-16', '2020-06-25'),
(797, 764, '2005-05-08', '2006-12-06'),
(709, 351, '2013-05-01', '2013-06-20'),
(68, 745, '2010-02-01', '2010-10-03'),
(50, 596, '2004-12-08', '2006-06-03'),
(495, 28, '2012-04-06', NULL),
(666, 267, '2018-01-14', '2018-11-07'),
(431, 544, '2000-05-17', '2000-08-13'),
(598, 152, '2020-01-23', NULL),
(157, 95, '2013-06-05', NULL),
(164, 100, '2015-03-31', '2016-11-24'),
(499, 41, '2010-03-01', '2011-11-10'),
(500, 39, '2002-02-28', '2003-04-06'),
(75, 105, '2005-01-20', '2005-07-02'),
(733, 7, '2002-06-24', '2003-06-13'),
(400, 539, '2002-09-23', NULL),
(435, 72, '2002-08-22', '2003-11-18'),
(672, 340, '2015-06-08', '2017-02-17'),
(704, 677, '2017-11-02', NULL),
(748, 514, '2019-11-07', NULL),
(472, 521, '2017-06-01', '2018-03-13'),
(725, 139, '2008-05-31', NULL),
(80, 668, '2010-06-04', NULL),
(465, 352, '2007-01-15', '2007-01-31'),
(497, 798, '2012-11-27', '2014-08-23'),
(707, 85, '2009-09-28', '2011-06-05'),
(418, 332, '2010-07-08', '2012-04-13'),
(300, 578, '2013-03-20', '2014-08-09'),
(356, 640, '2004-12-09', '2005-08-09'),
(140, 768, '2007-05-17', '2007-10-15'),
(2, 9, '2002-04-09', '2002-10-22'),
(149, 660, '2017-04-11', NULL),
(5, 428, '2012-01-27', '2012-09-28'),
(41, 29, '2009-11-12', '2011-02-18'),
(716, 626, '2010-04-21', '2010-04-23'),
(483, 19, '2017-05-12', '2018-09-25'),
(124, 460, '2000-07-16', NULL),
(639, 586, '2009-12-21', '2011-01-30'),
(60, 541, '2015-04-27', '2015-10-09'),
(175, 279, '2000-03-03', NULL),
(695, 199, '2013-01-31', '2014-03-14'),
(6, 175, '2013-05-02', '2014-04-20'),
(638, 678, '2005-04-10', '2005-05-04'),
(187, 538, '2012-05-28', '2013-07-16'),
(475, 8, '2007-08-12', '2008-06-09'),
(517, 565, '2015-06-09', '2017-04-26'),
(154, 274, '2007-03-31', NULL),
(453, 479, '2012-04-07', '2013-08-14'),
(194, 456, '2019-08-05', '2020-04-17'),
(691, 374, '2020-02-19', '2021-05-08'),
(177, 728, '2005-02-22', '2005-04-24'),
(694, 82, '2002-10-26', '2003-07-13'),
(51, 348, '2000-06-20', NULL),
(524, 378, '2018-01-15', '2018-03-25'),
(671, 667, '2011-12-20', '2013-07-06'),
(617, 254, '2019-05-17', NULL),
(750, 221, '2012-07-11', '2013-08-05'),
(345, 124, '2007-05-18', '2008-11-14'),
(151, 616, '2019-06-17', '2020-02-25'),
(684, 17, '2006-12-13', '2007-01-19'),
(276, 260, '2010-04-22', NULL),
(721, 110, '2009-10-30', '2011-06-22'),
(618, 445, '2000-05-18', '2001-01-15'),
(713, 643, '2012-09-10', '2014-07-03'),
(46, 438, '2005-04-11', '2005-08-08'),
(640, 757, '2015-03-10', '2016-05-16'),
(603, 531, '2017-07-01', '2017-07-04'),
(535, 164, '2019-12-08', NULL),
(718, 421, '2002-08-23', NULL),
(681, 37, '2007-04-01', '2008-08-28'),
(382, 246, '2008-06-01', NULL),
(691, 404, '2002-04-10', '2002-05-01'),
(8, 52, '2011-12-07', NULL),
(363, 23, '2019-08-06', '2019-08-17'),
(165, 117, '2000-03-04', '2002-01-16'),
(5, 376, '2010-03-02', '2011-06-17'),
(486, 665, '2012-01-28', '2013-10-04'),
(625, 609, '2012-10-31', '2013-05-15'),
(305, 81, '2015-01-04', '2015-01-10'),
(176, 751, '2015-02-08', '2015-12-09'),
(441, 304, '2005-03-24', '2006-09-18'),
(643, 516, '2009-11-13', '2011-01-04'),
(6, 76, '2007-02-27', NULL),
(122, 8, '2014-10-18', NULL),
(2, 239, '2011-12-21', '2013-06-24'),
(269, 656, '2012-11-28', NULL),
(59, 2, '2013-03-21', '2014-07-25'),
(185, 650, '2004-12-27', '2006-02-10'),
(665, 204, '2012-10-14', '2013-04-16'),
(699, 254, '2002-06-25', '2004-03-16'),
(562, 346, '2009-12-22', NULL),
(25, 283, '2013-05-03', '2013-12-03'),
(363, 3, '2009-11-14', '2010-05-29'),
(189, 404, '2017-10-03', NULL),
(478, 794, '2015-04-28', '2016-04-12'),
(91, 578, '2012-01-29', '2013-01-19'),
(1, 730, '2013-02-01', '2014-08-05'),
(604, 145, '2000-05-19', '2001-01-28'),
(54, 616, '2005-07-06', NULL),
(1, 562, '2007-02-03', '2008-10-24'),
(124, 7, '2017-09-09', '2019-05-03'),
(1, 560, '2010-06-05', '2011-03-06'),
(754, 483, '2010-07-09', '2011-04-18'),
(220, 147, '2012-07-12', NULL),
(246, 267, '2008-06-02', '2008-11-02'),
(343, 515, '2017-04-12', NULL),
(594, 531, '2000-09-19', '2001-05-23'),
(584, 180, '2000-02-12', NULL),
(220, 242, '2000-07-17', '2000-09-09'),
(684, 709, '2020-02-20', NULL),
(314, 122, '2013-03-22', '2014-10-22'),
(639, 625, '2013-01-02', NULL),
(261, 724, '2015-03-11', '2016-07-25'),
(97, 109, '2015-02-09', NULL),
(43, 539, '2002-08-24', NULL),
(176, 212, '2005-01-21', '2006-03-25'),
(652, 532, '2015-04-29', '2016-10-05'),
(796, 664, '2011-12-22', NULL),
(228, 546, '2002-10-27', NULL),
(49, 322, '2019-10-15', NULL),
(124, 567, '2018-01-16', '2019-02-19'),
(296, 461, '2019-05-18', NULL),
(401, 317, '2007-05-19', '2007-08-09'),
(316, 72, '2007-01-16', '2007-03-19'),
(4, 111, '2017-04-13', '2018-09-30'),
(107, 328, '2005-06-08', NULL),
(356, 449, '2007-08-13', '2008-06-16'),
(720, 325, '2002-06-26', '2002-12-22'),
(415, 18, '2002-07-28', NULL),
(629, 160, '2002-03-21', '2002-09-24'),
(465, 237, '2017-12-19', NULL),
(8, 182, '2000-10-15', NULL),
(668, 42, '2017-07-02', '2019-01-06'),
(223, 228, '2012-09-11', '2014-03-03'),
(767, 169, '2020-01-24', '2020-04-17'),
(678, 580, '2013-03-23', '2013-08-17'),
(553, 30, '2004-12-28', NULL),
(511, 45, '2000-05-20', '2001-05-07'),
(328, 680, '2009-12-23', '2010-08-16'),
(82, 127, '2017-05-13', '2019-01-19'),
(532, 74, '2012-04-08', '2013-03-13'),
(210, 170, '2017-08-11', '2018-08-12'),
(553, 796, '2005-04-12', '2006-12-16'),
(731, 546, '2009-11-15', NULL),
(342, 675, '2015-07-13', '2015-11-29'),
(640, 509, '2007-06-15', NULL),
(126, 85, '2013-02-02', NULL),
(2, 643, '2007-07-16', NULL),
(705, 644, '2014-10-19', NULL),
(593, 771, '2019-08-07', '2021-02-06'),
(44, 675, '2019-09-16', NULL),
(49, 643, '2000-02-13', NULL),
(93, 55, '2012-04-25', NULL),
(528, 273, '2017-09-10', '2018-06-14'),
(760, 625, '2013-01-03', '2014-09-08'),
(256, 475, '2019-10-16', '2021-07-28'),
(77, 543, '2007-02-04', NULL),
(773, 433, '2010-07-10', '2010-11-10'),
(151, 684, '2017-11-03', '2019-04-19'),
(182, 15, '2015-06-10', '2016-01-03'),
(358, 698, '2017-07-03', NULL),
(320, 180, '2011-12-23', NULL),
(109, 371, '2019-11-08', '2020-05-09'),
(793, 426, '2017-08-12', NULL),
(513, 25, '2013-06-06', NULL),
(114, 267, '2000-09-20', '2002-05-24'),
(364, 77, '2012-01-30', '2013-01-08'),
(50, 438, '2004-12-29', '2005-02-11'),
(88, 575, '2000-06-21', '2001-02-28'),
(404, 15, '2008-06-03', '2010-02-16'),
(553, 162, '2004-11-06', '2006-01-16'),
(101, 377, '2019-08-08', NULL),
(243, 129, '2002-03-22', '2003-04-02'),
(342, 772, '2000-08-17', '2001-07-16'),
(641, 7, '2013-05-04', NULL),
(763, 165, '2002-04-11', '2003-05-05'),
(479, 729, '2009-12-24', NULL),
(742, 84, '2019-07-07', NULL),
(384, 242, '2015-01-05', NULL),
(16, 443, '2015-02-10', '2016-04-14'),
(364, 76, '2015-03-12', NULL),
(105, 16, '2005-07-07', '2007-05-22'),
(585, 446, '2012-03-10', '2012-10-06'),
(336, 422, '2019-05-19', '2019-07-15'),
(413, 5, '2007-05-20', '2008-04-17'),
(262, 730, '2015-06-11', '2017-01-30'),
(573, 146, '2019-06-18', '2020-10-21'),
(66, 42, '2020-02-21', '2020-07-24'),
(372, 785, '2007-05-01', '2007-11-10'),
(22, 8, '2005-02-23', '2005-09-04'),
(732, 376, '2014-12-08', NULL),
(69, 317, '2002-05-10', NULL),
(26, 29, '2005-06-09', '2006-02-09'),
(1, 46, '2000-03-05', '2000-05-25'),
(702, 100, '2007-08-14', '2008-02-28'),
(170, 644, '2011-11-05', '2013-02-17'),
(292, 216, '2010-06-06', '2011-10-29'),
(406, 597, '2017-05-14', '2017-12-07'),
(407, 342, '2005-03-25', NULL),
(202, 764, '2018-01-17', '2018-04-16'),
(113, 274, '2017-07-04', NULL),
(420, 640, '2017-04-14', '2018-12-19'),
(309, 310, '2002-06-27', NULL),
(166, 643, '2000-02-14', '2000-11-23'),
(271, 621, '2007-02-05', '2009-01-04'),
(418, 581, '2019-08-09', NULL),
(600, 170, '2012-09-12', '2013-06-16'),
(482, 340, '2002-03-23', '2002-03-26'),
(24, 155, '2007-05-02', NULL),
(446, 379, '2009-11-16', '2010-03-16'),
(6, 312, '2019-05-20', '2020-06-26'),
(532, 635, '2012-07-13', NULL),
(70, 159, '2015-04-30', '2016-02-18'),
(326, 659, '2017-07-05', '2017-11-26'),
(506, 233, '2019-09-17', NULL),
(769, 278, '2012-11-01', NULL),
(212, 83, '2013-02-22', '2014-01-05'),
(551, 440, '2017-09-11', NULL),
(473, 723, '2015-07-14', NULL),
(195, 21, '2017-12-20', NULL),
(437, 4, '2005-05-09', '2006-05-10'),
(236, 142, '2017-08-13', '2017-08-15'),
(748, 304, '2010-07-11', NULL),
(149, 714, '2009-10-31', '2011-06-14'),
(165, 45, '2019-10-17', '2020-06-26'),
(4, 496, '2005-04-13', '2005-09-21'),
(42, 635, '2000-05-21', NULL),
(6, 4, '2019-12-09', '2020-07-19'),
(109, 150, '2007-07-17', '2008-05-26'),
(108, 74, '2005-07-08', '2007-01-13'),
(2, 470, '2000-04-03', '2001-09-16'),
(228, 342, '2011-12-24', NULL),
(3, 303, '2020-01-25', NULL),
(234, 409, '2019-08-10', '2020-08-09'),
(8, 648, '2000-01-23', '2001-04-11'),
(299, 2, '2002-04-12', '2003-04-28'),
(44, 641, '2002-07-29', NULL),
(368, 482, '2013-01-04', NULL),
(217, 77, '2007-08-15', NULL),
(786, 709, '2012-01-31', '2012-05-29'),
(531, 116, '2010-03-20', '2011-11-23'),
(384, 54, '2019-06-19', '2021-02-27'),
(528, 315, '2000-03-06', NULL),
(593, 4, '2002-05-11', '2003-04-05'),
(766, 417, '2009-11-17', '2009-12-09'),
(193, 21, '2000-06-22', '2001-06-25'),
(193, 647, '2017-11-04', '2019-03-31'),
(279, 3, '2019-09-18', '2021-07-27'),
(27, 482, '2012-04-26', '2012-07-07'),
(97, 9, '2017-09-12', NULL),
(222, 711, '2007-02-28', '2008-05-12'),
(196, 337, '2017-08-14', '2018-06-17'),
(555, 572, '2009-09-29', '2010-12-18'),
(562, 756, '2005-03-26', NULL),
(762, 353, '2017-05-15', '2018-12-14'),
(797, 304, '2005-06-10', NULL),
(86, 278, '2014-12-09', NULL),
(304, 382, '2019-09-19', '2020-03-03'),
(504, 188, '2019-10-18', NULL),
(711, 99, '2019-12-10', NULL),
(695, 750, '2015-04-01', '2016-06-30'),
(475, 63, '2017-07-06', '2017-09-23'),
(44, 380, '2012-11-02', '2013-01-06'),
(566, 71, '2017-11-05', NULL),
(495, 4, '2002-11-22', '2003-06-07'),
(345, 543, '2010-06-07', NULL),
(104, 299, '2006-12-14', '2007-06-10'),
(206, 188, '2015-02-11', NULL),
(591, 265, '2000-02-15', NULL),
(83, 1, '2019-08-11', '2020-12-27'),
(170, 481, '2000-10-16', '2001-10-26'),
(147, 8, '2011-12-25', NULL),
(12, 525, '2007-05-21', '2007-06-02'),
(278, 351, '2013-02-03', '2014-05-16'),
(279, 383, '2014-10-20', NULL),
(124, 11, '2012-05-29', '2013-12-20'),
(252, 408, '2002-03-24', '2003-01-27'),
(580, 263, '2010-02-02', NULL),
(668, 367, '2002-10-28', NULL),
(441, 37, '2017-04-15', NULL),
(194, 592, '2004-12-10', '2006-08-01'),
(590, 225, '2008-06-04', '2009-02-19'),
(255, 508, '2002-03-01', '2002-08-04'),
(619, 89, '2000-04-04', NULL),
(791, 103, '2007-05-03', '2008-12-18'),
(725, 207, '2013-02-23', NULL),
(443, 346, '2011-12-08', '2012-10-09'),
(241, 407, '2009-11-18', '2010-06-25'),
(18, 259, '2005-01-22', '2005-08-14'),
(86, 3, '2019-05-21', NULL),
(753, 7, '2013-05-05', '2014-03-06'),
(300, 319, '2007-01-17', '2007-02-06'),
(68, 13, '2012-09-13', '2014-06-13'),
(571, 57, '2014-11-21', '2015-08-05'),
(5, 148, '2013-01-05', NULL),
(535, 74, '2010-03-03', NULL),
(519, 69, '2013-06-07', '2015-02-11'),
(253, 615, '2010-04-23', NULL),
(774, 126, '2011-12-26', '2013-09-02'),
(232, 341, '2002-05-12', '2004-01-28'),
(2, 645, '2009-11-19', '2011-04-26'),
(74, 266, '2004-11-07', '2006-08-17'),
(259, 576, '2012-11-29', '2013-05-10'),
(582, 660, '2012-03-11', '2012-11-22'),
(793, 398, '2012-04-09', NULL),
(439, 621, '2004-12-11', '2005-06-14'),
(55, 177, '2017-12-21', '2019-09-08'),
(92, 66, '2005-04-14', '2007-02-10'),
(394, 54, '2014-12-10', '2016-05-04'),
(49, 711, '2009-12-25', '2011-07-08'),
(296, 2, '2002-09-24', '2002-12-03'),
(752, 16, '2002-11-23', '2002-11-26'),
(44, 210, '2017-10-04', '2018-01-12'),
(267, 104, '2011-12-27', '2013-11-11'),
(1, 256, '2007-06-16', '2009-03-20'),
(521, 525, '2000-09-21', NULL),
(575, 764, '2012-02-01', '2012-12-12'),
(20, 67, '2015-07-15', NULL),
(491, 600, '2011-11-06', '2013-06-08'),
(26, 661, '2004-12-30', '2006-04-06'),
(540, 661, '2019-11-09', NULL),
(3, 614, '2002-10-29', NULL),
(649, 577, '2019-06-20', '2020-01-22'),
(4, 592, '2000-01-24', '2001-08-05'),
(6, 354, '2000-04-05', NULL),
(739, 50, '2013-06-08', '2013-12-25'),
(173, 201, '2009-11-20', NULL),
(464, 152, '2010-02-03', '2011-06-27'),
(389, 34, '2015-06-12', NULL),
(777, 704, '2005-05-10', NULL),
(127, 27, '2020-02-22', '2021-09-22'),
(222, 170, '2002-07-30', '2004-06-01'),
(684, 367, '2007-01-18', '2007-07-11'),
(76, 447, '2017-08-15', '2018-03-14'),
(268, 64, '2013-05-06', NULL),
(163, 84, '2018-01-18', '2018-09-26'),
(7, 726, '2015-03-13', NULL),
(5, 265, '2002-06-28', NULL),
(257, 71, '2015-06-13', '2015-07-28'),
(59, 774, '2005-03-27', '2006-11-20'),
(9, 347, '2015-07-16', '2015-09-11'),
(489, 587, '2015-02-12', NULL),
(650, 48, '2007-07-18', '2008-10-25'),
(756, 451, '2020-02-23', '2021-05-07'),
(355, 528, '2013-02-04', NULL),
(235, 40, '2014-10-21', '2016-04-13'),
(540, 776, '2012-03-12', '2013-06-19'),
(644, 363, '2015-04-02', NULL),
(316, 316, '2000-06-23', NULL),
(788, 682, '2013-03-24', NULL),
(543, 684, '2017-07-07', '2019-01-03'),
(311, 373, '2020-01-26', '2021-01-17'),
(451, 548, '2013-01-06', '2013-04-14'),
(342, 89, '2000-02-16', '2001-09-27'),
(750, 30, '2017-09-13', '2018-06-08'),
(171, 1, '2007-04-02', NULL),
(673, 204, '2012-09-14', '2014-07-09'),
(625, 374, '2012-11-03', '2013-04-21'),
(725, 8, '2002-05-13', '2002-07-29'),
(412, 6, '2010-03-21', '2010-12-16'),
(3, 113, '2018-01-19', NULL),
(363, 529, '2002-07-31', '2002-08-15'),
(479, 766, '2007-06-17', '2008-08-07'),
(561, 9, '2017-10-05', '2018-08-07'),
(662, 24, '2000-05-22', '2000-06-11'),
(196, 449, '2017-06-02', '2018-08-18'),
(153, 455, '2012-05-30', '2013-03-06'),
(362, 251, '2017-05-16', '2017-06-15'),
(6, 503, '2015-03-14', '2016-04-19'),
(34, 26, '2013-02-24', NULL),
(514, 221, '2015-02-13', NULL),
(432, 619, '2015-05-01', '2016-01-09'),
(585, 558, '2009-09-30', '2011-03-12'),
(115, 146, '2019-11-10', '2020-08-07'),
(360, 784, '2019-08-12', '2019-11-10'),
(728, 8, '2019-07-08', '2019-11-05'),
(426, 470, '2013-05-07', '2013-07-04'),
(6, 258, '2000-04-06', '2001-06-05'),
(14, 530, '2010-03-04', '2011-02-26'),
(718, 772, '2019-06-21', '2019-09-23'),
(787, 476, '2005-02-24', NULL),
(487, 38, '2012-04-10', '2013-10-08'),
(5, 721, '2020-02-24', '2021-09-16'),
(754, 288, '2014-12-11', '2015-05-28'),
(630, 143, '2002-05-14', NULL),
(5, 100, '2017-12-22', '2018-08-24'),
(46, 723, '2000-10-17', NULL),
(374, 261, '2000-09-22', '2001-04-09'),
(76, 495, '2005-07-09', '2005-10-31'),
(433, 387, '2012-11-04', '2014-04-21'),
(67, 216, '2000-08-18', '2001-04-03'),
(368, 217, '2002-03-02', '2003-09-07'),
(763, 562, '2009-12-26', '2011-05-26'),
(646, 257, '2017-06-03', NULL),
(96, 372, '2017-10-06', NULL),
(289, 662, '2000-04-07', NULL),
(783, 363, '2010-04-24', '2010-07-14'),
(8, 287, '2014-12-12', NULL),
(309, 617, '2007-03-01', '2008-05-25'),
(246, 677, '2011-12-28', '2013-10-27'),
(8, 6, '2017-07-08', '2019-03-06'),
(736, 1, '2019-07-09', '2019-07-27'),
(445, 377, '2015-01-06', '2016-08-22'),
(365, 725, '2007-05-22', '2009-02-15'),
(628, 599, '2017-06-04', '2018-09-07'),
(43, 671, '2007-04-03', NULL),
(137, 155, '2012-07-14', '2013-02-21'),
(708, 98, '2013-06-09', '2014-11-28'),
(19, 625, '2010-06-08', '2010-06-18'),
(133, 263, '2005-01-23', '2006-09-28'),
(32, 6, '2007-05-04', '2008-12-15'),
(275, 196, '2002-11-24', NULL),
(121, 754, '2002-10-30', NULL),
(94, 404, '2009-11-01', NULL),
(479, 38, '2006-12-15', '2007-04-07'),
(82, 3, '2019-07-10', '2019-07-20'),
(304, 411, '2010-02-04', '2011-02-07'),
(306, 159, '2019-10-19', NULL),
(615, 208, '2012-11-30', NULL),
(46, 93, '2012-05-31', NULL),
(274, 498, '2002-04-13', '2003-02-15'),
(166, 89, '2000-10-18', '2001-01-06'),
(725, 480, '2017-05-17', '2018-01-21'),
(472, 383, '2017-04-16', '2018-02-28'),
(585, 60, '2020-01-27', '2021-03-05'),
(1, 42, '2019-08-13', '2021-03-22'),
(418, 572, '2019-09-20', '2020-06-26'),
(13, 226, '2015-07-17', '2017-02-18'),
(770, 751, '2015-06-14', NULL),
(225, 533, '2004-12-12', NULL),
(533, 614, '2012-04-27', '2013-02-19'),
(615, 240, '2010-04-25', '2010-09-21'),
(4, 388, '2010-07-12', NULL),
(7, 73, '2017-06-05', '2019-02-12'),
(155, 154, '2005-06-11', '2006-05-09'),
(722, 552, '2002-05-15', NULL),
(294, 68, '2007-02-06', '2008-01-07'),
(3, 2, '2000-04-08', '2000-04-20'),
(678, 774, '2011-11-07', NULL),
(723, 420, '2007-08-16', NULL),
(178, 472, '2000-09-23', '2001-04-11'),
(287, 767, '2012-10-15', '2014-08-07'),
(624, 419, '2014-10-22', '2015-06-03'),
(116, 478, '2000-07-18', '2001-05-22'),
(306, 681, '2005-05-11', '2005-06-08'),
(95, 158, '2013-06-10', '2013-08-13'),
(682, 128, '2004-12-31', '2006-07-20'),
(6, 363, '2014-11-22', '2016-03-09'),
(556, 792, '2009-10-01', '2010-03-05'),
(363, 66, '2017-07-09', '2017-12-07'),
(2, 20, '2013-05-08', '2014-05-22'),
(229, 362, '2009-11-21', NULL),
(79, 78, '2008-06-05', '2009-05-10'),
(65, 576, '2002-08-25', '2003-09-29'),
(240, 706, '2017-12-23', '2019-04-11'),
(542, 9, '2015-01-07', NULL),
(200, 776, '2012-10-16', '2014-05-29'),
(259, 736, '2011-11-08', '2013-07-07'),
(321, 314, '2019-12-11', '2021-01-04'),
(643, 162, '2018-01-20', '2019-03-15'),
(579, 362, '2002-03-25', NULL),
(113, 9, '2009-10-02', '2011-08-02'),
(431, 312, '2002-10-31', '2004-09-06'),
(430, 54, '2000-07-19', '2000-10-27'),
(540, 375, '2007-06-18', NULL),
(343, 538, '2020-02-25', '2020-09-14'),
(674, 87, '2007-07-19', NULL),
(208, 49, '2000-06-24', '2001-01-22'),
(174, 675, '2011-12-29', '2012-05-10'),
(177, 112, '2010-07-13', NULL),
(214, 8, '2019-06-22', '2020-02-20'),
(433, 130, '2002-05-16', '2002-06-25'),
(695, 546, '2002-06-29', NULL),
(470, 8, '2013-02-05', '2013-11-14'),
(542, 4, '2010-03-22', NULL),
(101, 59, '2009-11-22', '2011-05-17'),
(616, 553, '2015-06-15', '2016-07-09'),
(10, 248, '2012-03-13', NULL),
(407, 206, '2012-12-01', '2014-09-16'),
(260, 147, '2011-11-09', '2011-12-18'),
(666, 717, '2014-11-23', '2016-09-18'),
(59, 189, '2015-03-15', '2015-03-28'),
(487, 273, '2002-09-25', '2003-02-18'),
(635, 492, '2019-11-11', NULL),
(90, 677, '2000-03-07', '2001-09-12'),
(552, 46, '2000-04-09', '2002-01-27'),
(574, 466, '2005-05-12', '2006-08-15'),
(226, 190, '2002-04-14', '2002-11-23'),
(790, 2, '2017-08-16', '2019-03-09'),
(613, 711, '2002-08-01', NULL),
(720, 670, '2009-10-03', '2010-12-30'),
(81, 215, '2011-12-09', '2013-11-06'),
(563, 659, '2010-02-05', NULL),
(245, 660, '2012-09-15', '2014-07-28'),
(13, 289, '2002-08-26', '2002-12-17'),
(44, 69, '2002-11-25', NULL),
(377, 26, '2017-05-18', '2017-09-05'),
(49, 616, '2002-05-17', NULL),
(556, 7, '2000-01-25', NULL),
(195, 255, '2000-09-24', NULL),
(322, 692, '2007-01-19', NULL),
(600, 22, '2008-06-06', NULL),
(347, 104, '2017-11-06', NULL),
(465, 362, '2011-12-30', '2012-02-13'),
(345, 552, '2019-08-14', '2021-05-18'),
(513, 398, '2005-03-28', '2006-10-23'),
(495, 70, '2020-01-28', '2021-08-28'),
(369, 314, '2000-05-23', NULL),
(58, 204, '2015-07-18', NULL),
(10, 361, '2000-07-20', '2001-10-20'),
(321, 494, '2017-09-14', '2019-03-19'),
(157, 176, '2007-06-19', NULL),
(82, 105, '2015-04-03', NULL),
(426, 795, '2013-03-25', '2014-04-08'),
(49, 726, '2017-12-24', '2018-01-29'),
(769, 239, '2002-08-27', '2003-05-08'),
(721, 532, '2009-11-23', '2011-06-21'),
(64, 226, '2012-02-02', '2013-09-29'),
(149, 440, '2005-02-25', '2005-03-04'),
(66, 96, '2007-02-07', '2008-08-10'),
(69, 5, '2014-10-23', '2015-01-21'),
(45, 576, '2012-06-01', NULL),
(432, 378, '2012-10-17', '2014-04-12'),
(758, 400, '2005-07-10', '2006-10-17'),
(222, 214, '2013-02-25', '2013-07-27'),
(371, 661, '2012-07-15', '2012-07-19'),
(727, 554, '2007-08-17', NULL),
(294, 20, '2017-07-10', NULL),
(423, 557, '2000-08-19', NULL),
(417, 9, '2010-06-09', '2010-10-24'),
(422, 149, '2005-01-01', '2006-01-01'),
(786, 75, '2000-06-25', '2002-04-10'),
(276, 162, '2012-03-14', '2013-05-17'),
(507, 341, '2010-03-05', '2010-12-14'),
(472, 9, '2005-07-11', '2006-07-05'),
(498, 3, '2004-11-08', '2005-02-17'),
(598, 255, '2012-04-28', '2013-12-20'),
(1, 97, '2002-06-30', NULL),
(419, 675, '2009-12-27', '2011-05-22'),
(721, 780, '2015-05-02', NULL),
(91, 209, '2019-10-20', '2021-06-29'),
(480, 194, '2012-11-05', '2013-01-13'),
(756, 190, '2007-03-02', '2007-07-14'),
(722, 753, '2010-03-23', '2011-04-01'),
(236, 736, '2012-07-16', '2014-02-14'),
(72, 85, '2010-02-06', '2010-06-01'),
(613, 439, '2007-05-05', NULL),
(86, 90, '2019-12-12', '2020-12-25'),
(6, 544, '2019-07-11', '2020-06-06'),
(399, 364, '2014-11-24', '2015-03-05'),
(9, 33, '2007-04-04', '2008-11-23'),
(301, 9, '2010-07-14', '2011-07-16'),
(244, 33, '2010-06-10', '2012-04-06'),
(399, 66, '2012-04-29', '2014-01-03'),
(7, 130, '2000-10-19', '2002-04-08'),
(735, 645, '2012-02-03', '2013-12-18'),
(583, 486, '2020-01-29', NULL),
(413, 714, '2013-03-26', '2015-02-02'),
(368, 384, '2005-03-29', '2005-08-06'),
(275, 185, '2007-02-08', '2007-11-12'),
(43, 321, '2015-04-04', NULL),
(641, 349, '2012-03-15', NULL),
(429, 173, '2005-05-13', NULL),
(598, 96, '2006-12-16', '2008-04-22'),
(503, 82, '2002-08-02', NULL),
(48, 551, '2018-01-21', '2019-06-22'),
(563, 776, '2000-02-17', '2001-08-06'),
(3, 14, '2015-01-08', '2015-10-24'),
(236, 203, '2010-03-24', '2011-09-15'),
(759, 350, '2017-11-07', '2017-11-23'),
(9, 592, '2005-06-12', NULL),
(746, 88, '2007-08-18', '2008-06-11'),
(615, 4, '2012-07-17', '2013-12-23'),
(285, 505, '2012-04-30', '2014-02-15'),
(658, 198, '2015-05-03', NULL),
(47, 683, '2010-03-25', '2012-01-22'),
(756, 21, '2000-03-08', '2000-07-26'),
(302, 185, '2019-08-15', '2020-09-17'),
(653, 22, '2019-05-22', '2020-05-24'),
(281, 373, '2005-01-02', NULL),
(35, 223, '2013-01-07', '2014-07-12'),
(426, 692, '2002-03-26', NULL),
(746, 626, '2002-03-03', '2002-12-07'),
(254, 68, '2010-04-26', NULL),
(468, 460, '2009-12-28', '2011-06-09'),
(734, 691, '2014-12-13', NULL),
(623, 199, '2005-04-15', '2005-08-08'),
(538, 128, '2019-12-13', '2021-01-03'),
(425, 188, '2017-09-15', '2018-08-07'),
(457, 597, '2013-02-26', '2014-05-10'),
(641, 214, '2000-04-10', '2001-04-27'),
(645, 473, '2013-06-11', '2015-02-25'),
(345, 288, '2009-11-02', NULL),
(587, 445, '2012-09-16', '2012-10-27'),
(8, 274, '2011-12-10', '2013-10-01'),
(302, 35, '2014-10-24', NULL),
(452, 132, '2013-03-27', '2015-01-20'),
(411, 65, '2011-12-31', NULL),
(398, 126, '2012-02-04', NULL),
(693, 737, '2010-06-11', '2011-05-30'),
(568, 764, '2002-04-15', '2003-10-18'),
(470, 284, '2019-06-23', '2019-09-21'),
(599, 721, '2002-11-26', '2003-11-18'),
(455, 301, '2005-02-26', '2005-06-10'),
(383, 18, '2004-11-09', '2006-03-10'),
(709, 668, '2017-10-07', NULL),
(261, 196, '2007-07-20', '2008-05-07'),
(310, 638, '2000-02-18', '2001-02-11'),
(245, 418, '2017-04-17', '2018-03-09'),
(394, 774, '2012-10-18', '2013-10-27'),
(383, 307, '2020-02-26', '2020-04-03'),
(780, 61, '2013-02-06', '2013-03-22'),
(639, 140, '2017-11-08', '2018-07-06'),
(430, 522, '2011-11-10', NULL),
(308, 311, '2013-05-09', '2015-01-20'),
(638, 708, '2019-09-21', '2020-06-02'),
(604, 215, '2017-07-11', '2018-04-26'),
(483, 77, '2015-07-19', '2017-04-03'),
(125, 3, '2015-06-16', NULL),
(275, 664, '2009-11-03', NULL),
(425, 81, '2000-03-09', '2001-11-26'),
(403, 81, '2019-10-21', '2020-08-16'),
(424, 468, '2015-04-05', '2016-11-11'),
(587, 154, '2006-12-17', '2007-10-12'),
(251, 769, '2002-05-18', '2002-08-24'),
(326, 8, '2008-06-07', NULL),
(739, 263, '2012-06-02', NULL),
(3, 503, '2005-06-13', NULL),
(44, 2, '2010-02-07', '2011-09-03'),
(57, 598, '2007-05-23', NULL),
(606, 673, '2004-12-13', '2005-10-25'),
(235, 53, '2004-11-10', NULL),
(234, 401, '2010-07-15', '2012-03-08'),
(507, 12, '2014-11-25', NULL),
(146, 572, '2012-09-17', '2013-03-21'),
(59, 318, '2012-11-06', '2013-07-08'),
(374, 714, '2017-05-19', '2017-10-01'),
(76, 475, '2010-04-27', '2012-03-16'),
(428, 785, '2017-09-16', '2019-03-16'),
(578, 574, '2000-05-24', '2001-03-12'),
(483, 263, '2015-03-16', '2015-06-27'),
(75, 261, '2000-07-21', '2001-02-05'),
(3, 237, '2002-07-01', '2003-02-26'),
(430, 152, '2000-06-26', NULL),
(271, 645, '2015-05-04', '2015-08-07'),
(238, 26, '2013-05-10', NULL),
(65, 410, '2012-12-02', '2013-11-04'),
(92, 63, '2013-06-12', '2013-06-30'),
(563, 370, '2014-10-25', '2015-02-11'),
(364, 223, '2019-11-12', '2020-12-30'),
(748, 23, '2019-12-14', '2020-10-28'),
(715, 178, '2002-08-28', '2003-06-13'),
(570, 710, '2000-05-25', '2001-01-27'),
(440, 53, '2007-02-09', '2008-02-09'),
(331, 2, '2013-03-28', NULL),
(795, 304, '2013-02-27', '2014-11-24'),
(468, 782, '2002-08-03', NULL),
(626, 453, '2007-07-21', '2009-03-04'),
(534, 614, '2011-12-11', '2012-06-05'),
(633, 203, '2000-04-11', '2001-11-27'),
(187, 243, '2015-07-20', NULL),
(409, 82, '2006-12-18', '2008-07-11'),
(788, 607, '2012-03-16', NULL),
(101, 644, '2000-06-27', NULL),
(210, 125, '2015-06-17', '2016-11-29'),
(155, 386, '2008-06-08', NULL),
(319, 698, '2015-02-14', '2016-07-05'),
(426, 335, '2007-05-06', NULL),
(579, 42, '2019-06-24', NULL),
(189, 721, '2015-05-05', '2016-12-08'),
(777, 542, '2005-01-03', NULL),
(560, 18, '2000-07-22', NULL),
(390, 149, '2013-01-08', '2013-12-08'),
(36, 2, '2009-12-29', '2011-01-07'),
(87, 403, '2012-06-03', NULL),
(607, 708, '2013-02-07', NULL),
(429, 60, '2013-05-11', '2014-03-24'),
(2, 410, '2017-06-06', '2018-10-10'),
(376, 190, '2012-02-05', NULL),
(129, 558, '2015-02-15', NULL),
(573, 657, '2015-04-06', '2016-08-17'),
(90, 253, '2013-06-13', '2013-10-17'),
(779, 213, '2015-06-18', '2017-03-25'),
(794, 606, '2000-10-20', '2000-10-23'),
(84, 586, '2002-11-01', '2003-03-13'),
(101, 195, '2005-03-30', NULL),
(62, 11, '2017-11-09', NULL),
(553, 9, '2013-02-28', '2013-05-26'),
(630, 46, '2007-04-05', '2007-05-16'),
(737, 770, '2014-12-14', '2015-02-02'),
(456, 262, '2010-07-16', '2010-09-15'),
(155, 758, '2015-01-09', '2015-10-20'),
(328, 749, '2019-10-22', '2020-08-30'),
(607, 100, '2007-02-10', '2008-01-29'),
(685, 439, '2005-02-27', NULL),
(70, 782, '2012-12-03', NULL),
(60, 3, '2000-01-26', '2001-04-05'),
(591, 660, '2017-05-20', NULL),
(297, 276, '2017-09-17', '2019-02-15'),
(12, 268, '2012-07-18', '2013-06-02'),
(73, 786, '2002-04-16', NULL),
(253, 524, '2002-09-26', '2003-04-24'),
(580, 748, '2002-08-29', NULL),
(59, 256, '2009-12-30', '2011-11-05'),
(699, 217, '2009-11-24', NULL),
(156, 70, '2005-07-12', '2007-03-25'),
(274, 651, '2002-05-19', '2003-10-21'),
(5, 655, '2009-10-04', '2010-12-07'),
(210, 7, '2019-12-15', '2020-08-07'),
(536, 742, '2019-06-25', '2019-11-24'),
(402, 290, '2010-06-12', '2010-12-19'),
(336, 1, '2002-03-04', NULL),
(460, 8, '2002-07-02', '2004-03-03'),
(566, 45, '2002-08-04', '2002-11-19'),
(301, 15, '2000-07-23', '2000-10-15'),
(506, 774, '2011-10-11', NULL),
(729, 680, '2019-07-12', '2020-10-20'),
(81, 685, '2013-03-29', '2013-04-09'),
(644, 562, '2000-05-26', '2000-11-28'),
(496, 396, '2019-10-23', '2019-11-25'),
(735, 570, '2012-09-18', NULL),
(598, 6, '2015-07-21', '2016-12-02'),
(256, 691, '2009-09-04', '2010-07-12'),
(157, 28, '2012-07-19', '2013-02-11'),
(475, 294, '2013-06-14', '2013-07-20'),
(274, 440, '2014-10-26', '2016-05-03'),
(139, 251, '2000-01-01', '2000-03-19'),
(86, 708, '2019-05-23', NULL),
(550, 138, '2010-06-13', '2011-07-07'),
(224, 626, '2015-01-10', '2015-03-22'),
(716, 114, '2007-04-06', '2009-02-18'),
(177, 157, '2005-04-16', '2006-08-30'),
(228, 790, '2015-07-22', NULL),
(269, 772, '2000-06-28', '2000-08-30'),
(578, 638, '2012-01-01', NULL),
(788, 665, '2017-12-25', NULL),
(322, 302, '2011-10-12', '2012-11-14'),
(564, 205, '2002-07-03', '2004-05-28'),
(693, 188, '2002-08-05', '2002-11-25'),
(128, 737, '2013-06-15', '2015-01-25'),
(534, 31, '2011-11-11', '2013-09-17'),
(343, 4, '2005-02-28', '2006-03-28'),
(177, 460, '2006-11-18', NULL),
(64, 632, '2019-08-16', NULL),
(125, 551, '2012-11-07', NULL),
(129, 744, '2015-05-06', NULL),
(435, 553, '2015-04-07', NULL),
(775, 4, '2004-11-11', '2006-05-23'),
(328, 3, '2000-08-20', '2001-04-17'),
(55, 19, '2012-02-06', '2013-03-30'),
(56, 550, '2009-09-05', NULL),
(296, 23, '2012-04-11', NULL),
(681, 10, '2010-02-08', '2010-08-03'),
(568, 720, '2005-06-14', '2006-11-05'),
(259, 260, '2013-03-01', NULL),
(8, 444, '2007-05-07', '2009-02-27'),
(3, 298, '2013-01-09', '2014-03-07'),
(510, 12, '2008-06-09', '2009-10-29'),
(491, 356, '2015-03-17', '2016-11-18'),
(486, 751, '2000-03-10', '2000-06-27'),
(138, 665, '2007-06-20', '2007-07-17'),
(797, 73, '2012-09-19', '2013-02-03'),
(768, 245, '2009-12-31', NULL),
(604, 654, '2012-03-17', '2013-12-17'),
(26, 532, '2017-10-08', '2018-03-25'),
(400, 59, '2017-03-18', NULL),
(461, 733, '2002-04-17', '2002-08-13'),
(481, 663, '2006-12-19', NULL),
(231, 749, '2012-12-04', '2013-10-07'),
(509, 101, '2010-04-28', '2011-09-09'),
(247, 731, '2020-01-30', '2020-08-27'),
(279, 633, '2002-08-30', NULL),
(155, 741, '2011-10-13', '2012-10-20'),
(467, 88, '2013-02-08', '2014-04-07'),
(268, 717, '2017-06-07', '2018-04-21'),
(625, 798, '2013-03-30', '2014-11-13'),
(423, 226, '2019-11-13', '2021-01-24'),
(466, 464, '2007-08-19', '2008-09-13'),
(697, 200, '2000-05-27', '2001-04-11'),
(637, 4, '2000-01-27', '2001-12-09'),
(247, 52, '2015-01-11', NULL),
(462, 85, '2009-09-06', NULL),
(590, 457, '2017-09-18', '2018-06-02'),
(461, 788, '2010-02-09', '2010-05-11'),
(693, 63, '2002-03-05', '2003-08-15'),
(648, 261, '2000-09-25', NULL),
(97, 558, '2004-10-12', '2005-11-09'),
(393, 441, '2017-04-18', '2017-09-02'),
(177, 668, '2012-06-04', '2013-09-07'),
(248, 779, '2012-05-01', NULL),
(4, 319, '2010-03-06', NULL),
(420, 289, '2005-01-04', '2005-03-02'),
(26, 23, '2015-07-23', '2017-04-12'),
(422, 559, '2006-11-19', '2007-11-04'),
(490, 798, '2012-12-05', '2013-04-17'),
(404, 513, '2004-11-12', '2005-03-17'),
(598, 606, '2019-07-13', '2020-09-20'),
(36, 627, '2015-05-07', '2015-12-17'),
(19, 8, '2017-10-09', '2019-03-30'),
(4, 170, '2000-04-12', '2001-01-10'),
(46, 678, '2007-04-07', NULL),
(383, 283, '2002-09-27', '2002-12-29'),
(785, 15, '2010-03-26', '2011-04-08'),
(487, 212, '2002-02-07', '2002-08-22'),
(539, 13, '2012-04-12', '2012-04-30'),
(663, 75, '2017-08-17', '2018-08-29'),
(268, 139, '2014-12-15', NULL),
(754, 610, '2002-11-02', '2002-11-16'),
(2, 63, '2000-06-29', NULL),
(276, 390, '2014-10-27', '2016-04-07'),
(68, 756, '2010-04-29', '2011-11-16'),
(420, 310, '2000-07-24', NULL),
(178, 402, '2012-02-07', '2012-07-01'),
(67, 649, '2015-02-16', '2015-09-19'),
(582, 33, '2019-04-23', '2020-03-21'),
(88, 597, '2010-03-07', NULL),
(456, 287, '2019-09-22', '2021-07-22'),
(3, 467, '2017-11-10', NULL),
(236, 461, '2009-11-25', '2010-03-05'),
(59, 692, '2012-05-02', '2012-05-21'),
(690, 226, '2002-11-27', NULL),
(614, 99, '2015-01-12', '2015-09-07'),
(199, 394, '2007-02-11', NULL),
(8, 7, '2019-10-24', NULL),
(532, 537, '2009-10-05', '2011-08-22'),
(510, 231, '2002-07-04', '2002-11-05'),
(555, 278, '2000-08-21', '2002-06-30'),
(492, 572, '2011-10-14', NULL),
(7, 534, '2010-01-01', NULL),
(348, 336, '2000-03-11', '2000-07-23'),
(511, 231, '2017-07-12', NULL),
(127, 3, '2000-01-28', '2001-02-26'),
(601, 73, '2012-11-08', NULL),
(432, 750, '2012-02-08', '2013-12-29'),
(508, 86, '2017-09-19', '2018-08-13'),
(429, 365, '2000-05-28', '2000-11-05'),
(206, 420, '2019-10-25', '2021-03-19'),
(361, 392, '2013-01-10', '2013-11-25'),
(59, 197, '2012-07-20', '2013-01-08'),
(29, 254, '2007-05-24', NULL),
(613, 230, '2019-12-16', '2021-08-06'),
(457, 456, '2002-04-18', '2003-12-14'),
(5, 739, '2012-04-13', NULL),
(612, 116, '2019-11-14', NULL),
(10, 354, '2017-03-19', NULL),
(651, 56, '2018-01-22', '2019-07-27'),
(235, 435, '2012-09-20', '2013-09-28'),
(329, 443, '2017-08-18', '2018-01-24'),
(30, 465, '2007-07-22', NULL),
(95, 5, '2017-11-11', '2017-12-02'),
(170, 780, '2015-04-08', NULL),
(8, 367, '2015-03-18', '2016-05-30'),
(478, 197, '2010-01-02', '2010-11-21'),
(364, 637, '2020-02-27', NULL),
(690, 22, '2005-01-05', NULL),
(687, 618, '2012-12-06', '2014-07-02'),
(101, 460, '2019-09-23', '2021-06-04'),
(313, 36, '2007-02-12', NULL),
(333, 763, '2000-09-26', NULL),
(591, 17, '2017-11-24', '2019-09-18'),
(8, 695, '2012-06-05', NULL),
(535, 302, '2002-05-20', '2004-01-25'),
(92, 655, '2002-08-31', '2004-03-03'),
(580, 711, '2005-01-06', NULL),
(9, 513, '2013-03-31', NULL),
(160, 52, '2010-03-27', NULL),
(5, 21, '2005-03-31', '2007-01-11'),
(407, 465, '2005-06-15', '2006-08-08'),
(33, 608, '2019-12-30', '2020-02-24'),
(86, 622, '2012-03-18', NULL),
(448, 694, '2019-04-24', '2021-03-04'),
(591, 4, '2002-11-03', '2003-01-05'),
(659, 7, '2005-05-14', '2006-01-08'),
(396, 444, '2013-03-02', NULL),
(681, 511, '2019-05-24', '2019-11-16'),
(185, 7, '2019-12-17', NULL),
(70, 581, '2012-05-03', NULL),
(119, 25, '2017-11-12', '2019-09-28'),
(555, 6, '2002-08-06', '2003-11-06'),
(97, 786, '2015-01-13', NULL),
(317, 5, '2015-02-17', '2015-09-26'),
(632, 115, '2017-06-08', '2018-05-12'),
(487, 226, '2004-10-13', '2006-06-09'),
(775, 616, '2017-10-10', NULL),
(170, 32, '2000-06-30', '2001-06-18'),
(23, 19, '2017-11-25', '2019-07-14'),
(139, 161, '2015-05-08', '2015-07-04'),
(727, 681, '2012-02-09', '2013-12-06'),
(130, 237, '2011-11-12', NULL),
(449, 2, '2012-01-02', '2012-10-23'),
(380, 173, '2006-11-20', '2008-08-14'),
(214, 769, '2009-10-06', NULL),
(450, 47, '2005-04-17', '2005-10-29'),
(635, 697, '2010-06-14', '2010-08-02'),
(42, 451, '2000-01-02', NULL),
(301, 634, '2005-01-24', '2006-02-17'),
(333, 709, '2019-12-18', '2021-05-05'),
(664, 695, '2009-11-26', '2010-01-16'),
(752, 672, '2005-05-23', NULL),
(175, 246, '2017-08-19', NULL),
(319, 559, '2007-03-03', '2007-07-16'),
(182, 472, '2006-12-20', NULL),
(5, 361, '2015-04-09', '2016-12-21'),
(678, 67, '2002-08-07', '2004-01-09'),
(6, 549, '2019-09-24', NULL),
(793, 492, '2010-04-30', '2011-02-28'),
(286, 272, '2019-11-15', '2021-01-26'),
(2, 776, '2017-11-13', '2019-10-13'),
(4, 494, '2007-05-25', '2008-09-02'),
(6, 393, '2000-07-01', '2002-02-19'),
(391, 607, '2019-12-19', '2020-08-29'),
(314, 792, '2005-04-18', NULL),
(576, 189, '2012-06-06', NULL),
(5, 474, '2013-01-11', '2013-09-05'),
(241, 465, '2005-02-02', '2006-06-06'),
(90, 489, '2012-01-03', '2012-04-22'),
(189, 754, '2004-10-14', NULL),
(92, 253, '2012-07-21', '2012-08-30'),
(372, 78, '2007-05-26', '2008-05-02'),
(87, 492, '2015-05-15', NULL),
(180, 99, '2010-06-15', '2011-09-10'),
(85, 539, '2004-11-13', NULL),
(279, 304, '2002-10-08', '2002-11-21'),
(394, 76, '2002-09-28', '2004-03-20'),
(473, 623, '2002-07-05', '2003-04-07'),
(160, 93, '2002-02-08', NULL),
(25, 708, '2010-01-03', NULL),
(475, 586, '2000-07-25', NULL),
(701, 133, '2007-06-21', NULL),
(179, 97, '2000-09-27', '2001-08-12'),
(47, 161, '2006-12-21', '2007-01-28'),
(217, 38, '2007-03-12', '2008-07-01'),
(180, 3, '2013-03-03', '2013-07-27'),
(769, 197, '2009-09-07', '2010-12-15'),
(179, 487, '2014-10-28', '2016-06-02'),
(37, 209, '2014-12-16', NULL),
(281, 328, '2010-05-01', '2010-08-02'),
(75, 437, '2017-10-11', NULL),
(559, 506, '2012-02-10', NULL),
(735, 334, '2013-04-08', '2014-01-31'),
(704, 682, '2014-09-23', '2015-07-22'),
(41, 293, '2002-03-06', '2003-08-19'),
(381, 352, '2015-02-18', NULL),
(670, 482, '2010-01-14', NULL),
(261, 4, '2012-06-07', NULL),
(571, 305, '2000-03-12', '2000-07-17'),
(321, 462, '2000-04-13', NULL),
(59, 439, '2012-08-17', '2013-07-06'),
(771, 583, '2005-03-01', '2007-01-28'),
(124, 82, '2005-04-19', '2006-07-29'),
(426, 230, '2000-01-29', '2001-04-28'),
(87, 656, '2013-04-01', NULL),
(267, 263, '2012-02-21', '2012-12-06'),
(421, 392, '2000-01-03', '2001-02-20'),
(444, 192, '2000-05-29', '2000-07-27'),
(74, 30, '2009-11-27', '2011-02-03'),
(557, 415, '2002-05-21', NULL),
(50, 411, '2012-07-22', '2012-12-07'),
(214, 521, '2019-12-31', '2021-09-06'),
(614, 247, '2002-04-19', '2003-06-11'),
(396, 232, '2005-01-25', '2005-09-26'),
(52, 543, '2010-06-16', NULL),
(84, 81, '2015-05-16', NULL),
(155, 252, '2002-11-04', '2003-10-01'),
(163, 169, '2010-01-15', '2011-01-27'),
(182, 795, '2004-11-14', '2006-06-17'),
(218, 767, '2014-09-24', '2015-02-12'),
(423, 259, '2002-09-01', '2004-01-28'),
(253, 249, '2007-04-08', NULL),
(147, 566, '2019-07-14', '2019-12-27'),
(9, 645, '2017-11-14', NULL),
(501, 464, '2005-02-03', NULL),
(600, 136, '2005-03-02', '2006-03-30'),
(71, 356, '2013-04-09', NULL),
(356, 9, '2015-04-10', '2015-12-04'),
(8, 478, '2005-05-15', '2006-12-23'),
(122, 351, '2007-03-13', '2008-04-01'),
(383, 412, '2010-01-04', '2011-06-22'),
(197, 520, '2017-04-19', '2019-01-04'),
(463, 191, '2017-03-20', '2018-01-10'),
(6, 451, '2010-03-28', '2011-04-29'),
(218, 658, '2017-06-09', NULL),
(9, 401, '2019-08-17', '2021-05-17'),
(85, 624, '2017-12-26', '2018-11-17'),
(9, 413, '2000-08-22', NULL),
(401, 402, '2019-07-15', NULL),
(394, 749, '2000-09-01', '2001-08-14'),
(387, 770, '2013-03-04', '2014-12-25'),
(710, 20, '2017-08-20', NULL),
(291, 493, '2019-12-20', '2020-10-31'),
(73, 4, '2020-01-31', '2020-03-30'),
(48, 675, '2012-05-04', NULL),
(663, 649, '2002-09-29', '2003-05-28'),
(799, 50, '2012-06-17', '2013-11-26'),
(130, 174, '2002-05-29', NULL),
(621, 246, '2011-11-13', '2012-06-29'),
(63, 704, '2012-02-11', NULL),
(73, 94, '2015-04-11', '2016-10-31'),
(331, 391, '2019-04-25', NULL),
(3, 395, '2019-09-25', '2020-05-20'),
(136, 619, '2000-03-13', '2000-08-07'),
(655, 213, '2017-11-15', '2017-12-23'),
(303, 559, '2000-04-22', '2000-12-09'),
(678, 266, '2019-05-25', '2020-10-07'),
(202, 783, '2007-07-23', '2009-01-21'),
(510, 571, '2007-05-27', '2007-10-13'),
(244, 28, '2007-03-04', '2009-01-21'),
(92, 400, '2000-08-23', NULL),
(76, 474, '2017-06-10', NULL),
(262, 60, '2017-11-26', NULL),
(216, 450, '2000-07-26', NULL),
(635, 63, '2006-11-21', '2008-02-11'),
(760, 96, '2017-12-27', '2019-11-22'),
(153, 356, '2020-01-01', '2020-10-03'),
(193, 543, '2019-12-21', '2021-04-13'),
(203, 729, '2017-04-20', '2018-11-12'),
(63, 713, '2010-02-10', NULL),
(693, 107, '2012-07-23', NULL),
(589, 59, '2012-12-07', '2014-02-17'),
(3, 435, '2012-08-18', NULL),
(44, 539, '2019-07-16', NULL),
(386, 774, '2015-01-14', NULL),
(294, 446, '2012-01-04', '2013-09-28'),
(625, 572, '2013-03-05', NULL),
(258, 607, '2012-02-22', '2012-05-04'),
(64, 86, '2006-12-22', NULL),
(15, 101, '2002-09-30', '2003-03-14'),
(132, 8, '2017-08-21', '2017-12-03'),
(203, 620, '2010-01-05', NULL),
(307, 722, '2015-04-12', NULL),
(587, 363, '2010-01-16', NULL),
(355, 282, '2002-10-09', '2003-04-09'),
(726, 771, '2009-11-28', '2010-09-11'),
(567, 265, '2017-11-16', '2018-11-04'),
(770, 161, '2002-09-02', '2003-11-24'),
(579, 780, '2017-03-21', '2018-12-21'),
(693, 107, '2010-05-02', '2012-01-29'),
(576, 45, '2005-01-26', '2005-05-09'),
(338, 463, '2009-10-07', '2011-04-18'),
(24, 761, '2002-02-09', '2002-08-24'),
(535, 697, '2012-09-21', NULL),
(12, 17, '2012-11-09', '2014-05-12'),
(30, 49, '2013-01-12', '2013-10-03'),
(650, 648, '2000-07-27', '2000-11-16'),
(8, 354, '2011-10-15', '2012-03-04'),
(511, 343, '2010-06-17', '2010-08-01'),
(35, 78, '2017-11-27', NULL),
(70, 674, '2005-06-16', '2005-09-01'),
(207, 1, '2000-04-14', '2001-11-22'),
(125, 51, '2002-05-30', '2002-06-19'),
(175, 793, '2019-09-26', '2020-04-27'),
(545, 117, '2017-06-11', NULL),
(770, 6, '2007-03-05', '2007-07-09'),
(639, 647, '2015-05-17', '2015-09-05'),
(653, 722, '2011-11-14', '2013-02-07'),
(531, 257, '2000-01-04', NULL),
(611, 160, '2012-02-23', '2013-02-28'),
(32, 26, '2020-02-01', '2021-07-29'),
(636, 582, '2019-12-22', '2021-07-01'),
(769, 307, '2013-04-10', '2013-12-06'),
(286, 523, '2012-07-24', NULL),
(298, 564, '2019-11-16', NULL),
(4, 6, '2019-07-17', '2020-05-08'),
(408, 264, '2000-08-24', NULL),
(240, 251, '2012-03-19', '2012-05-11'),
(492, 29, '2010-03-29', NULL),
(528, 789, '2015-05-18', '2015-08-09'),
(85, 353, '2012-12-08', NULL),
(357, 520, '2019-05-26', '2020-03-14'),
(9, 513, '2007-06-22', '2007-06-26'),
(680, 174, '2014-12-17', '2016-06-09'),
(61, 194, '2017-07-13', '2018-05-31'),
(1, 291, '2010-06-18', '2011-05-04'),
(651, 202, '2007-02-13', NULL),
(553, 728, '2007-06-30', '2009-01-23'),
(2, 728, '2004-10-15', '2005-09-08'),
(174, 172, '2000-09-28', '2001-06-07'),
(153, 343, '2012-12-14', '2014-06-06'),
(501, 288, '2012-05-05', NULL),
(15, 213, '2015-02-19', '2015-05-07'),
(768, 119, '2017-04-21', NULL),
(100, 761, '2020-01-02', '2021-04-16'),
(714, 35, '2015-01-15', '2016-09-25'),
(466, 32, '2012-06-08', '2013-07-10'),
(480, 683, '2019-04-26', '2019-11-07'),
(767, 345, '2014-10-29', '2016-04-26'),
(9, 704, '2017-07-20', '2019-01-10'),
(33, 360, '2012-11-10', '2014-05-04'),
(399, 61, '2010-02-11', NULL),
(108, 535, '2013-03-06', '2013-05-03'),
(319, 528, '2010-05-03', NULL),
(229, 227, '2017-12-28', '2018-04-09'),
(220, 611, '2015-01-21', '2015-07-10'),
(623, 8, '2006-11-22', '2008-03-24'),
(791, 317, '2012-02-12', '2014-01-06'),
(102, 499, '2017-08-22', NULL),
(745, 446, '2000-09-02', '2000-12-14'),
(652, 89, '2007-07-24', '2008-12-25'),
(717, 524, '2009-10-08', NULL),
(4, 731, '2012-01-05', '2012-09-07'),
(597, 301, '2002-02-10', NULL),
(649, 713, '2019-08-25', '2020-06-26'),
(27, 590, '2017-11-28', '2018-02-09'),
(1, 253, '2007-04-09', '2008-11-04'),
(702, 357, '2011-11-15', '2013-06-23'),
(699, 185, '2010-01-06', NULL),
(429, 485, '2002-04-20', '2003-05-25'),
(448, 596, '2014-09-25', NULL),
(115, 706, '2005-06-17', NULL),
(2, 453, '2009-10-09', NULL),
(236, 307, '2005-01-27', '2006-02-24'),
(113, 88, '2013-04-11', '2014-11-17'),
(239, 548, '2000-01-05', '2001-03-14'),
(280, 556, '2004-11-15', NULL),
(776, 31, '2010-03-30', '2012-02-08'),
(627, 644, '2002-11-05', '2004-09-29'),
(8, 51, '2000-03-14', '2000-05-13'),
(386, 664, '2015-05-09', '2015-12-23'),
(362, 136, '2002-09-03', NULL),
(136, 253, '2019-08-18', '2019-10-08'),
(762, 514, '2002-04-21', NULL),
(3, 90, '2017-07-21', NULL),
(216, 364, '2012-06-09', NULL),
(405, 235, '2012-12-09', '2013-03-09'),
(122, 5, '2002-02-11', '2003-05-10'),
(466, 17, '2013-01-13', '2014-11-21'),
(662, 418, '2012-05-06', '2012-05-28'),
(30, 665, '2010-05-12', '2010-06-10'),
(731, 252, '2019-05-27', '2020-05-23'),
(400, 368, '2012-12-15', NULL),
(514, 123, '2017-06-12', NULL),
(685, 466, '2020-02-02', '2021-11-25'),
(145, 326, '2015-02-20', '2016-12-24'),
(31, 737, '2007-03-06', NULL),
(98, 203, '2015-01-22', '2016-07-04'),
(623, 43, '2019-09-27', '2020-05-28'),
(176, 72, '2012-06-18', '2013-08-29'),
(218, 118, '2005-05-16', NULL),
(48, 349, '2005-02-04', '2006-03-17'),
(18, 739, '2005-04-20', '2007-01-14'),
(559, 292, '2010-05-04', '2010-07-14'),
(14, 38, '2014-12-18', '2016-01-17'),
(79, 491, '2005-01-28', '2005-06-09'),
(693, 53, '2012-11-11', '2014-05-17'),
(429, 33, '2012-03-20', '2013-09-24'),
(27, 275, '2000-07-28', NULL),
(6, 21, '2002-10-01', '2002-12-07'),
(287, 8, '2012-12-16', '2014-08-06'),
(478, 698, '2002-05-22', '2003-04-09'),
(277, 55, '2009-11-29', '2011-06-05'),
(228, 141, '2017-03-22', NULL),
(710, 703, '2000-04-15', '2000-05-10'),
(274, 5, '2005-01-07', NULL),
(691, 370, '2010-03-31', '2010-12-27'),
(662, 652, '2012-09-22', '2013-11-12'),
(541, 224, '2005-03-03', '2006-07-25'),
(682, 686, '2012-07-25', NULL),
(462, 638, '2000-08-25', NULL),
(445, 661, '2000-04-23', '2001-12-21'),
(601, 269, '2012-05-07', '2013-03-11'),
(670, 350, '2002-07-06', NULL),
(407, 340, '2019-08-26', '2020-06-27'),
(468, 239, '2009-09-08', '2010-07-23'),
(167, 8, '2013-01-14', '2013-10-02'),
(98, 59, '2005-05-24', '2005-10-27'),
(776, 81, '2012-02-13', NULL),
(474, 238, '2019-07-18', '2020-07-06'),
(134, 6, '2013-05-12', NULL),
(161, 1, '2013-04-02', '2013-06-27'),
(79, 730, '2011-11-16', '2012-09-19'),
(345, 514, '2015-05-19', '2016-12-07'),
(365, 404, '2007-03-14', '2008-12-24'),
(561, 795, '2011-10-16', '2013-02-11'),
(4, 366, '2000-09-29', '2001-10-09'),
(3, 760, '2017-10-12', NULL),
(522, 288, '2020-01-03', '2020-07-25'),
(65, 18, '2007-03-07', NULL),
(9, 740, '2017-08-23', NULL),
(477, 53, '2002-10-02', '2002-11-11'),
(370, 357, '2012-01-06', '2013-09-16'),
(420, 44, '2002-09-04', NULL),
(351, 385, '2017-07-14', NULL),
(719, 665, '2010-01-17', '2011-10-31'),
(715, 280, '2012-06-10', NULL),
(427, 214, '2014-12-19', '2016-05-24'),
(335, 147, '2014-10-30', '2015-01-01'),
(511, 309, '2010-04-01', NULL),
(93, 535, '2017-11-17', '2019-09-08'),
(735, 671, '2005-01-29', '2005-05-24'),
(50, 122, '2017-12-29', '2018-06-11'),
(388, 782, '2019-11-17', '2021-10-01'),
(420, 718, '2007-02-14', '2007-07-19'),
(408, 150, '2019-08-19', '2019-10-15'),
(524, 615, '2019-12-23', '2020-03-24'),
(794, 359, '2009-09-09', '2010-01-20'),
(34, 37, '2006-12-23', '2007-10-01'),
(82, 465, '2005-01-08', '2006-09-21'),
(103, 579, '2017-11-29', '2018-08-31'),
(27, 4, '2002-05-23', '2004-02-11'),
(91, 687, '2017-06-13', NULL),
(33, 166, '2000-05-30', NULL),
(480, 728, '2015-06-19', '2015-09-08'),
(421, 577, '2012-05-08', NULL),
(6, 393, '2012-08-19', NULL),
(789, 539, '2010-01-07', NULL),
(723, 712, '2007-06-23', '2007-12-12'),
(36, 32, '2009-10-10', '2010-07-16'),
(403, 428, '2019-07-19', NULL),
(9, 65, '2014-09-26', '2015-12-27'),
(493, 249, '2017-04-22', '2017-10-06'),
(53, 483, '2000-04-16', '2001-05-23'),
(99, 320, '2000-03-15', NULL),
(7, 221, '2013-04-12', '2013-06-15'),
(103, 7, '2012-02-14', NULL),
(674, 658, '2000-01-06', NULL),
(30, 433, '2009-11-30', '2011-04-08'),
(201, 193, '2004-11-16', NULL),
(2, 70, '2017-07-15', '2017-09-27'),
(586, 239, '2011-10-17', '2012-05-21'),
(745, 167, '2002-11-06', '2004-04-09'),
(486, 738, '2005-02-05', '2005-02-20'),
(470, 438, '2000-07-29', '2002-03-08'),
(638, 3, '2000-08-26', '2001-11-08'),
(709, 120, '2017-10-13', '2018-12-27'),
(8, 84, '2019-09-28', '2021-06-04'),
(594, 379, '2010-05-05', NULL),
(636, 5, '2007-02-15', NULL),
(63, 422, '2015-01-16', '2015-09-08'),
(229, 767, '2002-09-05', '2003-08-22'),
(82, 426, '2007-03-15', '2007-06-26'),
(7, 356, '2012-06-11', NULL),
(118, 720, '2017-08-24', '2017-12-26'),
(214, 250, '2012-09-23', NULL),
(21, 421, '2012-11-12', '2013-09-26'),
(760, 57, '2000-07-30', '2002-01-10'),
(26, 291, '2007-07-01', '2007-11-25'),
(365, 49, '2002-05-31', '2004-03-02'),
(451, 176, '2007-03-08', '2007-12-05'),
(493, 3, '2002-07-07', '2003-08-03'),
(196, 561, '2010-05-06', '2011-06-22'),
(733, 660, '2020-02-03', NULL),
(110, 65, '2015-01-23', NULL),
(658, 8, '2015-04-13', '2015-12-15'),
(98, 20, '2002-02-12', '2002-06-25'),
(252, 47, '2002-10-03', '2003-01-20'),
(43, 436, '2007-04-10', NULL),
(55, 789, '2005-01-09', '2005-05-05'),
(499, 9, '2020-01-04', '2021-10-18'),
(553, 1, '2007-05-28', '2008-07-14'),
(17, 4, '2007-07-25', '2008-06-09'),
(54, 507, '2011-11-17', '2012-07-10'),
(95, 75, '2005-05-25', '2007-02-10'),
(677, 250, '2017-11-18', '2018-06-23'),
(447, 509, '2005-02-06', '2006-11-05'),
(541, 477, '2005-06-18', NULL),
(60, 575, '2002-10-10', NULL),
(53, 453, '2009-09-10', NULL),
(437, 627, '2014-10-31', '2016-05-28'),
(68, 473, '2002-09-06', '2003-08-16'),
(540, 254, '2000-05-31', '2001-06-19'),
(88, 111, '2005-01-30', '2005-03-12'),
(530, 790, '2013-05-13', '2015-03-30'),
(596, 52, '2005-05-17', '2005-10-18'),
(234, 57, '2007-03-16', '2008-05-26'),
(258, 608, '2002-07-08', NULL),
(260, 263, '2017-11-30', '2018-04-20'),
(754, 5, '2004-10-16', '2005-06-04'),
(6, 671, '2000-04-24', '2001-01-20'),
(460, 50, '2000-06-01', NULL),
(65, 785, '2014-12-20', '2016-07-18'),
(352, 699, '2013-03-07', NULL),
(725, 59, '2000-08-27', '2000-10-10'),
(365, 221, '2010-06-19', NULL),
(336, 514, '2012-12-17', NULL),
(465, 615, '2002-03-07', '2002-09-18'),
(41, 769, '2006-11-23', '2007-08-22'),
(400, 133, '2000-09-03', '2000-09-24'),
(511, 17, '2019-11-18', '2020-10-21'),
(749, 359, '2000-01-30', '2000-04-14'),
(6, 797, '2012-07-26', NULL),
(573, 739, '2010-01-08', '2010-04-26'),
(797, 270, '2002-07-09', '2004-04-19'),
(62, 743, '2002-06-01', NULL),
(532, 401, '2002-10-04', '2003-06-07'),
(26, 84, '2019-09-29', '2021-01-18'),
(52, 501, '2005-04-21', '2006-10-26'),
(46, 51, '2015-05-10', NULL),
(29, 267, '2015-04-14', '2017-02-09'),
(393, 597, '2000-04-25', '2000-08-22'),
(751, 542, '2007-07-02', '2008-07-29'),
(628, 665, '2013-04-03', '2013-07-24'),
(31, 194, '2017-08-25', NULL),
(539, 30, '2010-04-02', '2012-02-04'),
(228, 97, '2007-07-26', '2009-01-07'),
(117, 160, '2017-06-14', NULL),
(374, 163, '2015-05-20', '2017-03-10'),
(216, 690, '2000-08-28', NULL),
(601, 597, '2002-05-24', '2003-03-02'),
(216, 1, '2017-07-22', '2019-02-25'),
(473, 38, '2000-09-30', NULL),
(622, 366, '2012-11-13', '2014-07-08'),
(467, 481, '2010-05-13', '2011-02-01'),
(573, 709, '2007-03-09', '2007-04-22'),
(279, 267, '2002-04-22', '2002-04-25'),
(3, 382, '2019-08-20', '2019-09-09'),
(63, 662, '2000-03-16', '2000-06-21'),
(476, 1, '2015-06-20', '2016-02-28'),
(452, 232, '2019-04-27', NULL),
(148, 578, '2000-04-17', NULL),
(227, 657, '2005-05-26', '2006-09-29'),
(716, 656, '2005-06-19', '2005-08-30'),
(659, 334, '2005-03-04', '2005-10-09'),
(88, 64, '2006-12-24', '2007-07-21'),
(22, 42, '2017-10-14', NULL),
(679, 459, '2012-01-07', '2012-11-25'),
(4, 116, '2020-01-05', '2021-01-15'),
(102, 586, '2002-06-02', '2002-11-14'),
(635, 22, '2007-07-27', '2008-08-25'),
(149, 41, '2013-04-13', NULL),
(269, 357, '2017-12-30', '2018-06-24'),
(428, 260, '2004-10-17', '2006-06-13'),
(670, 416, '2000-06-02', '2002-04-30'),
(160, 52, '2012-09-24', '2013-09-18'),
(358, 345, '2005-02-07', '2006-11-06'),
(733, 308, '2012-06-12', '2013-02-06'),
(790, 75, '2012-08-20', NULL),
(46, 600, '2019-05-28', '2020-07-27'),
(8, 173, '2017-03-23', NULL),
(39, 162, '2004-11-17', '2005-06-19'),
(151, 636, '2012-02-15', '2013-05-30'),
(764, 732, '2009-12-01', '2010-02-22'),
(577, 16, '2007-05-29', '2009-04-08'),
(577, 746, '2000-01-07', '2001-08-16'),
(209, 453, '2017-04-23', '2017-12-19'),
(618, 148, '2007-06-24', NULL),
(7, 1, '2015-02-21', NULL),
(322, 319, '2002-02-13', '2003-02-25'),
(268, 215, '2006-12-25', '2008-09-24'),
(479, 412, '2017-07-16', '2018-03-19'),
(271, 685, '2014-09-27', NULL),
(201, 249, '2017-12-01', '2019-07-06'),
(787, 690, '2019-08-27', '2020-04-30'),
(4, 490, '2012-01-08', NULL),
(389, 453, '2012-05-09', '2012-11-21'),
(800, 401, '2019-05-29', NULL),
(280, 681, '2012-08-21', '2014-02-12'),
(260, 459, '2019-09-30', NULL),
(766, 731, '2010-06-20', NULL),
(302, 586, '2012-02-24', '2012-06-12'),
(607, 433, '2010-01-09', '2011-04-15'),
(561, 424, '2007-02-16', NULL),
(3, 368, '2020-01-06', '2021-04-26'),
(727, 132, '2012-12-10', NULL),
(738, 147, '2002-10-05', '2003-01-08'),
(80, 780, '2002-11-07', NULL),
(36, 534, '2013-03-08', NULL),
(27, 119, '2007-07-03', '2008-03-02'),
(22, 484, '2015-05-11', '2015-09-01'),
(420, 10, '2010-04-03', '2010-12-01'),
(152, 618, '2004-11-18', '2004-12-03'),
(6, 348, '2002-04-23', NULL),
(125, 92, '2005-05-18', '2005-06-25'),
(361, 7, '2006-11-24', '2008-05-15'),
(595, 577, '2006-12-26', '2008-06-08'),
(478, 2, '2019-11-19', NULL),
(30, 468, '2019-08-21', NULL),
(587, 572, '2017-08-26', '2017-09-25'),
(106, 148, '2013-05-14', '2015-02-15'),
(665, 686, '2019-04-28', '2021-03-18'),
(667, 3, '2000-08-29', '2002-04-08'),
(26, 651, '2017-12-02', '2019-03-03'),
(787, 418, '2014-12-21', '2015-04-29'),
(49, 63, '2007-03-17', NULL),
(356, 3, '2015-06-21', NULL),
(130, 588, '2012-06-19', '2014-03-21'),
(245, 243, '2002-07-10', '2003-12-27'),
(69, 449, '2014-11-01', '2015-09-13'),
(395, 345, '2012-02-16', NULL),
(459, 415, '2005-02-08', NULL),
(705, 628, '2013-01-15', NULL),
(700, 628, '2000-07-31', '2001-02-14'),
(36, 43, '2000-03-17', '2001-03-02'),
(563, 254, '2017-07-23', '2018-03-07'),
(334, 55, '2019-12-24', '2021-10-30'),
(289, 443, '2005-06-20', '2005-12-14'),
(149, 555, '2010-02-12', '2011-09-17'),
(342, 129, '2000-04-26', NULL),
(596, 19, '2007-04-11', NULL),
(629, 223, '2010-01-10', '2010-07-31'),
(74, 47, '2015-05-21', '2016-09-20'),
(5, 285, '2015-04-15', '2017-02-12'),
(3, 719, '2012-11-14', '2013-06-30'),
(636, 72, '2005-01-31', '2005-03-28'),
(598, 8, '2004-10-18', NULL),
(460, 85, '2007-07-28', '2008-01-17'),
(250, 191, '2009-10-11', '2009-11-08'),
(301, 328, '2007-03-18', '2008-08-31'),
(627, 264, '2014-12-22', '2015-01-29'),
(558, 776, '2011-10-18', NULL),
(483, 128, '2017-11-19', '2018-11-12'),
(794, 162, '2017-10-15', '2018-11-25'),
(177, 645, '2012-03-21', NULL),
(286, 763, '2007-06-25', '2009-01-28'),
(324, 571, '2012-05-10', '2013-04-26'),
(426, 158, '2010-01-18', '2011-03-22'),
(12, 544, '2012-09-25', '2013-07-06'),
(702, 493, '2002-05-25', NULL),
(460, 173, '2015-02-22', '2016-12-20'),
(756, 4, '2013-04-04', '2014-01-30'),
(651, 348, '2005-01-10', '2005-09-24'),
(98, 211, '2013-03-09', NULL),
(443, 657, '2015-01-24', '2015-05-22'),
(509, 78, '2017-03-24', '2017-08-19'),
(2, 331, '2011-11-18', '2013-06-18'),
(637, 329, '2019-10-01', '2020-07-15'),
(25, 273, '2020-01-07', '2020-02-08'),
(789, 1, '2017-07-17', NULL),
(633, 458, '2009-12-02', '2010-09-16'),
(2, 14, '2006-11-25', '2008-01-19'),
(370, 435, '2017-04-24', '2017-10-02'),
(377, 107, '2005-06-21', NULL),
(547, 790, '2005-05-27', '2006-11-24'),
(7, 172, '2019-12-25', NULL),
(88, 103, '2015-01-17', NULL),
(407, 4, '2009-09-11', '2011-05-23'),
(282, 238, '2012-12-18', '2014-10-17'),
(44, 721, '2013-05-15', '2014-01-05'),
(488, 397, '2010-02-13', '2011-02-12'),
(790, 576, '2017-12-03', '2018-04-30'),
(177, 165, '2012-07-27', '2013-04-05'),
(227, 229, '2013-04-14', NULL),
(136, 625, '2002-09-07', '2003-01-23'),
(203, 137, '2012-11-15', '2014-04-20'),
(425, 369, '2010-06-21', '2011-06-11'),
(681, 171, '2002-10-11', NULL),
(660, 345, '2009-10-12', NULL),
(578, 81, '2015-01-25', NULL),
(49, 176, '2010-05-07', '2011-11-01'),
(556, 536, '2012-12-11', '2013-10-23'),
(9, 464, '2012-07-28', '2013-10-07'),
(333, 733, '2002-04-24', '2002-06-10'),
(730, 764, '2010-05-14', '2011-04-19'),
(480, 564, '2010-04-04', NULL),
(592, 691, '2020-02-04', '2020-06-22'),
(370, 161, '2000-04-18', NULL),
(649, 592, '2019-07-20', '2019-09-11'),
(82, 716, '2002-05-26', '2003-05-06'),
(215, 751, '2007-02-17', NULL),
(795, 293, '2012-06-13', '2014-05-07'),
(194, 46, '2000-01-08', '2001-02-22'),
(124, 557, '2007-07-04', NULL),
(512, 134, '2007-03-10', '2008-07-31'),
(578, 629, '2000-03-18', '2000-09-28'),
(51, 15, '2015-06-22', NULL),
(50, 336, '2015-05-22', '2017-04-06'),
(514, 373, '2012-05-11', '2012-07-29'),
(240, 7, '2013-05-16', '2014-11-07'),
(9, 2, '2012-03-22', '2012-05-18'),
(446, 227, '2010-05-08', '2011-10-06'),
(755, 651, '2002-03-08', NULL),
(48, 327, '2012-02-17', '2014-01-15'),
(151, 45, '2000-09-04', '2000-11-29'),
(64, 96, '2005-04-22', '2007-02-19'),
(435, 285, '2015-06-23', NULL),
(500, 9, '2019-08-28', '2019-11-04'),
(26, 7, '2013-04-15', '2015-02-01'),
(316, 48, '2014-09-28', '2015-03-25'),
(777, 96, '2002-04-25', NULL),
(85, 394, '2015-01-18', '2016-01-26'),
(9, 486, '2012-01-09', '2013-07-26'),
(602, 697, '2000-04-19', '2001-04-22'),
(211, 95, '2000-06-03', '2001-12-18'),
(88, 214, '2014-11-02', '2015-12-10'),
(33, 421, '2009-12-03', '2010-01-05'),
(669, 478, '2017-12-31', '2019-09-08'),
(572, 373, '2005-05-28', NULL),
(9, 411, '2002-05-27', NULL),
(26, 546, '2002-10-06', '2004-05-08'),
(190, 683, '2020-02-05', '2020-08-03'),
(8, 719, '2015-05-23', '2016-01-02'),
(301, 76, '2019-04-29', '2020-03-22'),
(435, 792, '2019-11-20', '2020-05-08'),
(621, 40, '2005-05-19', '2007-03-20'),
(638, 539, '2007-07-29', '2008-07-25'),
(179, 456, '2013-04-16', '2014-11-01'),
(69, 316, '2012-12-19', '2014-04-03'),
(430, 447, '2013-01-16', '2014-06-01'),
(206, 445, '2017-07-24', '2019-01-22'),
(511, 43, '2018-01-01', '2018-06-10'),
(11, 711, '2017-06-15', '2019-04-04'),
(244, 1, '2010-01-11', '2010-11-03'),
(63, 540, '2011-11-19', '2012-11-21'),
(262, 313, '2011-10-19', '2012-09-12'),
(243, 408, '2009-10-13', '2011-06-01'),
(778, 491, '2005-03-05', '2005-09-18'),
(668, 429, '2000-03-19', '2002-02-14'),
(270, 635, '2012-02-18', '2013-04-02'),
(272, 366, '2012-06-20', '2012-11-30'),
(753, 429, '2005-01-11', NULL),
(245, 117, '2019-08-22', '2020-06-18'),
(212, 191, '2002-04-26', '2004-01-31'),
(687, 784, '2000-10-01', '2001-06-22'),
(428, 778, '2009-09-12', '2011-03-09'),
(98, 28, '2005-02-01', '2005-06-18'),
(282, 78, '2007-05-30', '2007-12-20'),
(49, 694, '2019-08-29', NULL),
(311, 127, '2014-12-23', '2015-11-13'),
(45, 47, '2020-01-08', '2021-06-12'),
(784, 408, '2013-05-17', '2013-06-15'),
(55, 46, '2017-12-04', '2019-10-22'),
(326, 299, '2012-12-12', '2013-07-11'),
(656, 322, '2011-11-20', '2013-06-15'),
(104, 313, '2002-07-11', '2003-10-21'),
(633, 180, '2010-06-22', NULL),
(550, 9, '2015-05-24', '2016-02-14'),
(223, 532, '2002-06-03', NULL),
(671, 4, '2004-10-19', '2005-06-16'),
(30, 344, '2017-11-20', '2018-02-15'),
(301, 61, '2012-07-29', '2013-12-07'),
(22, 57, '2009-10-14', '2011-08-23'),
(281, 731, '2012-01-10', '2013-05-13'),
(15, 560, '2015-02-23', '2016-06-07'),
(157, 288, '2000-04-20', '2000-08-09'),
(201, 653, '2010-05-15', NULL),
(165, 639, '2002-02-14', '2003-10-25'),
(37, 760, '2000-03-20', '2000-05-19'),
(798, 715, '2017-07-18', '2017-08-14'),
(534, 5, '2005-06-22', NULL),
(428, 458, '2017-10-16', '2017-12-08'),
(328, 400, '2017-07-25', '2018-04-24'),
(695, 671, '2010-02-14', NULL),
(465, 9, '2012-02-25', '2012-11-27'),
(532, 333, '2012-11-16', NULL),
(110, 9, '2012-03-23', '2012-07-07'),
(99, 476, '2015-05-12', '2016-05-18'),
(311, 488, '2002-05-28', NULL),
(335, 21, '2015-04-16', '2016-06-25'),
(548, 409, '2010-01-19', '2011-03-29'),
(8, 617, '2011-11-21', '2012-02-01'),
(155, 7, '2010-02-15', NULL),
(218, 588, '2011-10-20', '2013-02-19'),
(6, 612, '2019-08-30', NULL),
(558, 23, '2007-06-26', '2007-08-23'),
(18, 494, '2007-07-05', NULL),
(670, 99, '2004-11-19', '2006-04-14'),
(56, 668, '2000-01-09', NULL),
(239, 444, '2013-01-17', '2013-07-23'),
(57, 10, '2002-04-27', '2002-05-01'),
(651, 408, '2019-05-30', '2019-08-01'),
(542, 615, '2002-11-08', '2004-03-16'),
(340, 511, '2019-08-23', NULL),
(698, 137, '2000-04-27', '2000-11-15'),
(8, 86, '2002-10-12', NULL),
(173, 463, '2000-03-21', '2001-03-10'),
(224, 17, '2006-11-26', '2008-02-16'),
(99, 206, '2013-03-10', '2013-05-14'),
(481, 390, '2012-03-24', '2013-03-28'),
(731, 116, '2000-01-31', '2000-10-22'),
(11, 53, '2015-01-19', NULL),
(495, 368, '2002-06-04', NULL),
(705, 649, '2002-02-15', NULL),
(185, 32, '2009-12-04', NULL),
(247, 318, '2010-01-12', NULL),
(335, 679, '2019-07-21', '2019-08-18'),
(41, 352, '2017-08-27', '2018-05-18'),
(3, 111, '2015-06-24', '2016-06-01'),
(395, 703, '2013-04-17', NULL),
(17, 451, '2000-10-02', '2001-02-15'),
(92, 235, '2017-07-19', NULL),
(51, 652, '2019-12-26', '2020-12-08'),
(312, 76, '2000-09-05', NULL),
(777, 59, '2015-04-17', '2015-10-31'),
(250, 608, '2013-04-05', '2014-04-14'),
(227, 308, '2012-01-11', '2013-01-09'),
(545, 79, '2007-07-30', '2009-03-21'),
(93, 304, '2020-01-09', NULL),
(232, 735, '2020-02-06', '2021-10-15'),
(9, 414, '2012-02-19', NULL),
(30, 19, '2017-12-05', '2018-05-05'),
(40, 534, '2002-11-09', '2003-09-11'),
(67, 64, '2005-04-23', '2007-03-23'),
(17, 504, '2009-10-15', '2010-04-16'),
(449, 744, '2005-05-29', NULL),
(714, 334, '2012-06-14', '2013-01-28'),
(494, 23, '2009-12-05', NULL),
(343, 127, '2018-01-02', NULL),
(220, 180, '2017-07-26', '2018-01-05'),
(93, 75, '2002-10-13', '2004-09-06'),
(278, 586, '2015-02-24', '2015-06-11'),
(579, 732, '2013-05-18', NULL),
(720, 267, '2013-03-11', '2013-09-20'),
(606, 415, '2019-08-31', '2019-11-02'),
(145, 438, '2012-08-22', '2014-02-12'),
(164, 711, '2005-05-20', NULL),
(34, 799, '2000-06-04', '2000-08-28'),
(763, 6, '2015-05-25', NULL),
(76, 351, '2012-12-13', '2014-04-14'),
(585, 751, '2012-01-12', '2012-06-20'),
(628, 641, '2005-02-09', '2005-10-07'),
(370, 356, '2006-12-27', '2008-07-16'),
(617, 535, '2019-08-24', NULL),
(453, 429, '2010-04-05', '2011-06-15'),
(536, 389, '2014-09-29', '2014-10-12'),
(155, 568, '2007-04-12', '2009-02-20'),
(558, 587, '2017-04-25', '2018-10-09'),
(350, 290, '2000-04-28', '2000-05-26'),
(2, 628, '2000-10-03', NULL),
(12, 446, '2010-05-09', '2011-06-20'),
(291, 200, '2010-02-16', '2010-08-22'),
(677, 366, '2000-01-10', NULL),
(553, 274, '2019-11-21', '2020-04-23'),
(600, 565, '2017-06-16', NULL),
(79, 91, '2015-01-20', '2015-12-05'),
(774, 98, '2007-02-18', '2007-08-30'),
(27, 58, '2007-06-27', NULL),
(542, 24, '2011-11-22', '2013-05-20'),
(62, 180, '2002-06-05', '2003-08-10'),
(740, 728, '2012-03-25', '2013-09-02'),
(260, 295, '2000-09-06', '2002-07-16'),
(16, 543, '2012-02-26', '2012-06-04'),
(544, 520, '2010-01-13', NULL),
(77, 16, '2020-02-07', NULL),
(280, 303, '2005-01-12', '2005-08-11'),
(628, 503, '2007-03-11', '2007-09-05'),
(245, 237, '2012-06-21', '2013-10-14'),
(523, 705, '2005-03-06', '2005-06-12'),
(26, 354, '2007-03-19', '2008-07-03'),
(81, 9, '2002-11-10', '2003-03-14'),
(289, 197, '2007-07-06', NULL),
(26, 639, '2009-09-13', NULL),
(260, 572, '2007-04-13', '2007-12-26'),
(28, 28, '2010-01-20', '2010-03-01'),
(41, 251, '2012-05-12', '2012-08-19'),
(386, 6, '2017-11-21', '2017-12-28'),
(4, 144, '2015-04-18', '2016-01-25'),
(432, 703, '2004-11-20', '2005-03-18'),
(68, 464, '2018-01-03', NULL),
(662, 569, '2019-10-02', NULL),
(478, 31, '2000-08-30', '2002-01-21'),
(374, 4, '2010-04-06', '2011-02-25'),
(410, 9, '2017-03-25', NULL),
(219, 570, '2002-10-14', NULL),
(318, 195, '2015-01-26', '2016-10-28'),
(468, 484, '2010-02-17', NULL),
(650, 54, '2009-10-16', NULL),
(71, 694, '2017-07-27', NULL),
(4, 432, '2002-02-16', '2003-01-16'),
(648, 3, '2000-10-04', NULL),
(340, 518, '2020-01-10', NULL),
(11, 136, '2005-03-07', NULL),
(6, 43, '2002-04-28', NULL),
(16, 6, '2012-06-15', '2012-11-21'),
(63, 1, '2012-02-20', NULL),
(379, 2, '2002-03-09', '2002-04-21'),
(325, 789, '2000-08-01', '2002-04-12'),
(6, 97, '2000-04-29', '2000-11-24'),
(698, 53, '2007-02-19', '2007-09-05'),
(334, 651, '2010-05-10', NULL),
(4, 661, '2007-04-14', '2009-02-04'),
(708, 280, '2019-09-01', '2021-07-16'),
(422, 30, '2019-04-30', '2019-10-20'),
(59, 771, '2020-02-08', '2020-05-13'),
(79, 201, '2000-09-07', '2002-02-13'),
(113, 671, '2013-01-18', NULL),
(772, 670, '2012-12-20', '2014-06-01'),
(325, 485, '2000-04-21', '2001-11-04'),
(660, 597, '2002-07-12', '2003-11-01'),
(65, 44, '2015-01-27', '2015-03-02'),
(463, 442, '2005-03-08', '2005-07-31'),
(474, 92, '2017-10-17', '2019-05-30'),
(159, 362, '2012-09-26', '2013-08-11'),
(545, 86, '2017-03-26', '2018-08-04'),
(426, 176, '2015-06-25', '2016-08-23'),
(83, 7, '2014-12-24', '2016-01-02'),
(745, 505, '2009-11-04', NULL),
(41, 411, '2012-12-21', NULL),
(460, 541, '2005-01-13', NULL),
(574, 5, '2010-05-16', '2010-06-11'),
(211, 70, '2000-02-01', '2001-04-05'),
(190, 676, '2012-03-26', '2013-04-20'),
(364, 338, '2007-01-20', '2007-04-29'),
(11, 572, '2015-05-13', NULL),
(146, 654, '2012-08-23', '2014-05-07'),
(504, 701, '2009-12-06', NULL),
(27, 7, '2002-09-08', NULL),
(201, 136, '2018-01-04', NULL),
(139, 62, '2004-12-14', '2005-08-19'),
(592, 649, '2005-05-21', NULL),
(276, 1, '2017-12-06', NULL),
(619, 280, '2019-07-22', '2020-07-07'),
(334, 185, '2012-05-13', NULL),
(59, 610, '2012-10-19', '2013-02-18'),
(34, 745, '2014-11-03', '2016-03-02'),
(357, 196, '2000-01-11', '2001-11-01'),
(412, 283, '2013-04-06', '2014-06-21'),
(791, 411, '2002-03-10', '2003-07-15'),
(553, 247, '2004-10-20', '2006-09-07'),
(578, 112, '2005-06-23', NULL),
(634, 354, '2002-10-15', '2004-08-20'),
(480, 3, '2002-11-11', NULL),
(414, 372, '2019-05-31', '2020-03-30'),
(302, 399, '2002-06-06', '2004-02-15'),
(537, 751, '2012-11-17', '2013-12-14'),
(546, 354, '2019-05-01', '2019-06-16'),
(426, 9, '2015-02-25', '2016-04-17'),
(5, 533, '2017-05-21', NULL),
(413, 5, '2020-01-11', '2020-02-21'),
(659, 363, '2017-04-26', '2017-10-09'),
(654, 176, '2013-03-12', NULL),
(43, 774, '2017-06-17', '2017-06-29'),
(391, 670, '2014-09-30', '2014-11-18'),
(171, 534, '2014-11-26', NULL),
(301, 281, '2005-02-10', NULL),
(760, 663, '2000-10-05', '2001-09-23'),
(708, 447, '2019-07-23', '2020-04-15'),
(613, 64, '2017-08-28', '2018-05-14'),
(91, 171, '2005-05-30', NULL),
(6, 537, '2012-02-27', '2013-01-30'),
(356, 204, '2020-02-09', NULL),
(685, 600, '2019-12-27', NULL),
(423, 258, '2017-12-07', '2018-12-14'),
(310, 623, '2013-05-19', '2015-03-27'),
(668, 580, '2000-08-02', NULL),
(543, 8, '2007-01-21', '2008-04-24'),
(123, 58, '2006-12-28', '2008-10-27'),
(236, 729, '2007-07-07', '2008-07-21'),
(662, 115, '2012-08-24', '2014-03-11'),
(118, 746, '2017-11-22', '2019-10-21'),
(535, 493, '2007-05-31', '2008-02-03'),
(362, 475, '2014-12-25', '2016-01-31'),
(435, 778, '2019-10-03', '2020-02-17'),
(603, 383, '2017-07-28', '2018-07-21'),
(7, 558, '2011-11-23', '2013-02-07'),
(182, 3, '2011-12-12', '2013-05-15'),
(397, 39, '2007-04-15', '2008-08-21'),
(34, 761, '2002-11-12', '2004-03-14'),
(8, 468, '2017-06-18', '2018-12-20'),
(93, 16, '2012-06-22', '2013-09-13'),
(762, 470, '2015-06-26', '2015-08-15'),
(649, 23, '2015-01-28', '2016-06-24'),
(751, 721, '2010-05-17', '2011-08-13'),
(690, 268, '2002-02-17', '2002-03-14'),
(273, 212, '2013-05-20', '2013-07-01'),
(225, 57, '2019-12-28', NULL),
(5, 600, '2019-06-26', '2019-11-30'),
(778, 519, '2005-03-09', NULL),
(741, 38, '2019-11-22', '2020-11-26'),
(298, 720, '2004-11-21', NULL),
(250, 153, '2020-01-12', '2021-04-22'),
(661, 591, '2011-10-21', '2013-01-14'),
(754, 347, '2012-01-13', '2012-01-19'),
(669, 8, '2012-12-22', NULL),
(701, 122, '2012-09-27', '2014-01-15'),
(66, 785, '2017-05-22', NULL),
(1, 394, '2015-06-27', '2016-09-14'),
(110, 377, '2000-03-22', NULL),
(211, 789, '2013-04-18', '2014-08-03'),
(77, 268, '2017-03-27', '2017-07-09'),
(18, 613, '2000-02-02', '2001-06-07'),
(488, 113, '2017-08-29', NULL),
(11, 301, '2009-09-14', '2010-12-15'),
(109, 562, '2009-10-17', '2010-02-14'),
(139, 787, '2019-09-02', '2019-11-04'),
(266, 16, '2007-04-16', NULL),
(447, 71, '2010-06-23', '2010-09-11'),
(569, 53, '2010-01-21', NULL),
(477, 501, '2004-12-15', '2005-10-09'),
(25, 350, '2002-04-29', '2003-05-03'),
(326, 700, '2013-01-19', '2013-05-26'),
(724, 589, '2007-01-22', '2008-02-10'),
(715, 99, '2007-02-20', '2008-09-24'),
(16, 798, '2005-05-31', NULL),
(286, 258, '2015-01-29', '2016-09-11'),
(2, 433, '2012-10-20', NULL),
(528, 247, '2017-11-23', '2018-08-03'),
(40, 156, '2012-07-30', '2014-02-06'),
(41, 672, '2007-07-08', '2007-09-27'),
(642, 104, '2000-10-06', '2001-05-15'),
(421, 593, '2015-05-26', '2015-10-04'),
(486, 331, '2000-06-05', '2001-12-28'),
(708, 397, '2019-05-02', '2020-01-12'),
(504, 433, '2014-11-04', NULL),
(541, 34, '2017-10-18', NULL),
(531, 739, '2000-04-30', '2000-12-17'),
(323, 4, '2002-11-13', NULL),
(59, 452, '2000-09-08', '2000-12-24'),
(25, 643, '2000-03-23', NULL),
(433, 89, '2007-07-31', '2008-02-14'),
(596, 542, '2002-03-27', NULL),
(461, 403, '2002-04-30', '2004-03-23'),
(655, 156, '2013-04-19', '2014-09-13'),
(545, 484, '2011-10-22', NULL),
(229, 190, '2013-05-21', NULL),
(219, 636, '2000-02-19', '2001-01-31'),
(13, 570, '2005-01-14', '2005-12-25'),
(794, 433, '2015-05-14', '2017-03-17'),
(376, 793, '2002-09-09', '2004-03-20'),
(97, 156, '2019-06-27', '2020-12-26'),
(356, 765, '2017-12-08', '2018-12-05'),
(61, 484, '2019-12-29', '2020-03-26'),
(475, 697, '2019-06-01', '2019-07-21'),
(84, 32, '2019-07-24', NULL),
(467, 639, '2019-10-04', '2020-09-14'),
(495, 48, '2002-06-07', '2002-09-21'),
(648, 617, '2018-01-05', '2018-06-19'),
(467, 558, '2002-07-13', NULL),
(181, 661, '2020-01-13', '2021-07-05'),
(465, 598, '2010-04-07', '2011-03-24'),
(215, 316, '2007-03-20', '2008-09-29'),
(684, 402, '2014-10-01', NULL),
(777, 773, '2017-05-23', NULL),
(788, 666, '2006-12-29', '2008-01-05'),
(77, 42, '2012-08-25', '2012-09-22'),
(170, 57, '2005-03-10', '2005-05-16'),
(714, 696, '2009-12-07', '2010-10-27'),
(364, 5, '2012-09-28', '2013-05-10'),
(740, 798, '2012-02-28', '2012-10-11'),
(513, 98, '2017-03-28', '2018-01-01'),
(603, 463, '2002-10-07', '2003-03-17'),
(67, 496, '2002-03-11', NULL),
(791, 518, '2009-11-05', '2011-09-12'),
(381, 762, '2000-06-06', NULL),
(239, 653, '2005-06-24', '2006-07-30'),
(4, 694, '2000-03-24', '2000-05-26'),
(539, 81, '2000-05-01', NULL),
(391, 276, '2006-11-27', '2008-03-16'),
(212, 234, '2012-06-23', NULL),
(89, 251, '2002-03-28', NULL),
(111, 385, '2014-11-05', '2015-07-29'),
(250, 397, '2015-06-28', NULL),
(353, 758, '2004-10-21', '2004-12-03'),
(30, 604, '2015-04-19', '2016-06-16'),
(533, 483, '2000-02-03', '2001-12-09'),
(3, 459, '2012-01-14', NULL),
(510, 207, '2015-02-26', '2016-12-04'),
(256, 634, '2015-05-27', '2016-07-06'),
(379, 95, '2010-01-22', '2010-08-10'),
(146, 373, '2000-02-20', '2001-08-02'),
(123, 192, '2013-01-20', '2013-01-28'),
(36, 668, '2017-07-29', '2019-03-26'),
(152, 379, '2007-08-01', '2008-06-18'),
(732, 754, '2017-08-30', '2018-09-25'),
(138, 489, '2017-06-19', NULL),
(601, 772, '2000-01-12', '2000-09-06'),
(670, 566, '2013-04-20', '2014-08-22'),
(320, 100, '2010-06-24', NULL),
(62, 95, '2017-04-27', '2017-10-25'),
(424, 743, '2002-06-08', NULL),
(42, 541, '2015-05-28', NULL),
(106, 45, '2014-10-02', '2015-01-12'),
(516, 517, '2011-12-13', '2013-03-17'),
(686, 419, '2013-04-07', NULL),
(778, 37, '2019-11-23', NULL),
(635, 532, '2013-05-22', '2014-04-20'),
(227, 6, '2019-07-25', NULL),
(414, 739, '2007-06-28', '2007-10-10'),
(62, 593, '2004-12-16', NULL),
(399, 246, '2012-11-18', '2014-03-14'),
(111, 167, '2004-11-22', NULL),
(548, 12, '2010-05-18', '2011-08-19'),
(473, 519, '2019-10-05', '2021-07-29'),
(616, 24, '2017-10-19', '2018-12-04'),
(384, 367, '2012-06-16', NULL),
(199, 7, '2012-12-23', NULL),
(214, 626, '2019-05-03', NULL),
(8, 8, '2013-03-13', '2013-06-05'),
(161, 694, '2012-07-31', '2013-11-17'),
(794, 312, '2005-05-22', '2005-09-30'),
(30, 683, '2011-11-24', NULL),
(41, 701, '2007-04-17', '2007-12-21'),
(688, 145, '2000-08-03', '2001-11-10'),
(627, 5, '2012-08-26', '2012-11-11'),
(210, 68, '2012-02-29', '2012-05-25'),
(1, 275, '2014-11-27', '2015-11-06'),
(6, 362, '2009-10-18', '2009-11-10'),
(69, 562, '2010-05-11', NULL),
(85, 437, '2017-03-29', NULL),
(633, 97, '2017-12-09', '2017-12-26'),
(232, 556, '2002-05-01', '2003-12-11'),
(553, 320, '2012-05-14', '2012-08-26'),
(321, 8, '2000-10-07', '2001-09-08'),
(17, 7, '2005-03-11', '2006-07-18'),
(796, 780, '2012-10-21', NULL),
(799, 440, '2012-09-29', '2013-12-29'),
(645, 470, '2000-05-02', '2001-12-13'),
(576, 102, '2002-07-14', NULL),
(417, 400, '2014-10-03', '2014-12-04'),
(41, 28, '2019-06-02', NULL),
(37, 61, '2020-01-14', '2020-04-19'),
(320, 572, '2007-06-29', NULL),
(2, 430, '2010-01-23', '2010-05-20'),
(417, 62, '2006-11-28', '2008-01-02'),
(506, 274, '2009-12-08', NULL),
(778, 259, '2015-02-27', '2016-04-10'),
(13, 254, '2010-06-25', NULL),
(395, 740, '2017-04-28', '2018-10-11'),
(114, 36, '2017-12-10', '2019-08-04'),
(704, 446, '2002-09-10', '2003-11-03'),
(58, 502, '2004-10-22', '2004-12-14'),
(174, 88, '2019-06-28', '2020-06-14'),
(769, 438, '2015-06-29', '2016-02-15'),
(216, 481, '2000-03-25', '2000-10-07'),
(228, 411, '2005-02-11', '2006-06-13'),
(212, 211, '2010-02-18', '2011-11-24'),
(97, 449, '2014-11-28', NULL),
(575, 555, '2002-05-02', '2003-05-20'),
(275, 103, '2014-11-06', '2016-01-31'),
(685, 523, '2007-01-23', NULL),
(580, 566, '2000-08-31', '2000-12-01'),
(68, 644, '2010-04-08', '2011-07-31'),
(331, 242, '2007-03-21', NULL),
(177, 252, '2017-08-31', NULL),
(51, 269, '2002-10-16', '2004-05-12'),
(760, 259, '2000-03-26', NULL),
(414, 756, '2006-11-29', NULL),
(359, 118, '2011-11-25', '2013-09-13'),
(191, 8, '2019-09-03', NULL),
(484, 373, '2019-10-06', NULL),
(316, 608, '2005-06-25', '2005-08-06'),
(7, 671, '2017-09-20', '2019-02-14'),
(790, 297, '2002-06-09', '2003-08-14'),
(700, 795, '2000-09-09', '2002-07-05'),
(5, 769, '2007-08-02', '2008-02-05'),
(620, 3, '2002-03-29', NULL),
(265, 286, '2004-10-23', NULL),
(626, 206, '2015-04-20', '2015-09-21'),
(380, 757, '2020-01-15', '2021-03-31'),
(422, 706, '2006-12-30', '2008-06-25'),
(240, 754, '2012-01-15', NULL),
(19, 180, '2009-09-15', '2010-06-16'),
(632, 307, '2012-08-01', NULL),
(455, 789, '2017-05-24', NULL),
(712, 3, '2002-08-08', '2003-03-09'),
(479, 75, '2004-11-23', '2005-10-11'),
(792, 326, '2012-05-15', NULL),
(304, 198, '2013-01-21', NULL),
(757, 127, '2011-10-23', '2012-07-07'),
(141, 186, '2002-10-17', '2002-12-03'),
(415, 331, '2000-07-02', '2001-06-06'),
(363, 504, '2009-12-09', NULL),
(70, 682, '2019-06-29', '2020-11-08'),
(72, 612, '2005-04-24', '2006-10-17'),
(420, 642, '2017-07-30', NULL),
(7, 764, '2007-02-21', '2008-11-20'),
(379, 535, '2017-05-25', '2019-03-09'),
(448, 6, '2005-06-26', NULL),
(458, 68, '2012-01-16', NULL),
(727, 622, '2000-09-10', '2001-10-27'),
(5, 35, '2017-09-01', NULL),
(301, 640, '2007-05-08', NULL),
(411, 446, '2019-11-24', '2021-09-19'),
(112, 343, '2019-06-30', '2020-12-03'),
(33, 50, '2005-04-01', '2006-02-04'),
(91, 461, '2000-05-03', '2000-12-10'),
(694, 539, '2010-04-09', '2011-05-06'),
(3, 4, '2002-03-12', '2003-04-11'),
(465, 12, '2000-06-07', NULL),
(4, 381, '2012-08-27', '2014-04-20'),
(380, 339, '2012-03-01', '2012-10-05'),
(266, 653, '2007-05-09', '2007-08-18'),
(547, 461, '2009-12-10', '2010-01-26'),
(620, 637, '2012-09-30', '2013-12-06'),
(650, 344, '2020-02-10', '2020-03-21'),
(623, 729, '2012-05-16', '2013-01-21'),
(634, 132, '2002-08-09', '2003-08-03'),
(337, 500, '2019-05-04', '2020-08-02'),
(358, 9, '2012-06-24', '2013-01-04'),
(95, 326, '2018-01-06', NULL),
(512, 561, '2019-10-07', '2019-10-14'),
(752, 8, '2005-02-12', '2005-04-07'),
(8, 22, '2019-06-03', NULL),
(776, 520, '2007-04-18', '2009-01-28'),
(757, 352, '2010-05-19', '2011-05-08'),
(454, 213, '2000-08-04', '2002-01-23'),
(621, 302, '2000-02-21', '2001-07-22'),
(96, 7, '2010-06-26', NULL),
(706, 731, '2017-06-20', '2018-06-20'),
(684, 287, '2015-01-30', '2015-08-17'),
(4, 5, '2002-10-18', '2003-04-27'),
(794, 334, '2009-09-16', NULL),
(459, 192, '2015-02-28', '2016-07-10'),
(427, 654, '2014-11-07', '2016-03-02'),
(382, 789, '2002-06-10', '2004-02-01'),
(52, 59, '2010-03-08', '2011-05-02'),
(391, 360, '2012-10-22', '2014-08-29'),
(209, 735, '2005-03-12', NULL),
(134, 491, '2019-09-04', NULL),
(246, 587, '2019-07-26', NULL),
(157, 214, '2004-12-17', '2005-07-07'),
(93, 378, '2007-06-01', NULL),
(272, 368, '2014-10-04', '2015-05-07'),
(286, 193, '2013-05-23', '2013-11-26'),
(470, 524, '2007-04-19', NULL),
(9, 617, '2012-10-01', '2013-11-01'),
(719, 44, '2006-11-30', '2007-04-09'),
(158, 691, '2002-05-03', '2003-06-21'),
(255, 195, '2013-02-09', '2014-10-22'),
(8, 102, '2012-06-25', '2014-05-01'),
(3, 668, '2000-05-04', '2000-08-29'),
(2, 426, '2006-12-31', '2008-09-21'),
(90, 287, '2002-02-18', '2002-09-12'),
(196, 727, '2007-01-24', '2007-10-13'),
(123, 700, '2012-01-17', '2013-11-13'),
(606, 622, '2004-11-24', NULL),
(5, 170, '2017-10-20', '2018-04-05'),
(49, 331, '2004-10-24', '2006-01-23'),
(27, 56, '2017-09-02', '2018-07-25'),
(3, 417, '2014-11-08', '2016-03-13'),
(503, 266, '2017-05-26', '2019-04-16'),
(68, 99, '2012-08-02', '2013-07-16'),
(14, 610, '2000-07-03', '2001-09-02'),
(53, 772, '2012-08-28', '2013-05-04'),
(193, 400, '2014-12-26', '2015-09-26'),
(657, 9, '2017-07-31', NULL),
(762, 5, '2014-11-29', '2015-08-22'),
(14, 769, '2007-01-01', '2008-04-25'),
(708, 466, '2019-10-08', '2021-07-24'),
(788, 463, '2009-12-11', NULL),
(436, 335, '2019-07-01', '2021-04-03'),
(629, 509, '2017-06-21', '2017-09-13'),
(622, 180, '2002-06-11', '2002-12-05'),
(120, 170, '2010-04-10', '2012-01-14'),
(518, 62, '2012-03-27', NULL),
(486, 242, '2017-12-11', '2019-07-06'),
(727, 121, '2009-11-06', '2011-01-12'),
(9, 63, '2014-10-05', NULL),
(64, 1, '2017-04-29', NULL),
(5, 435, '2015-06-30', '2016-10-18'),
(208, 77, '2007-03-22', '2008-10-27'),
(570, 29, '2017-03-30', '2017-10-10'),
(17, 6, '2004-11-25', '2005-08-30'),
(288, 635, '2002-07-15', '2004-03-30'),
(534, 86, '2010-05-20', NULL),
(259, 648, '2013-05-24', '2014-05-09'),
(563, 34, '2012-06-26', '2013-04-23'),
(4, 209, '2006-12-01', NULL),
(3, 188, '2010-06-27', NULL),
(147, 57, '2005-02-13', NULL),
(28, 252, '2010-05-21', '2011-05-30'),
(3, 148, '2012-11-19', NULL),
(758, 715, '2000-02-04', '2000-05-29'),
(500, 382, '2004-12-18', '2005-06-29'),
(18, 449, '2019-05-05', '2019-11-02'),
(239, 578, '2000-06-08', '2001-06-24'),
(393, 407, '2002-03-13', NULL),
(339, 324, '2000-01-13', '2001-11-25'),
(1, 445, '2015-03-19', NULL),
(390, 587, '2012-10-02', NULL),
(74, 87, '2005-04-25', NULL),
(68, 350, '2011-10-24', '2012-04-26'),
(50, 49, '2013-02-10', '2013-05-22'),
(456, 143, '2000-03-27', '2001-01-15'),
(756, 35, '2007-03-23', NULL),
(98, 730, '2012-10-23', NULL),
(306, 493, '2013-01-22', '2013-08-10'),
(159, 394, '2012-12-24', '2014-06-09'),
(328, 337, '2013-03-14', '2013-09-24'),
(331, 7, '2012-01-18', NULL),
(124, 559, '2015-03-20', NULL),
(315, 591, '2002-07-16', NULL),
(571, 202, '2007-08-03', '2008-05-12'),
(646, 609, '2015-04-21', '2015-11-05'),
(228, 643, '2002-08-10', '2003-01-12'),
(570, 234, '2014-11-09', '2015-06-23'),
(394, 624, '2012-05-17', '2014-01-28'),
(587, 248, '2014-11-30', NULL),
(79, 12, '2004-10-25', '2004-12-11'),
(673, 537, '2015-01-31', NULL),
(307, 112, '2017-09-03', '2019-02-12'),
(460, 581, '2005-01-15', NULL),
(312, 504, '2012-10-03', '2014-06-03'),
(118, 759, '2000-09-11', '2000-12-21'),
(110, 269, '2012-12-25', '2013-07-02'),
(175, 380, '2012-08-29', NULL),
(645, 15, '2019-06-04', '2021-02-14'),
(282, 8, '2009-09-17', '2009-12-21'),
(79, 1, '2000-06-09', '2002-04-04'),
(280, 410, '2007-01-02', '2008-05-02'),
(751, 674, '2020-02-11', '2021-11-10'),
(679, 552, '2002-03-30', NULL),
(313, 243, '2005-02-14', '2005-05-16'),
(32, 587, '2014-10-06', NULL),
(81, 265, '2004-11-26', '2004-12-25'),
(310, 122, '2015-03-01', '2016-06-19'),
(363, 544, '2007-02-22', '2007-10-05'),
(653, 282, '2002-10-19', '2003-05-11'),
(399, 169, '2015-07-01', '2016-01-11'),
(95, 192, '2013-02-11', '2014-07-25'),
(335, 183, '2007-01-25', '2007-04-02'),
(720, 700, '2019-07-27', NULL),
(6, 556, '2004-12-19', '2006-03-28'),
(198, 411, '2019-09-05', '2020-01-23'),
(61, 511, '2002-09-11', '2004-02-05'),
(472, 33, '2002-05-04', '2003-04-26'),
(498, 781, '2000-02-22', NULL),
(541, 545, '2019-10-09', '2020-09-30'),
(280, 711, '2019-10-26', '2021-04-04'),
(597, 390, '2012-06-27', '2012-12-25'),
(28, 80, '2013-05-25', '2014-02-22'),
(77, 8, '2013-04-21', NULL),
(255, 97, '2005-06-27', '2007-02-08'),
(360, 772, '2009-12-12', '2011-08-28'),
(311, 6, '2015-02-01', '2016-06-22'),
(283, 450, '2013-01-23', NULL),
(494, 425, '2020-01-16', '2020-12-06'),
(147, 733, '2010-04-11', '2011-01-20'),
(76, 12, '2002-11-14', NULL),
(482, 799, '2010-01-24', '2011-03-22'),
(255, 769, '2006-12-02', '2008-10-18'),
(307, 59, '2017-05-27', '2018-05-26'),
(253, 528, '2005-06-01', '2006-01-18'),
(779, 3, '2000-07-04', '2001-11-04'),
(102, 53, '2010-02-19', NULL),
(45, 727, '2014-12-27', NULL),
(9, 56, '2007-01-03', NULL),
(102, 764, '2015-07-02', '2016-06-23'),
(483, 157, '2017-08-01', '2017-12-22'),
(102, 82, '2012-10-24', '2014-02-21'),
(666, 148, '2015-05-29', '2017-02-18'),
(404, 247, '2007-08-04', '2008-03-17'),
(6, 743, '2012-01-19', '2013-01-19'),
(412, 225, '2014-12-01', '2015-01-26'),
(575, 502, '2011-10-25', '2013-08-20'),
(695, 221, '2012-11-20', '2013-04-21'),
(717, 44, '2017-12-12', NULL),
(634, 19, '2002-07-17', '2003-08-02'),
(779, 84, '2009-10-19', '2010-12-30'),
(640, 186, '2017-03-31', '2017-09-27'),
(631, 510, '2000-08-05', NULL),
(798, 424, '2015-03-21', NULL),
(583, 76, '2000-05-05', '2000-11-05'),
(762, 3, '2002-09-12', '2004-07-14'),
(219, 304, '2011-11-26', '2012-02-18'),
(781, 166, '2012-08-30', '2012-09-06'),
(580, 157, '2011-12-14', '2013-03-10'),
(651, 665, '2005-01-16', NULL),
(375, 164, '2017-09-21', NULL),
(755, 603, '2000-06-10', '2000-06-16'),
(781, 552, '2019-09-06', NULL),
(729, 338, '2005-03-13', '2006-01-21'),
(456, 715, '2012-08-03', NULL),
(547, 249, '2002-06-12', '2003-12-05'),
(643, 266, '2015-03-02', NULL),
(109, 365, '2010-05-22', NULL),
(205, 594, '2002-03-31', NULL),
(546, 138, '2007-03-24', '2008-12-06'),
(1, 609, '2009-10-20', '2010-10-17'),
(8, 678, '2013-01-24', '2014-11-07'),
(20, 296, '2000-03-28', '2001-03-23'),
(752, 349, '2019-07-02', '2021-03-02'),
(761, 6, '2013-05-26', '2015-02-24'),
(67, 645, '2009-12-13', NULL),
(451, 590, '2013-04-22', '2014-07-12'),
(735, 160, '2014-10-07', '2016-06-12'),
(446, 17, '2005-02-15', NULL),
(602, 44, '2019-11-25', NULL),
(485, 740, '2011-11-27', NULL),
(760, 110, '2002-02-19', '2003-06-08'),
(227, 669, '2017-09-04', NULL),
(587, 775, '2012-10-25', '2014-07-16'),
(14, 386, '2000-05-06', '2000-07-29'),
(487, 677, '2000-10-08', '2001-01-03'),
(5, 9, '2013-02-12', '2014-08-17'),
(210, 296, '2012-03-28', '2012-12-12'),
(191, 580, '2012-06-28', '2014-04-03'),
(87, 19, '2012-01-20', NULL),
(691, 239, '2007-06-02', '2009-04-01'),
(381, 606, '2012-03-02', '2013-07-17'),
(642, 571, '2014-11-10', NULL),
(507, 730, '2010-06-28', NULL),
(293, 519, '2007-01-26', NULL),
(709, 548, '2010-05-23', '2011-06-12'),
(597, 4, '2002-08-11', NULL),
(281, 166, '2017-06-22', '2018-11-29'),
(642, 718, '2012-08-04', NULL),
(387, 554, '2000-09-12', '2001-01-14'),
(621, 362, '2017-10-21', NULL),
(575, 326, '2014-12-02', '2015-03-30'),
(173, 87, '2012-08-31', '2012-10-07'),
(702, 180, '2002-07-18', '2004-03-27'),
(63, 324, '2012-12-26', '2014-01-01'),
(423, 497, '2000-07-05', '2001-11-23'),
(37, 610, '2015-07-03', '2017-02-11'),
(226, 620, '2000-06-11', NULL),
(708, 206, '2019-11-26', NULL),
(90, 420, '2017-04-30', '2018-04-24'),
(510, 540, '2005-04-02', NULL),
(1, 641, '2004-10-26', NULL),
(759, 552, '2007-03-25', NULL),
(307, 118, '2012-05-18', '2012-12-29'),
(101, 88, '2019-07-28', NULL),
(13, 76, '2015-03-03', '2015-08-14'),
(560, 479, '2004-11-27', NULL),
(694, 334, '2000-02-23', '2000-11-22'),
(521, 267, '2015-05-30', '2015-12-27'),
(141, 752, '2018-01-07', '2019-10-02'),
(401, 77, '2012-04-14', NULL),
(786, 70, '2019-05-06', '2020-04-27'),
(204, 3, '2012-10-04', NULL),
(625, 351, '2014-10-08', '2015-01-12'),
(400, 2, '2012-06-29', NULL),
(735, 4, '2002-06-13', '2002-08-30'),
(525, 563, '2013-01-25', '2014-09-13'),
(383, 55, '2000-05-07', '2001-03-26'),
(721, 80, '2014-11-11', NULL),
(83, 36, '2020-02-12', '2020-12-03'),
(177, 729, '2000-08-06', '2000-11-03'),
(198, 324, '2007-04-20', NULL),
(481, 429, '2017-04-01', '2017-12-16'),
(338, 787, '2015-02-02', '2016-08-17'),
(31, 617, '2013-04-23', '2014-01-31'),
(397, 1, '2007-05-10', '2007-08-20'),
(40, 200, '2012-10-05', NULL),
(380, 96, '2012-09-01', '2013-07-09'),
(334, 501, '2002-09-13', '2003-08-11'),
(6, 129, '2015-03-22', '2016-01-25'),
(188, 487, '2014-11-12', '2016-07-28'),
(290, 305, '2014-12-28', NULL),
(656, 133, '2000-08-07', '2002-06-10'),
(631, 184, '2019-10-27', '2021-04-24'),
(676, 472, '2019-10-10', '2021-05-04'),
(79, 6, '2002-09-14', NULL),
(54, 372, '2006-12-03', NULL),
(95, 18, '2017-05-28', NULL),
(297, 132, '2005-04-03', '2007-01-31'),
(65, 474, '2005-04-26', '2006-09-09'),
(76, 679, '2010-06-29', NULL),
(619, 505, '2017-08-02', '2019-03-01'),
(261, 34, '2005-03-14', '2006-12-13'),
(173, 589, '2019-06-05', '2021-01-02'),
(414, 359, '2002-05-05', '2002-05-20'),
(197, 572, '2010-03-09', '2011-07-05'),
(57, 49, '2002-04-01', NULL),
(174, 529, '2015-05-31', NULL),
(20, 44, '2007-06-03', '2007-10-01'),
(273, 467, '2004-10-27', NULL),
(43, 368, '2000-03-29', '2000-09-04'),
(446, 508, '2002-06-14', '2003-10-31'),
(5, 100, '2000-02-24', '2001-08-13'),
(27, 619, '2002-08-12', '2004-04-07'),
(65, 713, '2010-02-20', '2011-03-24'),
(70, 524, '2002-05-06', NULL),
(704, 366, '2005-06-28', NULL),
(108, 597, '2007-07-09', NULL),
(61, 132, '2012-08-05', NULL),
(19, 214, '2000-05-08', '2001-08-28'),
(529, 537, '2004-12-20', '2005-03-25'),
(351, 393, '2013-04-24', '2014-03-06'),
(84, 80, '2007-04-21', NULL),
(122, 405, '2009-10-21', '2010-03-25'),
(184, 5, '2013-05-27', '2015-04-25'),
(4, 13, '2005-02-16', '2006-04-11'),
(319, 656, '2009-12-14', NULL),
(726, 794, '2002-04-02', '2002-08-17'),
(271, 789, '2017-10-22', NULL),
(382, 69, '2000-01-14', '2001-03-12'),
(366, 76, '2005-03-15', '2005-07-29'),
(536, 183, '2011-11-28', '2012-08-29'),
(472, 670, '2017-09-22', NULL),
(150, 726, '2012-11-21', '2013-11-21'),
(606, 299, '2010-05-24', '2012-04-07'),
(16, 660, '2014-10-09', NULL),
(615, 581, '2000-02-05', '2001-03-15'),
(515, 170, '2006-12-04', '2007-02-14'),
(236, 92, '2012-10-26', NULL),
(315, 289, '2017-06-23', NULL),
(8, 103, '2010-01-25', '2011-12-15'),
(717, 666, '2009-10-22', '2011-08-26'),
(2, 303, '2012-03-29', '2013-10-16'),
(652, 67, '2012-12-27', '2014-03-02'),
(6, 310, '2015-03-04', '2015-08-20'),
(571, 374, '2002-06-15', NULL),
(465, 85, '2015-07-04', NULL),
(471, 422, '2002-02-20', NULL),
(363, 42, '2007-01-04', '2007-10-14'),
(733, 456, '2014-12-03', '2015-12-19'),
(663, 669, '2005-04-27', '2007-01-09'),
(124, 600, '2019-05-07', NULL),
(37, 451, '2010-02-21', NULL),
(777, 76, '2004-11-28', NULL),
(78, 738, '2014-12-29', NULL),
(593, 255, '2000-01-15', '2000-07-15'),
(586, 722, '2012-06-30', NULL),
(261, 373, '2000-02-25', '2001-02-08'),
(7, 304, '2017-05-01', NULL),
(472, 7, '2000-07-06', NULL),
(586, 242, '2019-07-29', '2019-09-22'),
(596, 663, '2013-05-28', '2014-08-23'),
(271, 206, '2009-11-07', '2010-02-26'),
(608, 621, '2000-05-09', '2001-09-16'),
(418, 506, '2019-11-27', NULL),
(168, 94, '2012-01-21', '2013-03-23'),
(714, 791, '2012-04-15', NULL),
(643, 530, '2017-04-02', '2018-08-27'),
(69, 780, '2017-10-23', NULL),
(432, 43, '2002-04-03', '2003-08-20'),
(7, 8, '2007-01-05', '2008-07-12'),
(97, 626, '2019-10-28', '2020-12-28'),
(503, 9, '2002-07-19', '2002-08-22'),
(2, 22, '2002-06-16', '2002-10-12'),
(45, 462, '2019-05-08', '2021-02-24'),
(748, 573, '2000-03-30', '2000-06-07'),
(343, 163, '2000-06-12', '2001-06-17'),
(407, 4, '2002-03-14', '2003-11-30'),
(340, 75, '2013-03-15', '2013-12-05'),
(3, 680, '2010-03-10', '2010-12-31'),
(6, 135, '2012-03-03', '2012-11-01'),
(286, 384, '2009-09-18', NULL),
(71, 29, '2013-01-26', '2013-04-25'),
(430, 281, '2019-09-07', '2021-04-04'),
(744, 329, '2002-07-20', '2003-06-15'),
(102, 6, '2007-06-04', NULL),
(371, 8, '2017-09-23', '2018-02-06'),
(556, 128, '2020-01-17', '2020-07-30'),
(694, 704, '2002-11-15', '2004-01-18'),
(378, 89, '2019-06-06', '2020-04-11'),
(5, 387, '2015-06-01', '2015-08-29'),
(21, 509, '2004-10-28', NULL),
(2, 23, '2000-08-08', NULL),
(742, 68, '2007-08-05', '2009-02-22'),
(793, 307, '2015-02-03', '2015-02-21'),
(78, 304, '2010-05-25', NULL),
(183, 701, '2010-06-30', NULL),
(118, 242, '2013-04-25', NULL),
(30, 609, '2011-11-29', '2012-05-01'),
(491, 343, '2018-01-08', NULL),
(689, 289, '2012-07-01', '2012-08-05'),
(29, 680, '2007-04-22', '2008-06-01'),
(397, 790, '2015-07-05', '2015-09-11'),
(4, 202, '2002-02-21', '2002-07-14'),
(705, 330, '2009-10-23', '2009-12-06'),
(324, 103, '2010-01-26', '2010-10-31'),
(91, 589, '2015-06-02', '2017-04-16'),
(6, 155, '2012-09-02', '2014-02-04'),
(275, 507, '2011-11-30', '2012-07-30'),
(331, 242, '2019-10-29', NULL),
(409, 8, '2005-06-29', '2007-05-20'),
(482, 479, '2010-04-12', '2010-12-10'),
(550, 324, '2017-12-13', '2018-08-29'),
(196, 203, '2014-10-10', '2016-04-22'),
(448, 641, '2004-11-29', '2005-08-15'),
(786, 506, '2013-05-29', NULL),
(187, 105, '2010-05-26', NULL),
(326, 370, '2012-09-03', '2012-11-08'),
(447, 669, '2005-03-16', '2006-04-28'),
(6, 639, '2017-09-24', '2019-05-04'),
(2, 286, '2015-07-06', '2016-07-06'),
(785, 9, '2007-01-06', '2008-11-12'),
(391, 38, '2012-07-02', '2012-11-04'),
(223, 672, '2011-10-26', NULL),
(346, 711, '2012-03-04', '2013-07-13'),
(354, 186, '2002-09-15', NULL),
(81, 718, '2017-05-02', '2018-09-05'),
(297, 627, '2013-02-13', '2013-02-25'),
(297, 572, '2000-08-09', '2001-03-06'),
(791, 56, '2007-04-23', '2009-01-16'),
(668, 517, '2002-08-13', NULL),
(266, 693, '2009-09-19', '2011-07-04'),
(629, 517, '2000-05-10', '2001-08-29'),
(45, 616, '2012-03-30', '2013-06-06'),
(380, 681, '2012-05-19', '2013-11-02'),
(42, 148, '2020-02-13', '2021-05-04'),
(262, 341, '2002-06-17', '2003-05-07'),
(144, 512, '2010-02-22', '2010-07-02'),
(717, 516, '2012-12-28', '2013-05-21'),
(659, 3, '2010-05-27', '2010-09-05'),
(221, 84, '2018-01-09', '2018-10-06'),
(78, 289, '2000-07-07', '2002-02-27'),
(51, 477, '2012-07-03', '2013-10-16'),
(512, 223, '2005-03-17', '2006-12-29'),
(776, 8, '2017-08-03', '2018-02-09'),
(666, 370, '2009-10-24', '2011-07-13'),
(187, 799, '2007-04-24', NULL),
(617, 792, '2015-02-04', '2015-06-13'),
(229, 81, '2012-08-06', '2014-04-24'),
(169, 711, '2015-04-22', '2017-02-08'),
(328, 727, '2005-06-02', NULL),
(509, 111, '2010-07-01', NULL),
(7, 1, '2005-03-18', '2006-04-04'),
(46, 6, '2012-04-16', '2013-12-31'),
(198, 258, '2013-04-26', NULL),
(21, 237, '2000-10-09', NULL),
(528, 191, '2019-11-28', '2021-10-12'),
(1, 71, '2015-03-23', '2017-01-03'),
(387, 253, '2002-10-20', NULL),
(693, 677, '2007-03-26', '2008-11-17'),
(66, 65, '2017-09-05', '2018-07-10'),
(659, 168, '2019-09-08', NULL),
(652, 361, '2005-04-28', NULL),
(372, 442, '2007-05-11', '2008-01-03'),
(183, 299, '2017-04-03', '2018-03-22'),
(624, 112, '2010-04-13', NULL),
(598, 659, '2019-06-07', '2020-05-06'),
(261, 670, '2007-04-25', '2008-08-26'),
(4, 703, '2013-02-14', '2014-07-11'),
(384, 753, '2014-10-11', NULL),
(274, 395, '2005-02-17', '2006-08-17'),
(18, 44, '2007-06-05', '2008-08-14'),
(366, 592, '2019-10-30', '2021-07-23'),
(108, 93, '2005-04-29', '2006-06-26'),
(273, 195, '2017-09-25', '2018-01-31'),
(189, 186, '2000-06-13', NULL),
(736, 249, '2000-02-06', NULL),
(703, 303, '2010-01-27', '2010-03-03'),
(94, 2, '2012-08-07', '2014-02-14'),
(46, 725, '2006-12-05', '2008-04-10'),
(634, 170, '2002-07-21', '2003-06-09'),
(253, 747, '2017-10-24', '2018-10-21'),
(521, 4, '2015-03-24', '2015-07-28'),
(9, 43, '2010-05-28', '2011-07-01'),
(34, 495, '2012-05-20', NULL),
(89, 435, '2010-03-11', '2010-10-25'),
(346, 468, '2007-06-06', '2007-11-07'),
(590, 468, '2019-10-31', '2020-10-29'),
(457, 612, '2017-08-04', '2018-11-06'),
(53, 583, '2002-11-16', NULL),
(169, 410, '2005-03-19', '2006-09-06'),
(137, 605, '2012-07-04', '2013-09-17'),
(665, 216, '2000-05-11', '2002-02-02'),
(4, 722, '2012-10-06', NULL),
(293, 54, '2000-06-14', '2002-01-18'),
(511, 752, '2010-04-14', '2011-08-25'),
(118, 679, '2000-01-16', '2000-04-17'),
(764, 255, '2004-11-30', '2005-11-25'),
(297, 3, '2019-09-09', NULL),
(435, 584, '2012-04-17', '2013-11-01'),
(391, 318, '2012-09-04', NULL),
(179, 461, '2000-10-10', '2000-11-05'),
(576, 4, '2000-09-13', '2001-03-18'),
(463, 57, '2007-08-06', '2009-02-01'),
(668, 322, '2019-10-11', NULL),
(12, 338, '2002-03-15', '2002-04-19'),
(200, 511, '2004-10-29', '2005-04-09'),
(621, 74, '2015-06-03', '2015-08-15'),
(361, 601, '2017-05-03', '2017-05-05'),
(257, 693, '2019-11-29', '2020-01-01'),
(655, 12, '2010-03-12', NULL),
(97, 583, '2011-10-27', '2013-08-08'),
(739, 160, '2010-07-02', '2010-09-14'),
(529, 164, '2020-01-18', NULL),
(310, 414, '2013-05-30', '2014-03-16'),
(548, 728, '2010-05-29', '2011-06-08'),
(4, 59, '2002-09-16', NULL),
(600, 236, '2012-04-18', '2013-10-23'),
(779, 728, '2014-11-13', NULL),
(104, 432, '2017-08-05', NULL),
(320, 130, '2002-11-17', '2004-07-26'),
(306, 116, '2015-03-05', '2015-10-24'),
(491, 27, '2017-12-14', '2019-09-02'),
(19, 595, '2012-05-21', NULL),
(514, 268, '2000-10-11', '2001-05-12'),
(719, 1, '2005-04-04', NULL),
(771, 728, '2006-12-06', '2008-10-28'),
(366, 130, '2017-10-25', '2019-01-04'),
(4, 793, '2012-10-07', '2013-07-27'),
(478, 271, '2009-09-20', '2010-09-13'),
(240, 299, '2002-06-18', NULL),
(6, 577, '2012-07-05', NULL),
(730, 249, '2019-06-08', '2020-10-02'),
(318, 285, '2004-10-30', '2006-02-27'),
(337, 12, '2007-01-07', NULL),
(6, 126, '2002-07-22', NULL),
(291, 349, '2012-08-08', '2013-06-04'),
(304, 317, '2002-10-21', '2003-01-08'),
(1, 674, '2007-05-12', '2009-03-21'),
(166, 69, '2012-12-29', '2013-03-22'),
(445, 170, '2017-09-06', '2019-08-04'),
(798, 453, '2019-11-30', '2021-05-12'),
(479, 785, '2010-03-13', NULL),
(53, 138, '2015-07-07', '2016-07-12'),
(637, 304, '2000-05-12', '2002-03-26'),
(225, 173, '2002-02-22', NULL),
(337, 107, '2007-07-10', '2009-04-14'),
(687, 641, '2005-04-30', '2006-06-05'),
(600, 528, '2014-11-14', NULL),
(777, 321, '2002-08-14', '2004-03-01'),
(37, 559, '2013-05-31', NULL),
(696, 163, '2000-06-15', '2000-08-27'),
(631, 420, '2019-05-09', NULL),
(587, 456, '2005-06-03', NULL),
(385, 580, '2007-06-07', '2008-01-26'),
(9, 1, '2013-02-15', '2014-05-19'),
(417, 87, '2010-07-03', '2010-10-17'),
(1, 56, '2004-12-01', NULL),
(281, 457, '2006-12-07', '2008-03-03'),
(407, 642, '2013-03-16', '2014-06-21'),
(620, 423, '2012-10-08', NULL),
(764, 130, '2000-07-08', '2001-09-04'),
(32, 167, '2015-04-23', '2015-05-09'),
(212, 335, '2011-10-28', '2012-06-07'),
(6, 267, '2012-03-05', '2012-09-30'),
(362, 765, '2017-05-04', NULL),
(459, 328, '2017-09-26', '2018-06-10'),
(203, 8, '2010-04-15', '2011-03-13'),
(478, 432, '2002-07-23', '2004-04-12'),
(29, 690, '2019-11-01', NULL),
(738, 98, '2000-08-10', '2001-04-19'),
(182, 514, '2017-04-04', '2018-04-21'),
(687, 486, '2012-04-19', '2013-11-13'),
(3, 641, '2019-06-09', '2019-10-17'),
(347, 503, '2014-10-12', '2015-07-24'),
(1, 195, '2002-09-17', NULL),
(184, 675, '2002-08-15', '2002-09-27'),
(623, 655, '2017-05-05', NULL),
(418, 5, '2007-03-27', NULL),
(51, 6, '2012-03-31', '2013-06-27'),
(4, 757, '2015-02-05', '2015-11-29'),
(332, 676, '2000-06-16', '2000-09-11'),
(80, 49, '2019-09-10', NULL),
(67, 356, '2000-01-17', '2000-07-08'),
(397, 495, '2014-11-15', '2016-07-17'),
(736, 280, '2017-10-26', '2019-06-07'),
(553, 16, '2002-02-23', NULL),
(145, 482, '2013-01-27', NULL),
(369, 661, '2002-06-19', '2003-12-06'),
(12, 40, '2019-10-12', '2021-01-03'),
(437, 674, '2005-04-05', '2006-10-15'),
(634, 602, '2012-05-22', '2012-12-11'),
(187, 736, '2015-03-25', '2016-02-06'),
(661, 540, '2005-02-18', '2005-10-11'),
(614, 490, '2000-08-11', '2001-12-22'),
(128, 295, '2013-02-16', '2014-10-25'),
(31, 310, '2010-04-16', '2012-01-24'),
(694, 747, '2015-03-26', '2016-04-02'),
(500, 9, '2012-05-23', '2013-12-24'),
(392, 672, '2012-10-09', '2013-03-08'),
(295, 350, '2004-10-31', '2005-02-15'),
(116, 353, '2000-07-09', '2001-08-08'),
(2, 31, '2017-09-07', '2018-09-29'),
(138, 708, '2002-09-18', '2003-12-14'),
(122, 602, '2000-02-07', NULL),
(95, 354, '2006-12-08', '2007-07-31'),
(307, 251, '2017-09-27', '2019-01-20'),
(347, 81, '2014-11-16', NULL),
(683, 279, '2010-04-17', NULL),
(9, 484, '2019-11-02', '2019-12-23'),
(39, 114, '2019-05-10', '2019-12-12'),
(514, 31, '2011-12-01', '2013-03-28'),
(772, 471, '2012-05-24', '2012-09-02'),
(800, 780, '2012-09-05', NULL),
(173, 32, '2002-08-16', '2003-08-26'),
(4, 507, '2007-01-08', NULL),
(621, 141, '2005-05-01', NULL),
(624, 433, '2010-03-14', '2011-08-02'),
(396, 371, '2000-08-12', '2000-10-22'),
(134, 685, '2007-05-13', NULL),
(12, 65, '2014-10-13', '2016-07-30'),
(400, 362, '2004-12-02', '2005-02-04'),
(548, 450, '2013-03-17', NULL),
(212, 216, '2004-11-01', NULL),
(622, 780, '2017-09-28', '2018-06-18'),
(566, 789, '2007-01-09', '2007-08-23'),
(28, 223, '2017-04-05', '2019-01-04'),
(210, 647, '2004-12-03', '2005-04-16'),
(270, 648, '2009-09-21', '2010-08-17'),
(288, 317, '2019-06-10', '2020-02-19'),
(743, 18, '2011-10-29', '2013-07-06'),
(628, 5, '2002-03-16', '2002-10-15'),
(40, 89, '2000-01-18', '2001-08-12'),
(594, 119, '2017-05-06', '2017-05-15'),
(659, 743, '2007-06-08', '2008-02-24'),
(478, 239, '2002-02-24', '2003-04-14'),
(106, 712, '2012-04-20', '2014-03-01'),
(6, 634, '2002-09-19', '2003-01-08'),
(440, 390, '2005-04-06', '2005-10-28'),
(533, 444, '2009-10-25', '2011-08-30'),
(796, 14, '2006-12-09', '2007-03-25'),
(481, 661, '2019-06-11', '2021-02-13'),
(490, 292, '2005-05-02', '2005-12-30'),
(529, 346, '2012-09-06', '2013-12-04'),
(79, 82, '2007-01-10', '2007-06-14'),
(588, 767, '2000-01-19', '2000-09-19'),
(765, 27, '2000-02-08', '2001-10-15'),
(145, 779, '2009-09-22', '2010-06-22'),
(135, 185, '2012-10-10', '2013-09-09'),
(274, 305, '2011-10-30', '2011-12-01'),
(4, 214, '2014-11-17', '2014-12-03'),
(692, 442, '2009-09-23', '2011-05-31'),
(2, 674, '2004-12-04', '2004-12-06'),
(266, 476, '2019-05-11', '2020-05-26'),
(368, 751, '2012-10-11', '2013-02-26'),
(521, 1, '2002-02-25', '2002-11-07'),
(669, 138, '2011-12-02', '2012-05-02'),
(628, 35, '2011-10-31', '2012-01-16'),
(260, 600, '2007-01-11', '2007-10-05'),
(35, 553, '2014-10-14', '2015-06-03'),
(344, 640, '2009-10-26', '2009-12-08'),
(94, 37, '2004-11-02', '2006-09-03'),
(126, 180, '2002-03-17', '2002-04-05'),
(414, 368, '2017-04-06', '2018-06-10'),
(47, 731, '2011-12-03', '2013-08-29'),
(7, 254, '2000-01-20', '2000-08-24');

update socio set id_socio_padrino=NULL where id>350;
