-- MariaDB dump 10.19  Distrib 10.4.27-MariaDB, for Win64 (AMD64)
--
-- Host: localhost    Database: cute_village
-- ------------------------------------------------------
-- Server version	10.4.27-MariaDB

/*!40101 SET @OLD_CHARACTER_SET_CLIENT=@@CHARACTER_SET_CLIENT */;
/*!40101 SET @OLD_CHARACTER_SET_RESULTS=@@CHARACTER_SET_RESULTS */;
/*!40101 SET @OLD_COLLATION_CONNECTION=@@COLLATION_CONNECTION */;
/*!40101 SET NAMES utf8mb4 */;
/*!40103 SET @OLD_TIME_ZONE=@@TIME_ZONE */;
/*!40103 SET TIME_ZONE='+00:00' */;
/*!40014 SET @OLD_UNIQUE_CHECKS=@@UNIQUE_CHECKS, UNIQUE_CHECKS=0 */;
/*!40014 SET @OLD_FOREIGN_KEY_CHECKS=@@FOREIGN_KEY_CHECKS, FOREIGN_KEY_CHECKS=0 */;
/*!40101 SET @OLD_SQL_MODE=@@SQL_MODE, SQL_MODE='NO_AUTO_VALUE_ON_ZERO' */;
/*!40111 SET @OLD_SQL_NOTES=@@SQL_NOTES, SQL_NOTES=0 */;

--
-- Table structure for table `avatar`
--
drop database if exists cute_examen;
create database cute_examen;
use cute_examen;

DROP TABLE IF EXISTS `avatar`;
/*!40101 SET @saved_cs_client     = @@character_set_client */;
/*!40101 SET character_set_client = utf8 */;
CREATE TABLE `avatar` (
  `ID` int(10) unsigned NOT NULL AUTO_INCREMENT,
  `id_superior` int(10) unsigned NOT NULL,
  `id_inferior` int(10) unsigned NOT NULL,
  `id_calzado` int(10) unsigned DEFAULT NULL,
  `id_sombrero` int(10) unsigned DEFAULT NULL,
  `nombre` varchar(50) NOT NULL,
  `modelo` varchar(50) NOT NULL,
  `color` varchar(20) NOT NULL,
  `expresion_facial` enum('pasota','triste','contento','pensativo','flipao') NOT NULL,
  PRIMARY KEY (`ID`),
  KEY `id_superior` (`id_superior`),
  KEY `id_inferior` (`id_inferior`),
  KEY `id_calzado` (`id_calzado`),
  KEY `id_sombrero` (`id_sombrero`),
  CONSTRAINT `avatar_ibfk_1` FOREIGN KEY (`id_superior`) REFERENCES `superior` (`ID`),
  CONSTRAINT `avatar_ibfk_2` FOREIGN KEY (`id_inferior`) REFERENCES `inferior` (`ID`),
  CONSTRAINT `avatar_ibfk_3` FOREIGN KEY (`id_calzado`) REFERENCES `calzado` (`ID`),
  CONSTRAINT `avatar_ibfk_4` FOREIGN KEY (`id_sombrero`) REFERENCES `sombrero` (`ID`)
) ENGINE=InnoDB AUTO_INCREMENT=201 DEFAULT CHARSET=latin1 COLLATE=latin1_swedish_ci;
/*!40101 SET character_set_client = @saved_cs_client */;

--
-- Dumping data for table `avatar`
--

LOCK TABLES `avatar` WRITE;
/*!40000 ALTER TABLE `avatar` DISABLE KEYS */;
INSERT INTO `avatar` VALUES (1,39,2,14,13,'DarkSlateBlue','Coleta','ZinnwalditeBrown','contento'),(2,14,13,NULL,3,'Sr. Trent','Flequi','BabyBlue','triste'),(3,26,31,1,18,'Ms. Marcelino','Rapao','TealGreen','pensativo'),(4,32,11,18,2,'Francis','Mo単etes','LavenderPink','flipao'),(5,13,32,14,20,'Dr. TurquoiseBlue','Rapao','PowderBlue','pensativo'),(6,39,9,NULL,16,'Arnold','Rapao','RoyalPurple','pensativo'),(7,1,28,3,10,'Sr. Qo','Coleta','TerraCotta','contento'),(8,10,30,9,8,'Mr. AliceBlue','Rapao','CaputMortuum','flipao'),(9,26,23,12,9,'Sure','Rapao','Cream','triste'),(10,16,22,20,7,'Milan','Rapao','BabyBlueEyes','pensativo'),(11,33,38,8,9,'Dr. Ta','Coleta','OutrageousOrange','pasota'),(12,10,21,4,3,'Ms. Gold','Flequi','Cardinal','contento'),(13,39,4,1,7,'Dr. Jeffrey','Rizos','Ruby','contento'),(14,4,16,17,NULL,'Sra. Adam','Flequi','MediumTaupe','flipao'),(15,24,1,19,20,'Dr. Adolph','Flequi','DogwoodRose','flipao'),(16,25,17,13,9,'Buff','Rizos','Crimson','pensativo'),(17,30,30,6,2,'Alonso','Rapao','Thistle','contento'),(18,16,2,8,14,'Mr. LightPink','Flequi','PrincetonOrange','pensativo'),(19,6,38,3,19,'Dr. Foster','Flequi','OxfordBlue','flipao'),(20,16,31,13,NULL,'Curtis','Rapao','DollarBill','flipao'),(21,24,14,8,14,'Zeke','Rapao','PrussianBlue','flipao'),(22,29,14,2,10,'Maddie','Coleta','CrimsonRed','triste'),(23,23,6,16,3,'Dr. Dominique','Mohawk','Ruddy','triste'),(24,30,38,17,12,'Alexander','Coleta','LavenderPurple','contento'),(25,40,26,13,15,'FloralWhite','Coleta','PacificBlue','flipao'),(26,28,38,16,14,'Mr. Ai','Coleta','PsychedelicPurple','triste'),(27,14,11,11,12,'Travis','Flequi','Drab','flipao'),(28,29,22,7,20,'Blaine','Coleta','BabyPink','contento'),(29,23,10,17,4,'Eva','Coleta','CrimsonGlory','flipao'),(30,17,38,2,6,'Lil Camel','Rapao','DukeBlue','flipao'),(31,3,33,15,5,'Arden','Flequi','Cyan','pensativo'),(32,10,14,10,6,'Amaranth','Coleta','MediumTealBlue','flipao'),(33,5,18,3,8,'Sr. RuddyPink','Flequi','LavenderRose','flipao'),(34,16,32,5,14,'Sr. Uiqu','Rizos','CaribbeanGreen','pasota'),(35,31,29,14,20,'Ms. BrandeisBlue','Coleta','MediumTurquoise','flipao'),(36,10,15,16,12,'MediumPurple','Flequi','PakistanGreen','flipao'),(37,35,14,9,1,'Dr. Marcellus','Coleta','Puce','flipao'),(38,22,2,19,11,'Fandango','Flequi','EarthYellow','pasota'),(39,34,29,8,3,'Ms. Yo','Flequi','BallBlue','pensativo'),(40,3,6,6,1,'Mr. Zuqi','Coleta','ThulianPink','pensativo'),(41,33,22,18,15,'BleuDeFrance','Cresta','Daffodil','contento'),(42,19,30,17,20,'Sra. Coral','Coleta','Ecru','flipao'),(43,2,24,13,3,'Pa','Rapao','LawnGreen','flipao'),(44,12,11,10,14,'Dr. Freda','Cresta','Dandelion','contento'),(45,9,37,5,14,'Sra. Willian','Flequi','Carmine','pensativo'),(46,34,2,18,5,'Glaucous','Rapao','MediumVioletRed','flipao'),(47,22,5,9,4,'Tyler','Coleta','RuddyBrown','flipao'),(48,16,16,11,6,'Abe','Rapao','Lemon','pensativo'),(49,2,16,17,3,'Ms. Anika','Mohawk','PalatinateBlue','contento'),(50,39,39,12,4,'Dr. Denese','Rapao','Melon','contento'),(51,23,32,17,6,'FuchsiaPink','Rapao','Pumpkin','pensativo'),(52,2,28,15,18,'Sr. Au','Flequi','BananaMania','triste'),(53,1,3,5,11,'Kayla','Mohawk','TickleMePink','contento'),(54,3,14,5,3,'LightKhaki','Coleta','PalatinatePurple','flipao'),(55,15,12,17,18,'Mr. Adrianne','Rizos','CarminePink','contento'),(56,20,33,5,10,'Mr. Alex','Rapao','Purple','triste'),(57,15,5,11,9,'Vivienne','Flequi','Eggplant','flipao'),(58,11,24,1,18,'Sr. DimGray','Coleta','BananaYellow','triste'),(59,27,27,20,17,'Adriene','Flequi','RuddyPink','flipao'),(60,18,13,4,6,'CadmiumOrange','Flequi','PaleAqua','pensativo'),(61,1,7,5,11,'Iu','Mohawk','DarkBlue','pensativo'),(62,16,6,19,20,'Adolph','Rapao','LemonYellow','pasota'),(63,9,28,16,8,'Sra. PaleCornflowerBlue','Coleta','CarmineRed','triste'),(64,9,33,1,1,'Dr. MountbattenPink','Rapao','MidnightBlue','contento'),(65,1,11,2,4,'Ms. Zelda','Flequi','LemonChiffon','triste'),(66,8,27,15,15,'RosePink','Mo単etes','TiffanyBlue','contento'),(67,15,6,10,17,'Alphonso','Coleta','Eggshell','pensativo'),(68,29,30,19,20,'Tanesha','Flequi','Rufous','contento'),(69,37,38,2,11,'Lula','Rizos','PurpleHeart','flipao'),(70,13,28,3,14,'Lil FernGreen','Coleta','MidnightGreen','flipao'),(71,13,22,4,5,'Ms. Vance','Coleta','BattleshipGrey','flipao'),(72,37,15,5,20,'Ms. RichCarmine','Coleta','LemonLime','contento'),(73,34,30,11,16,'Uojeeu','Coleta','CarnationPink','triste'),(74,12,13,19,17,'Lil Cindi','Flequi','PaleBlue','triste'),(75,30,29,9,12,'Sr. Rococi','Rizos','TigerEye','pensativo'),(76,31,24,14,12,'Aa','Cresta','Russet','flipao'),(77,11,18,2,13,'Viau','Coleta','MikadoYellow','pensativo'),(78,7,28,17,2,'Mickey','Flequi','PurplePizzazz','flipao'),(79,20,20,9,17,'Sr. Qado','Rapao','PaleBrown','flipao'),(80,24,6,3,8,'Oiquao','Coleta','Bazaar','triste'),(81,12,36,3,11,'Sra. David','Flequi','DarkBrown','pensativo'),(82,34,24,6,13,'AntiqueBrass','Flequi','EgyptianBlue','contento'),(83,23,19,15,19,'Ms. Inchworm','Cresta','LightCrimson','pasota'),(84,39,38,17,8,'Ailene','Cresta','DarkByzantium','pensativo'),(85,4,11,17,8,'Xo','Flequi','Mint','contento'),(86,8,31,14,16,'Mr. Abe','Coleta','PurpleTaupe','contento'),(87,8,32,4,20,'Jeff','Rapao','Carnelian','contento'),(88,4,26,1,4,'Ms. Curtis','Coleta','PaleCarmine','pasota'),(89,4,2,17,3,'Sr. TiffanyBlue','Flequi','BeauBlue','pensativo'),(90,13,38,3,12,'Dr. De','Rapao','ElectricBlue','flipao'),(91,34,8,13,10,'Ms. AndroidGreen','Coleta','CarolinaBlue','flipao'),(92,24,17,9,10,'Sipu','Rapao','DarkCandyAppleRed','flipao'),(93,19,31,18,18,'Lil Van','Flequi','ElectricCrimson','triste'),(94,2,16,10,20,'Lil Signe','Flequi','Beaver','pasota'),(95,14,12,17,15,'Mr. Deja','Flequi','DarkCerulean','flipao'),(96,16,22,1,7,'PastelPurple','Flequi','ElectricCyan','contento'),(97,35,32,12,17,'BrightLavender','Rapao','Rackley','flipao'),(98,3,33,4,14,'Mr. Vebebo','Mo単etes','CarrotOrange','pensativo'),(99,35,33,11,1,'Sra. Myrtie','Coleta','LightThulianPink','contento'),(100,34,4,14,4,'AirForceBlue','Coleta','PaleCerulean','triste'),(101,21,11,9,3,'Lil Tandy','Coleta','Timberwolf','triste'),(102,19,20,1,18,'Ms. AliceBlue','Cresta','DarkChestnut','contento'),(103,39,35,15,3,'Lil Garth','Coleta','RadicalRed','pensativo'),(104,36,22,20,14,'Nia','Rapao','ElectricGreen','contento'),(105,16,14,11,5,'Hyon','Flequi','PaleChestnut','pensativo'),(106,5,21,17,1,'Sra. Hehi','Coleta','Rust','contento'),(107,28,37,3,17,'BurntSienna','Flequi','DarkCoral','triste'),(108,38,24,3,1,'Elias','Rizos','ElectricIndigo','triste'),(109,17,26,10,11,'Mu','Flequi','MintCream','contento'),(110,27,22,5,9,'Ms. Adah','Cresta','DarkCyan','pensativo'),(111,25,37,4,4,'Sra. Dorinda','Cresta','Beige','flipao'),(112,16,29,6,3,'Sra. Taylor','Rapao','ElectricLavender','triste'),(113,11,14,13,12,'Dr. Sana','Flequi','LightApricot','triste'),(114,16,6,8,10,'Ms. PalePink','Rizos','MintGreen','flipao'),(115,31,23,16,8,'JungleGreen','Rapao','DarkElectricBlue','flipao'),(116,24,6,15,4,'Fidufa','Flequi','Celadon','contento'),(117,11,25,8,18,'BrightTurquoise','Rapao','Bisque','flipao'),(118,19,21,12,2,'Cole','Rapao','Celeste','pensativo'),(119,31,3,6,10,'Neoma','Rapao','Raspberry','flipao'),(120,2,1,17,13,'Lil Ie','Mohawk','LightBlue','flipao'),(121,4,10,12,5,'Sra. Maricruz','Flequi','Bistre','flipao'),(122,26,3,20,10,'Lil Adan','Coleta','TitaniumYellow','pensativo'),(123,27,1,11,1,'Lil Carroll','Coleta','SaddleBrown','flipao'),(124,1,24,7,10,'Lil MediumTurquoise','Flequi','ElectricLime','triste'),(125,5,2,20,13,'PalePink','Rapao','MistyRose','pasota'),(126,27,30,5,15,'Pi','Rapao','PaleCopper','pasota'),(127,13,36,6,12,'Damon','Coleta','LightBrown','triste'),(128,24,36,3,15,'Dr. LincolnGreen','Coleta','DarkGoldenrod','triste'),(129,22,34,5,12,'Ms. Mafalda','Coleta','Tomato','contento'),(130,31,19,2,1,'Sra. Silas','Coleta','CelestialBlue','contento'),(131,20,21,10,4,'Ouceii','Coleta','ElectricPurple','triste'),(132,35,19,3,19,'Lil Alicia','Rizos','RaspberryGlace','flipao'),(133,32,34,13,15,'Dr. TractorRed','Coleta','DarkGray','pensativo'),(134,20,6,20,10,'Mr. PhthaloBlue','Rapao','PaleCornflowerBlue','flipao'),(135,3,35,3,18,'Me','Coleta','ElectricUltramarine','flipao'),(136,3,5,16,14,'Mr. Lincoln','Coleta','SafetyOrange','triste'),(137,11,8,5,13,'Lil Carie','Rapao','Moccasin','flipao'),(138,5,15,18,1,'DeepSkyBlue','Flequi','RaspberryPink','flipao'),(139,23,10,9,8,'Ms. Dane','Coleta','PaleGold','flipao'),(140,38,1,19,14,'Mr. Oa','Rizos','Bittersweet','pasota'),(141,14,7,20,1,'Wezu','Flequi','Cerise','contento'),(142,4,16,16,12,'Dr. Qi','Rapao','DarkGreen','contento'),(143,39,11,18,2,'Fuyedi','Flequi','LightCarminePink','flipao'),(144,20,39,10,13,'Ms. Mandy','Coleta','Toolbox','triste'),(145,18,29,16,10,'Kelvin','Flequi','RaspberryRose','triste'),(146,3,24,1,9,'Yeio','Flequi','PaleGoldenrod','flipao'),(147,4,11,14,5,'Lil PastelOrange','Coleta','ModeBeige','pensativo'),(148,35,3,11,6,'Corie','Rapao','Saffron','contento'),(149,30,22,1,17,'Sr. Anderson','Rizos','ElectricViolet','pasota'),(150,28,17,14,16,'Bronze','Flequi','Black','pensativo'),(151,24,31,14,5,'Dr. Rima','Rapao','RawSienna','contento'),(152,10,16,18,11,'MediumTealBlue','Flequi','DarkJungleGreen','contento'),(153,36,6,19,9,'Jeanette','Rapao','Topaz','pensativo'),(154,33,29,13,12,'Uiuuro','Rapao','LightCoral','pensativo'),(155,13,1,20,8,'Ms. Meg','Mohawk','CerisePink','triste'),(156,10,21,15,18,'Abigail','Coleta','PaleGreen','pensativo'),(157,33,9,13,17,'AuroMetalSaurus','Coleta','ElectricYellow','flipao'),(158,8,13,11,16,'Uaxi','Flequi','MoonstoneBlue','contento'),(159,14,35,12,17,'Sr. SapGreen','Rizos','DarkKhaki','contento'),(160,12,21,1,2,'Sra. Andy','Flequi','BlanchedAlmond','pensativo'),(161,28,33,10,14,'Damien','Flequi','Emerald','triste'),(162,26,27,12,13,'Lil Mae','Coleta','RazzleDazzleRose','flipao'),(163,15,15,7,7,'Elliott','Coleta','SaintPatrickBlue','flipao'),(164,6,36,18,4,'Mr. Romeo','Mohawk','LightCornflowerBlue','pasota'),(165,12,11,10,1,'Fofi','Coleta','TractorRed','contento'),(166,35,24,12,16,'SmokeyTopaz','Mohawk','PaleLavender','flipao'),(167,5,22,6,10,'Su','Rapao','MossGreen','flipao'),(168,31,6,13,7,'Poai','Cresta','Cerulean','contento'),(169,1,13,14,10,'Mr. Damian','Flequi','Salmon','flipao'),(170,35,8,1,2,'Collin','Coleta','Razzmatazz','flipao'),(171,25,12,11,18,'Danille','Coleta','PaleMagenta','pensativo'),(172,8,3,10,12,'Valencia','Flequi','BleuDeFrance','contento'),(173,11,3,19,2,'Dr. Neville','Rapao','CeruleanBlue','flipao'),(174,13,5,9,16,'Lil Amber','Flequi','LightCyan','flipao'),(175,18,24,10,4,'Sra. Christin','Coleta','BlizzardBlue','contento'),(176,20,24,16,8,'Sra. Dino','Rapao','MountainMeadow','flipao'),(177,1,3,14,9,'Adrianne','Flequi','TrolleyGrey','flipao'),(178,11,14,20,14,'Dr. Chad','Rapao','Chamoisee','pensativo'),(179,20,35,2,18,'Boris','Rapao','Blond','triste'),(180,25,13,17,18,'Mr. DarkPowderBlue','Rapao','Champagne','contento'),(181,27,8,2,12,'Sr. Lilac','Coleta','DarkLava','contento'),(182,28,39,2,12,'Ms. Shamika','Mo単etes','EtonBlue','flipao'),(183,32,15,14,13,'Sra. Brass','Flequi','Blue','pasota'),(184,31,22,9,8,'Sra. Rene','Coleta','DarkLavender','flipao'),(185,30,36,13,10,'Lil Darcey','Flequi','Fallow','flipao'),(186,31,18,14,9,'Penney','Rapao','LightFuchsiaPink','flipao'),(187,10,4,6,17,'Fouaea','Flequi','Red','contento'),(188,9,21,4,11,'Mr. Wi','Coleta','Charcoal','flipao'),(189,20,6,20,7,'Adalberto','Flequi','SalmonPink','pensativo'),(190,29,14,12,1,'Awilda','Rizos','DarkMagenta','pensativo'),(191,23,2,12,7,'Sra. Coreen','Rapao','BlueBell','pensativo'),(192,30,5,4,15,'Lore','Flequi','PalePink','pensativo'),(193,24,5,14,11,'Mr. Alfonso','Flequi','Chartreuse','contento'),(194,16,6,9,7,'Dr. Victor','Flequi','BlueGray','contento'),(195,16,10,19,1,'Dr. Ti','Flequi','FaluRed','flipao'),(196,30,24,10,16,'Alisha','Rapao','TropicalRainForest','contento'),(197,23,10,13,12,'Douglass','Mohawk','DarkMidnightBlue','contento'),(198,21,31,17,8,'Sra. Ea','Rapao','MountbattenPink','flipao'),(199,5,27,10,9,'Sr. VividCerise','Coleta','Famous','flipao'),(200,37,23,12,13,'Poaupe','Flequi','RedOrange','contento');
/*!40000 ALTER TABLE `avatar` ENABLE KEYS */;
UNLOCK TABLES;

--
-- Table structure for table `avatar_casa`
--

DROP TABLE IF EXISTS `avatar_casa`;
/*!40101 SET @saved_cs_client     = @@character_set_client */;
/*!40101 SET character_set_client = utf8 */;
CREATE TABLE `avatar_casa` (
  `id_avatar` int(10) unsigned NOT NULL,
  `id_casa` int(10) unsigned NOT NULL,
  `fecha_entrada` date NOT NULL,
  PRIMARY KEY (`id_avatar`,`id_casa`),
  KEY `id_casa` (`id_casa`),
  CONSTRAINT `avatar_casa_ibfk_1` FOREIGN KEY (`id_avatar`) REFERENCES `avatar` (`ID`),
  CONSTRAINT `avatar_casa_ibfk_2` FOREIGN KEY (`id_casa`) REFERENCES `casa` (`ID`)
) ENGINE=InnoDB DEFAULT CHARSET=latin1 COLLATE=latin1_swedish_ci;
/*!40101 SET character_set_client = @saved_cs_client */;

--
-- Dumping data for table `avatar_casa`
--

LOCK TABLES `avatar_casa` WRITE;
/*!40000 ALTER TABLE `avatar_casa` DISABLE KEYS */;
INSERT INTO `avatar_casa` VALUES (1,6,'2023-08-11'),(2,25,'2022-09-10'),(3,5,'2022-05-13'),(4,41,'2022-05-06'),(5,24,'2022-12-07'),(6,32,'2023-06-03'),(7,3,'2023-02-05'),(8,31,'2022-11-18'),(9,1,'2023-12-08'),(10,41,'2023-02-18'),(11,29,'2023-12-19'),(12,25,'2022-09-21'),(13,47,'2022-09-25'),(14,41,'2024-01-01'),(15,36,'2022-06-16'),(16,23,'2023-12-02'),(17,12,'2023-04-08'),(18,20,'2023-06-20'),(19,26,'2022-10-25'),(20,23,'2024-01-10'),(21,15,'2023-05-05'),(22,13,'2022-05-25'),(23,32,'2023-10-19'),(24,3,'2023-05-23'),(25,40,'2023-02-26'),(26,43,'2023-05-14'),(27,46,'2022-11-08'),(28,2,'2022-06-10'),(29,4,'2023-10-03'),(30,16,'2023-10-15'),(31,12,'2024-01-20'),(32,8,'2024-01-25'),(33,44,'2023-06-04'),(34,35,'2022-06-19'),(35,1,'2022-08-05'),(36,35,'2023-10-13'),(37,12,'2022-12-03'),(38,42,'2024-01-25'),(39,10,'2023-01-27'),(40,21,'2022-12-05'),(41,33,'2022-07-27'),(42,43,'2023-01-27'),(43,29,'2023-09-13'),(44,11,'2022-11-04'),(45,25,'2024-01-17'),(46,5,'2023-09-10'),(47,24,'2022-08-28'),(48,28,'2023-12-18'),(49,23,'2022-04-24'),(50,31,'2022-10-03'),(51,29,'2023-03-05'),(52,42,'2023-05-04'),(53,35,'2023-08-11'),(54,13,'2023-06-15'),(55,9,'2022-11-27'),(56,26,'2023-02-08'),(57,34,'2022-07-01'),(58,48,'2023-09-10'),(59,26,'2022-07-13'),(60,40,'2022-10-07'),(61,29,'2023-07-12'),(62,41,'2022-09-26'),(63,21,'2023-08-01'),(64,48,'2022-11-15'),(65,34,'2024-01-26'),(66,6,'2023-05-20'),(67,46,'2023-07-11'),(68,50,'2022-02-19'),(69,23,'2022-12-20'),(70,49,'2023-05-23'),(71,8,'2024-01-08'),(72,36,'2023-08-10'),(73,27,'2022-08-30'),(74,26,'2023-08-18'),(75,20,'2022-08-27'),(76,9,'2023-03-13'),(77,41,'2022-06-07'),(78,11,'2022-03-09'),(79,26,'2022-04-27'),(80,9,'2022-05-22'),(81,21,'2023-09-18'),(82,20,'2022-05-29'),(83,5,'2023-05-05'),(84,15,'2023-08-04'),(85,9,'2023-01-19'),(86,34,'2022-12-24'),(87,26,'2022-08-07'),(88,40,'2023-04-23'),(89,20,'2023-01-25'),(90,40,'2022-07-24'),(91,10,'2023-04-02'),(92,12,'2023-03-22'),(93,24,'2023-04-27'),(94,49,'2023-02-17'),(95,26,'2023-02-18'),(96,37,'2023-01-02'),(97,31,'2023-11-07'),(98,45,'2023-02-25'),(99,4,'2023-06-05'),(100,44,'2023-07-20'),(101,44,'2023-11-24'),(102,17,'2023-07-11'),(103,42,'2023-06-28'),(104,42,'2023-06-09'),(105,33,'2023-12-04'),(106,44,'2023-07-16'),(107,12,'2022-12-10'),(108,27,'2023-05-19'),(109,28,'2022-12-16'),(110,19,'2022-10-07'),(111,9,'2023-05-02'),(112,38,'2023-10-28'),(113,24,'2023-04-30'),(114,41,'2023-03-06'),(115,22,'2023-06-14'),(116,39,'2023-10-03'),(117,44,'2022-09-12'),(118,48,'2023-10-07'),(119,32,'2022-09-30'),(120,8,'2023-06-05'),(121,5,'2023-08-29'),(122,11,'2022-11-28'),(123,47,'2023-11-07'),(124,6,'2022-05-07'),(125,31,'2023-09-19'),(126,8,'2023-03-04'),(127,8,'2023-08-28'),(128,7,'2023-04-06'),(129,24,'2022-04-29'),(130,30,'2023-01-25'),(131,34,'2023-10-20'),(132,21,'2023-02-07'),(133,33,'2022-05-05'),(134,35,'2024-01-08'),(135,24,'2023-03-27'),(136,49,'2023-05-20'),(137,48,'2023-12-25'),(138,48,'2023-12-08'),(139,32,'2023-08-30'),(140,25,'2023-12-07'),(141,8,'2022-02-22'),(142,44,'2023-08-10'),(143,40,'2023-11-16'),(144,46,'2022-09-12'),(145,14,'2022-11-14'),(146,9,'2022-03-02'),(147,41,'2022-06-27'),(148,39,'2022-12-26'),(149,16,'2022-10-28'),(150,19,'2022-11-11'),(151,44,'2023-12-24'),(152,43,'2022-02-18'),(153,39,'2024-01-05'),(154,27,'2023-04-20'),(155,1,'2022-11-06'),(156,37,'2022-12-04'),(157,8,'2023-02-08'),(158,38,'2023-12-26'),(159,8,'2022-09-17'),(160,20,'2023-01-13'),(161,19,'2023-02-24'),(162,29,'2023-10-27'),(163,30,'2022-08-09'),(164,45,'2023-02-20'),(165,4,'2023-08-05'),(166,7,'2022-09-10'),(167,38,'2023-11-22'),(168,11,'2023-10-16'),(169,48,'2023-10-21'),(170,25,'2023-01-05'),(171,10,'2022-04-04'),(172,8,'2023-07-18'),(173,29,'2022-11-19'),(174,46,'2023-01-08'),(175,5,'2023-10-24'),(176,10,'2023-01-03'),(177,9,'2023-03-24'),(178,32,'2023-12-17'),(179,27,'2023-10-19'),(180,50,'2022-07-31'),(181,40,'2023-04-02'),(182,15,'2022-05-03'),(183,48,'2022-07-21'),(184,35,'2022-12-10'),(185,20,'2022-10-21'),(186,8,'2022-12-20'),(187,9,'2022-08-07'),(188,26,'2022-08-09'),(189,17,'2023-07-17'),(190,8,'2022-04-02'),(191,17,'2022-06-21'),(192,10,'2023-09-07'),(193,9,'2023-09-20'),(194,5,'2023-09-05'),(195,16,'2023-03-06'),(196,35,'2022-02-15'),(197,17,'2023-06-09'),(198,45,'2022-03-05'),(199,41,'2022-11-12'),(200,32,'2023-01-15');
/*!40000 ALTER TABLE `avatar_casa` ENABLE KEYS */;
UNLOCK TABLES;

--
-- Table structure for table `avatar_objeto`
--

DROP TABLE IF EXISTS `avatar_objeto`;
/*!40101 SET @saved_cs_client     = @@character_set_client */;
/*!40101 SET character_set_client = utf8 */;
CREATE TABLE `avatar_objeto` (
  `id_avatar` int(10) unsigned NOT NULL,
  `id_objeto` int(10) unsigned NOT NULL,
  `fecha_adquisicion` date NOT NULL,
  PRIMARY KEY (`id_avatar`,`id_objeto`),
  KEY `id_objeto` (`id_objeto`),
  CONSTRAINT `avatar_objeto_ibfk_1` FOREIGN KEY (`id_avatar`) REFERENCES `avatar` (`ID`),
  CONSTRAINT `avatar_objeto_ibfk_2` FOREIGN KEY (`id_objeto`) REFERENCES `objeto` (`ID`)
) ENGINE=InnoDB DEFAULT CHARSET=latin1 COLLATE=latin1_swedish_ci;
/*!40101 SET character_set_client = @saved_cs_client */;

--
-- Dumping data for table `avatar_objeto`
--

LOCK TABLES `avatar_objeto` WRITE;
/*!40000 ALTER TABLE `avatar_objeto` DISABLE KEYS */;
INSERT INTO `avatar_objeto` VALUES (1,34,'0000-00-00'),(1,346,'0000-00-00'),(1,470,'0000-00-00'),(1,860,'0000-00-00'),(1,890,'0000-00-00'),(1,992,'0000-00-00'),(1,995,'0000-00-00'),(2,378,'0000-00-00'),(2,407,'0000-00-00'),(2,707,'0000-00-00'),(2,996,'0000-00-00'),(3,316,'0000-00-00'),(3,502,'0000-00-00'),(3,653,'0000-00-00'),(3,697,'0000-00-00'),(3,703,'0000-00-00'),(3,860,'0000-00-00'),(4,56,'0000-00-00'),(4,381,'0000-00-00'),(5,149,'0000-00-00'),(5,367,'0000-00-00'),(5,428,'0000-00-00'),(5,497,'0000-00-00'),(5,505,'0000-00-00'),(5,602,'0000-00-00'),(5,628,'0000-00-00'),(5,740,'0000-00-00'),(5,817,'0000-00-00'),(5,885,'0000-00-00'),(5,953,'0000-00-00'),(6,336,'0000-00-00'),(6,467,'0000-00-00'),(7,36,'0000-00-00'),(7,157,'0000-00-00'),(7,464,'0000-00-00'),(7,621,'0000-00-00'),(7,690,'0000-00-00'),(7,982,'0000-00-00'),(8,612,'0000-00-00'),(8,648,'0000-00-00'),(8,738,'0000-00-00'),(8,908,'0000-00-00'),(9,321,'0000-00-00'),(9,478,'0000-00-00'),(9,485,'0000-00-00'),(9,557,'0000-00-00'),(9,675,'0000-00-00'),(9,861,'0000-00-00'),(10,42,'0000-00-00'),(10,283,'0000-00-00'),(10,492,'0000-00-00'),(10,521,'0000-00-00'),(10,677,'0000-00-00'),(10,828,'0000-00-00'),(11,110,'0000-00-00'),(11,609,'0000-00-00'),(11,878,'0000-00-00'),(11,953,'0000-00-00'),(12,159,'0000-00-00'),(12,545,'0000-00-00'),(12,589,'0000-00-00'),(12,907,'0000-00-00'),(13,28,'0000-00-00'),(13,48,'0000-00-00'),(13,56,'0000-00-00'),(13,191,'0000-00-00'),(13,267,'0000-00-00'),(13,405,'0000-00-00'),(13,460,'0000-00-00'),(13,634,'0000-00-00'),(13,636,'0000-00-00'),(13,755,'0000-00-00'),(13,928,'0000-00-00'),(13,963,'0000-00-00'),(14,107,'0000-00-00'),(14,276,'0000-00-00'),(14,475,'0000-00-00'),(14,631,'0000-00-00'),(14,690,'0000-00-00'),(14,793,'0000-00-00'),(14,952,'0000-00-00'),(15,292,'0000-00-00'),(15,907,'0000-00-00'),(16,30,'0000-00-00'),(16,87,'0000-00-00'),(16,149,'0000-00-00'),(16,462,'0000-00-00'),(16,472,'0000-00-00'),(16,715,'0000-00-00'),(16,921,'0000-00-00'),(17,285,'0000-00-00'),(17,325,'0000-00-00'),(17,378,'0000-00-00'),(17,885,'0000-00-00'),(17,895,'0000-00-00'),(18,38,'0000-00-00'),(18,57,'0000-00-00'),(18,597,'0000-00-00'),(18,630,'0000-00-00'),(18,952,'0000-00-00'),(18,991,'0000-00-00'),(19,15,'0000-00-00'),(19,322,'0000-00-00'),(19,417,'0000-00-00'),(19,606,'0000-00-00'),(19,902,'0000-00-00'),(20,243,'0000-00-00'),(21,22,'0000-00-00'),(21,363,'0000-00-00'),(21,489,'0000-00-00'),(21,543,'0000-00-00'),(21,902,'0000-00-00'),(22,69,'0000-00-00'),(22,75,'0000-00-00'),(22,382,'0000-00-00'),(22,396,'0000-00-00'),(22,472,'0000-00-00'),(22,719,'0000-00-00'),(22,767,'0000-00-00'),(22,849,'0000-00-00'),(23,90,'0000-00-00'),(23,118,'0000-00-00'),(23,196,'0000-00-00'),(23,335,'0000-00-00'),(23,600,'0000-00-00'),(23,675,'0000-00-00'),(23,697,'0000-00-00'),(23,818,'0000-00-00'),(23,876,'0000-00-00'),(24,200,'0000-00-00'),(24,250,'0000-00-00'),(24,298,'0000-00-00'),(24,756,'0000-00-00'),(25,4,'0000-00-00'),(25,114,'0000-00-00'),(25,183,'0000-00-00'),(25,390,'0000-00-00'),(25,595,'0000-00-00'),(25,609,'0000-00-00'),(25,646,'0000-00-00'),(25,790,'0000-00-00'),(26,292,'0000-00-00'),(26,559,'0000-00-00'),(26,607,'0000-00-00'),(26,610,'0000-00-00'),(26,693,'0000-00-00'),(26,921,'0000-00-00'),(27,235,'0000-00-00'),(27,429,'0000-00-00'),(27,461,'0000-00-00'),(27,507,'0000-00-00'),(27,587,'0000-00-00'),(27,721,'0000-00-00'),(27,820,'0000-00-00'),(27,931,'0000-00-00'),(28,6,'0000-00-00'),(28,429,'0000-00-00'),(28,519,'0000-00-00'),(28,692,'0000-00-00'),(29,199,'0000-00-00'),(29,427,'0000-00-00'),(29,557,'0000-00-00'),(29,871,'0000-00-00'),(30,2,'0000-00-00'),(30,386,'0000-00-00'),(30,662,'0000-00-00'),(30,799,'0000-00-00'),(30,888,'0000-00-00'),(31,242,'0000-00-00'),(31,306,'0000-00-00'),(31,572,'0000-00-00'),(31,755,'0000-00-00'),(31,764,'0000-00-00'),(31,805,'0000-00-00'),(31,914,'0000-00-00'),(31,926,'0000-00-00'),(32,51,'0000-00-00'),(32,162,'0000-00-00'),(32,170,'0000-00-00'),(32,211,'0000-00-00'),(32,305,'0000-00-00'),(32,408,'0000-00-00'),(32,585,'0000-00-00'),(32,645,'0000-00-00'),(33,108,'0000-00-00'),(33,114,'0000-00-00'),(33,176,'0000-00-00'),(33,304,'0000-00-00'),(33,542,'0000-00-00'),(33,630,'0000-00-00'),(33,650,'0000-00-00'),(34,111,'0000-00-00'),(34,152,'0000-00-00'),(34,299,'0000-00-00'),(34,345,'0000-00-00'),(34,424,'0000-00-00'),(34,939,'0000-00-00'),(35,29,'0000-00-00'),(35,102,'0000-00-00'),(35,271,'0000-00-00'),(35,326,'0000-00-00'),(35,473,'0000-00-00'),(35,527,'0000-00-00'),(35,698,'0000-00-00'),(35,936,'0000-00-00'),(36,82,'0000-00-00'),(36,467,'0000-00-00'),(36,688,'0000-00-00'),(36,814,'0000-00-00'),(36,952,'0000-00-00'),(37,54,'0000-00-00'),(37,345,'0000-00-00'),(37,462,'0000-00-00'),(37,507,'0000-00-00'),(37,562,'0000-00-00'),(37,572,'0000-00-00'),(38,24,'0000-00-00'),(38,48,'0000-00-00'),(38,102,'0000-00-00'),(38,332,'0000-00-00'),(38,403,'0000-00-00'),(38,405,'0000-00-00'),(38,497,'0000-00-00'),(38,936,'0000-00-00'),(39,255,'0000-00-00'),(39,365,'0000-00-00'),(39,382,'0000-00-00'),(39,525,'0000-00-00'),(39,550,'0000-00-00'),(39,629,'0000-00-00'),(40,60,'0000-00-00'),(40,261,'0000-00-00'),(40,291,'0000-00-00'),(40,432,'0000-00-00'),(40,621,'0000-00-00'),(40,752,'0000-00-00'),(40,824,'0000-00-00'),(41,48,'0000-00-00'),(41,62,'0000-00-00'),(41,787,'0000-00-00'),(41,883,'0000-00-00'),(41,896,'0000-00-00'),(42,22,'0000-00-00'),(42,100,'0000-00-00'),(42,328,'0000-00-00'),(42,594,'0000-00-00'),(42,756,'0000-00-00'),(42,838,'0000-00-00'),(43,363,'0000-00-00'),(43,677,'0000-00-00'),(43,681,'0000-00-00'),(43,771,'0000-00-00'),(43,826,'0000-00-00'),(44,254,'0000-00-00'),(44,493,'0000-00-00'),(44,750,'0000-00-00'),(44,774,'0000-00-00'),(44,829,'0000-00-00'),(45,53,'0000-00-00'),(45,338,'0000-00-00'),(45,510,'0000-00-00'),(45,593,'0000-00-00'),(45,970,'0000-00-00'),(46,537,'0000-00-00'),(46,666,'0000-00-00'),(46,873,'0000-00-00'),(46,959,'0000-00-00'),(46,991,'0000-00-00'),(47,402,'0000-00-00'),(47,644,'0000-00-00'),(47,755,'0000-00-00'),(47,792,'0000-00-00'),(48,6,'0000-00-00'),(48,73,'0000-00-00'),(48,147,'0000-00-00'),(48,411,'0000-00-00'),(48,476,'0000-00-00'),(48,578,'0000-00-00'),(48,785,'0000-00-00'),(48,822,'0000-00-00'),(48,839,'0000-00-00'),(49,229,'0000-00-00'),(49,646,'0000-00-00'),(49,860,'0000-00-00'),(50,149,'0000-00-00'),(50,179,'0000-00-00'),(50,219,'0000-00-00'),(50,293,'0000-00-00'),(50,556,'0000-00-00'),(50,608,'0000-00-00'),(50,650,'0000-00-00'),(50,707,'0000-00-00'),(51,39,'0000-00-00'),(51,381,'0000-00-00'),(51,424,'0000-00-00'),(51,914,'0000-00-00'),(52,136,'0000-00-00'),(52,279,'0000-00-00'),(52,421,'0000-00-00'),(52,974,'0000-00-00'),(53,50,'0000-00-00'),(53,389,'0000-00-00'),(53,593,'0000-00-00'),(53,886,'0000-00-00'),(54,596,'0000-00-00'),(54,907,'0000-00-00'),(54,988,'0000-00-00'),(55,284,'0000-00-00'),(55,388,'0000-00-00'),(55,519,'0000-00-00'),(55,872,'0000-00-00'),(56,17,'0000-00-00'),(56,383,'0000-00-00'),(56,627,'0000-00-00'),(56,748,'0000-00-00'),(56,800,'0000-00-00'),(56,902,'0000-00-00'),(56,983,'0000-00-00'),(57,120,'0000-00-00'),(57,259,'0000-00-00'),(57,264,'0000-00-00'),(57,376,'0000-00-00'),(57,815,'0000-00-00'),(57,842,'0000-00-00'),(57,973,'0000-00-00'),(58,456,'0000-00-00'),(58,521,'0000-00-00'),(58,646,'0000-00-00'),(58,669,'0000-00-00'),(58,780,'0000-00-00'),(58,958,'0000-00-00'),(59,188,'0000-00-00'),(59,456,'0000-00-00'),(59,477,'0000-00-00'),(59,548,'0000-00-00'),(59,633,'0000-00-00'),(59,668,'0000-00-00'),(59,816,'0000-00-00'),(60,307,'0000-00-00'),(60,335,'0000-00-00'),(60,625,'0000-00-00'),(61,276,'0000-00-00'),(61,295,'0000-00-00'),(61,332,'0000-00-00'),(61,708,'0000-00-00'),(61,813,'0000-00-00'),(61,877,'0000-00-00'),(62,50,'0000-00-00'),(62,217,'0000-00-00'),(62,365,'0000-00-00'),(62,970,'0000-00-00'),(63,342,'0000-00-00'),(63,709,'0000-00-00'),(63,724,'0000-00-00'),(63,796,'0000-00-00'),(63,812,'0000-00-00'),(64,74,'0000-00-00'),(64,421,'0000-00-00'),(64,478,'0000-00-00'),(64,520,'0000-00-00'),(64,564,'0000-00-00'),(65,415,'0000-00-00'),(65,518,'0000-00-00'),(65,649,'0000-00-00'),(65,797,'0000-00-00'),(65,846,'0000-00-00'),(65,915,'0000-00-00'),(66,205,'0000-00-00'),(66,263,'0000-00-00'),(66,393,'0000-00-00'),(66,431,'0000-00-00'),(66,522,'0000-00-00'),(66,728,'0000-00-00'),(66,875,'0000-00-00'),(67,430,'0000-00-00'),(68,152,'0000-00-00'),(68,220,'0000-00-00'),(68,611,'0000-00-00'),(68,784,'0000-00-00'),(68,806,'0000-00-00'),(68,847,'0000-00-00'),(69,69,'0000-00-00'),(69,262,'0000-00-00'),(69,602,'0000-00-00'),(69,806,'0000-00-00'),(69,909,'0000-00-00'),(70,55,'0000-00-00'),(70,124,'0000-00-00'),(70,201,'0000-00-00'),(70,421,'0000-00-00'),(70,622,'0000-00-00'),(70,628,'0000-00-00'),(70,912,'0000-00-00'),(70,916,'0000-00-00'),(70,994,'0000-00-00'),(71,36,'0000-00-00'),(71,43,'0000-00-00'),(71,133,'0000-00-00'),(71,160,'0000-00-00'),(71,332,'0000-00-00'),(71,512,'0000-00-00'),(71,571,'0000-00-00'),(71,648,'0000-00-00'),(71,729,'0000-00-00'),(71,770,'0000-00-00'),(72,250,'0000-00-00'),(72,538,'0000-00-00'),(72,860,'0000-00-00'),(72,981,'0000-00-00'),(73,202,'0000-00-00'),(73,577,'0000-00-00'),(73,848,'0000-00-00'),(73,854,'0000-00-00'),(73,857,'0000-00-00'),(73,918,'0000-00-00'),(74,45,'0000-00-00'),(74,335,'0000-00-00'),(74,665,'0000-00-00'),(74,940,'0000-00-00'),(74,959,'0000-00-00'),(76,108,'0000-00-00'),(76,429,'0000-00-00'),(76,701,'0000-00-00'),(77,258,'0000-00-00'),(77,471,'0000-00-00'),(77,567,'0000-00-00'),(77,688,'0000-00-00'),(77,993,'0000-00-00'),(78,214,'0000-00-00'),(78,260,'0000-00-00'),(78,641,'0000-00-00'),(79,287,'0000-00-00'),(80,262,'0000-00-00'),(80,313,'0000-00-00'),(80,543,'0000-00-00'),(80,570,'0000-00-00'),(80,601,'0000-00-00'),(80,622,'0000-00-00'),(80,648,'0000-00-00'),(80,774,'0000-00-00'),(80,787,'0000-00-00'),(80,805,'0000-00-00'),(81,185,'0000-00-00'),(81,248,'0000-00-00'),(81,349,'0000-00-00'),(81,454,'0000-00-00'),(81,642,'0000-00-00'),(81,733,'0000-00-00'),(81,787,'0000-00-00'),(82,68,'0000-00-00'),(82,251,'0000-00-00'),(82,385,'0000-00-00'),(82,418,'0000-00-00'),(82,657,'0000-00-00'),(83,20,'0000-00-00'),(83,393,'0000-00-00'),(83,434,'0000-00-00'),(83,852,'0000-00-00'),(84,41,'0000-00-00'),(84,65,'0000-00-00'),(84,120,'0000-00-00'),(84,251,'0000-00-00'),(84,321,'0000-00-00'),(84,332,'0000-00-00'),(84,389,'0000-00-00'),(84,470,'0000-00-00'),(84,737,'0000-00-00'),(84,803,'0000-00-00'),(84,894,'0000-00-00'),(85,89,'0000-00-00'),(85,260,'0000-00-00'),(85,376,'0000-00-00'),(85,554,'0000-00-00'),(85,770,'0000-00-00'),(85,887,'0000-00-00'),(86,84,'0000-00-00'),(86,443,'0000-00-00'),(86,448,'0000-00-00'),(86,476,'0000-00-00'),(86,657,'0000-00-00'),(86,664,'0000-00-00'),(86,780,'0000-00-00'),(86,936,'0000-00-00'),(87,102,'0000-00-00'),(87,103,'0000-00-00'),(87,118,'0000-00-00'),(87,135,'0000-00-00'),(87,272,'0000-00-00'),(87,344,'0000-00-00'),(87,439,'0000-00-00'),(87,598,'0000-00-00'),(87,710,'0000-00-00'),(87,793,'0000-00-00'),(88,160,'0000-00-00'),(88,161,'0000-00-00'),(88,455,'0000-00-00'),(88,691,'0000-00-00'),(89,555,'0000-00-00'),(89,599,'0000-00-00'),(89,890,'0000-00-00'),(89,995,'0000-00-00'),(90,127,'0000-00-00'),(90,135,'0000-00-00'),(90,367,'0000-00-00'),(90,808,'0000-00-00'),(90,880,'0000-00-00'),(91,243,'0000-00-00'),(91,467,'0000-00-00'),(91,542,'0000-00-00'),(91,750,'0000-00-00'),(92,328,'0000-00-00'),(92,474,'0000-00-00'),(92,700,'0000-00-00'),(92,858,'0000-00-00'),(92,927,'0000-00-00'),(93,68,'0000-00-00'),(93,741,'0000-00-00'),(94,17,'0000-00-00'),(94,136,'0000-00-00'),(94,404,'0000-00-00'),(94,752,'0000-00-00'),(94,961,'0000-00-00'),(95,153,'0000-00-00'),(95,213,'0000-00-00'),(95,448,'0000-00-00'),(95,479,'0000-00-00'),(95,602,'0000-00-00'),(95,662,'0000-00-00'),(95,814,'0000-00-00'),(95,936,'0000-00-00'),(96,175,'0000-00-00'),(96,325,'0000-00-00'),(96,438,'0000-00-00'),(96,457,'0000-00-00'),(96,729,'0000-00-00'),(97,6,'0000-00-00'),(97,8,'0000-00-00'),(97,461,'0000-00-00'),(97,741,'0000-00-00'),(97,943,'0000-00-00'),(97,951,'0000-00-00'),(97,972,'0000-00-00'),(98,214,'0000-00-00'),(98,289,'0000-00-00'),(98,323,'0000-00-00'),(98,346,'0000-00-00'),(98,448,'0000-00-00'),(99,10,'0000-00-00'),(99,293,'0000-00-00'),(99,418,'0000-00-00'),(99,966,'0000-00-00'),(100,37,'0000-00-00'),(100,199,'0000-00-00'),(100,369,'0000-00-00'),(100,421,'0000-00-00'),(100,462,'0000-00-00'),(100,494,'0000-00-00'),(100,904,'0000-00-00'),(101,76,'0000-00-00'),(101,289,'0000-00-00'),(101,362,'0000-00-00'),(101,536,'0000-00-00'),(101,795,'0000-00-00'),(101,933,'0000-00-00'),(102,44,'0000-00-00'),(102,85,'0000-00-00'),(102,373,'0000-00-00'),(102,859,'0000-00-00'),(102,915,'0000-00-00'),(103,362,'0000-00-00'),(103,496,'0000-00-00'),(103,504,'0000-00-00'),(103,543,'0000-00-00'),(103,929,'0000-00-00'),(104,543,'0000-00-00'),(105,274,'0000-00-00'),(105,287,'0000-00-00'),(105,296,'0000-00-00'),(105,336,'0000-00-00'),(105,727,'0000-00-00'),(105,763,'0000-00-00'),(106,80,'0000-00-00'),(106,269,'0000-00-00'),(106,407,'0000-00-00'),(106,632,'0000-00-00'),(106,724,'0000-00-00'),(106,747,'0000-00-00'),(106,752,'0000-00-00'),(107,88,'0000-00-00'),(107,365,'0000-00-00'),(107,453,'0000-00-00'),(107,850,'0000-00-00'),(108,126,'0000-00-00'),(108,273,'0000-00-00'),(108,297,'0000-00-00'),(108,578,'0000-00-00'),(108,682,'0000-00-00'),(108,736,'0000-00-00'),(108,760,'0000-00-00'),(108,815,'0000-00-00'),(108,895,'0000-00-00'),(108,987,'0000-00-00'),(109,69,'0000-00-00'),(109,86,'0000-00-00'),(109,210,'0000-00-00'),(109,577,'0000-00-00'),(109,655,'0000-00-00'),(110,531,'0000-00-00'),(110,566,'0000-00-00'),(110,826,'0000-00-00'),(110,873,'0000-00-00'),(111,257,'0000-00-00'),(111,458,'0000-00-00'),(111,509,'0000-00-00'),(111,616,'0000-00-00'),(111,868,'0000-00-00'),(112,119,'0000-00-00'),(112,380,'0000-00-00'),(112,435,'0000-00-00'),(112,439,'0000-00-00'),(112,682,'0000-00-00'),(112,872,'0000-00-00'),(113,273,'0000-00-00'),(113,395,'0000-00-00'),(113,740,'0000-00-00'),(113,754,'0000-00-00'),(113,828,'0000-00-00'),(114,49,'0000-00-00'),(114,145,'0000-00-00'),(114,535,'0000-00-00'),(114,666,'0000-00-00'),(114,834,'0000-00-00'),(114,919,'0000-00-00'),(115,195,'0000-00-00'),(115,266,'0000-00-00'),(115,644,'0000-00-00'),(115,728,'0000-00-00'),(115,786,'0000-00-00'),(115,955,'0000-00-00'),(115,988,'0000-00-00'),(116,73,'0000-00-00'),(116,225,'0000-00-00'),(116,386,'0000-00-00'),(116,556,'0000-00-00'),(116,746,'0000-00-00'),(116,769,'0000-00-00'),(116,836,'0000-00-00'),(117,271,'0000-00-00'),(117,324,'0000-00-00'),(117,393,'0000-00-00'),(117,440,'0000-00-00'),(117,441,'0000-00-00'),(117,499,'0000-00-00'),(117,571,'0000-00-00'),(117,757,'0000-00-00'),(117,999,'0000-00-00'),(118,153,'0000-00-00'),(118,269,'0000-00-00'),(118,439,'0000-00-00'),(118,559,'0000-00-00'),(118,705,'0000-00-00'),(118,710,'0000-00-00'),(119,10,'0000-00-00'),(119,267,'0000-00-00'),(119,433,'0000-00-00'),(119,461,'0000-00-00'),(119,755,'0000-00-00'),(119,788,'0000-00-00'),(119,832,'0000-00-00'),(119,906,'0000-00-00'),(120,3,'0000-00-00'),(120,269,'0000-00-00'),(120,443,'0000-00-00'),(120,462,'0000-00-00'),(120,503,'0000-00-00'),(120,782,'0000-00-00'),(121,295,'0000-00-00'),(121,543,'0000-00-00'),(121,674,'0000-00-00'),(121,823,'0000-00-00'),(122,196,'0000-00-00'),(123,9,'0000-00-00'),(123,391,'0000-00-00'),(123,526,'0000-00-00'),(123,633,'0000-00-00'),(123,762,'0000-00-00'),(123,783,'0000-00-00'),(123,818,'0000-00-00'),(123,998,'0000-00-00'),(124,216,'0000-00-00'),(124,561,'0000-00-00'),(124,595,'0000-00-00'),(125,158,'0000-00-00'),(125,678,'0000-00-00'),(125,756,'0000-00-00'),(125,819,'0000-00-00'),(126,131,'0000-00-00'),(126,672,'0000-00-00'),(126,726,'0000-00-00'),(126,883,'0000-00-00'),(126,969,'0000-00-00'),(127,138,'0000-00-00'),(127,201,'0000-00-00'),(127,600,'0000-00-00'),(127,676,'0000-00-00'),(127,813,'0000-00-00'),(127,933,'0000-00-00'),(128,424,'0000-00-00'),(128,483,'0000-00-00'),(128,569,'0000-00-00'),(128,590,'0000-00-00'),(128,692,'0000-00-00'),(128,777,'0000-00-00'),(128,893,'0000-00-00'),(128,903,'0000-00-00'),(129,25,'0000-00-00'),(129,373,'0000-00-00'),(129,470,'0000-00-00'),(129,571,'0000-00-00'),(129,586,'0000-00-00'),(129,718,'0000-00-00'),(129,886,'0000-00-00'),(130,613,'0000-00-00'),(130,930,'0000-00-00'),(131,174,'0000-00-00'),(131,176,'0000-00-00'),(131,413,'0000-00-00'),(131,612,'0000-00-00'),(131,714,'0000-00-00'),(132,87,'0000-00-00'),(132,137,'0000-00-00'),(132,209,'0000-00-00'),(132,324,'0000-00-00'),(132,940,'0000-00-00'),(133,822,'0000-00-00'),(133,859,'0000-00-00'),(133,915,'0000-00-00'),(133,923,'0000-00-00'),(134,302,'0000-00-00'),(134,511,'0000-00-00'),(134,721,'0000-00-00'),(135,60,'0000-00-00'),(135,208,'0000-00-00'),(135,646,'0000-00-00'),(135,697,'0000-00-00'),(136,180,'0000-00-00'),(136,571,'0000-00-00'),(136,613,'0000-00-00'),(136,695,'0000-00-00'),(136,851,'0000-00-00'),(136,853,'0000-00-00'),(136,950,'0000-00-00'),(137,169,'0000-00-00'),(137,228,'0000-00-00'),(137,331,'0000-00-00'),(137,347,'0000-00-00'),(137,462,'0000-00-00'),(137,556,'0000-00-00'),(137,790,'0000-00-00'),(137,972,'0000-00-00'),(138,84,'0000-00-00'),(138,364,'0000-00-00'),(138,553,'0000-00-00'),(138,602,'0000-00-00'),(138,762,'0000-00-00'),(139,268,'0000-00-00'),(139,279,'0000-00-00'),(139,324,'0000-00-00'),(139,886,'0000-00-00'),(139,995,'0000-00-00'),(140,78,'0000-00-00'),(140,258,'0000-00-00'),(140,562,'0000-00-00'),(140,920,'0000-00-00'),(141,8,'0000-00-00'),(141,148,'0000-00-00'),(141,351,'0000-00-00'),(141,597,'0000-00-00'),(141,772,'0000-00-00'),(141,922,'0000-00-00'),(142,54,'0000-00-00'),(142,294,'0000-00-00'),(142,380,'0000-00-00'),(142,421,'0000-00-00'),(142,569,'0000-00-00'),(143,373,'0000-00-00'),(143,483,'0000-00-00'),(143,810,'0000-00-00'),(143,899,'0000-00-00'),(144,230,'0000-00-00'),(144,241,'0000-00-00'),(144,322,'0000-00-00'),(144,435,'0000-00-00'),(144,455,'0000-00-00'),(144,488,'0000-00-00'),(144,559,'0000-00-00'),(144,675,'0000-00-00'),(144,732,'0000-00-00'),(145,288,'0000-00-00'),(145,323,'0000-00-00'),(145,456,'0000-00-00'),(145,726,'0000-00-00'),(146,373,'0000-00-00'),(146,501,'0000-00-00'),(147,171,'0000-00-00'),(147,215,'0000-00-00'),(147,220,'0000-00-00'),(147,273,'0000-00-00'),(147,344,'0000-00-00'),(147,356,'0000-00-00'),(147,730,'0000-00-00'),(147,781,'0000-00-00'),(147,898,'0000-00-00'),(148,130,'0000-00-00'),(148,178,'0000-00-00'),(148,180,'0000-00-00'),(148,222,'0000-00-00'),(148,251,'0000-00-00'),(148,305,'0000-00-00'),(148,548,'0000-00-00'),(148,872,'0000-00-00'),(148,940,'0000-00-00'),(149,210,'0000-00-00'),(149,268,'0000-00-00'),(149,322,'0000-00-00'),(149,467,'0000-00-00'),(149,693,'0000-00-00'),(149,760,'0000-00-00'),(149,792,'0000-00-00'),(150,489,'0000-00-00'),(150,501,'0000-00-00'),(150,519,'0000-00-00'),(150,542,'0000-00-00'),(150,656,'0000-00-00'),(150,918,'0000-00-00'),(151,195,'0000-00-00'),(152,2,'0000-00-00'),(152,680,'0000-00-00'),(153,47,'0000-00-00'),(153,273,'0000-00-00'),(153,785,'0000-00-00'),(153,967,'0000-00-00'),(154,186,'0000-00-00'),(154,423,'0000-00-00'),(154,447,'0000-00-00'),(154,658,'0000-00-00'),(154,836,'0000-00-00'),(154,945,'0000-00-00'),(155,680,'0000-00-00'),(155,895,'0000-00-00'),(156,326,'0000-00-00'),(156,421,'0000-00-00'),(156,493,'0000-00-00'),(156,562,'0000-00-00'),(156,571,'0000-00-00'),(156,950,'0000-00-00'),(157,48,'0000-00-00'),(157,314,'0000-00-00'),(157,646,'0000-00-00'),(157,933,'0000-00-00'),(158,101,'0000-00-00'),(158,110,'0000-00-00'),(158,177,'0000-00-00'),(158,313,'0000-00-00'),(158,381,'0000-00-00'),(158,780,'0000-00-00'),(159,380,'0000-00-00'),(159,536,'0000-00-00'),(159,558,'0000-00-00'),(159,858,'0000-00-00'),(160,303,'0000-00-00'),(160,330,'0000-00-00'),(160,678,'0000-00-00'),(160,714,'0000-00-00'),(160,928,'0000-00-00'),(161,578,'0000-00-00'),(161,814,'0000-00-00'),(161,951,'0000-00-00'),(162,401,'0000-00-00'),(163,366,'0000-00-00'),(164,76,'0000-00-00'),(164,90,'0000-00-00'),(164,154,'0000-00-00'),(164,281,'0000-00-00'),(164,302,'0000-00-00'),(164,320,'0000-00-00'),(164,721,'0000-00-00'),(165,45,'0000-00-00'),(165,61,'0000-00-00'),(165,422,'0000-00-00'),(165,649,'0000-00-00'),(165,857,'0000-00-00'),(165,869,'0000-00-00'),(165,955,'0000-00-00'),(166,15,'0000-00-00'),(166,257,'0000-00-00'),(166,410,'0000-00-00'),(166,506,'0000-00-00'),(166,524,'0000-00-00'),(166,998,'0000-00-00'),(167,228,'0000-00-00'),(167,317,'0000-00-00'),(167,450,'0000-00-00'),(167,918,'0000-00-00'),(168,63,'0000-00-00'),(168,197,'0000-00-00'),(168,208,'0000-00-00'),(168,622,'0000-00-00'),(168,781,'0000-00-00'),(169,415,'0000-00-00'),(169,854,'0000-00-00'),(170,123,'0000-00-00'),(170,172,'0000-00-00'),(170,318,'0000-00-00'),(170,650,'0000-00-00'),(170,841,'0000-00-00'),(170,959,'0000-00-00'),(171,488,'0000-00-00'),(171,668,'0000-00-00'),(171,733,'0000-00-00'),(171,944,'0000-00-00'),(172,150,'0000-00-00'),(172,163,'0000-00-00'),(172,554,'0000-00-00'),(172,560,'0000-00-00'),(172,668,'0000-00-00'),(172,794,'0000-00-00'),(172,939,'0000-00-00'),(173,327,'0000-00-00'),(173,554,'0000-00-00'),(173,556,'0000-00-00'),(173,657,'0000-00-00'),(173,673,'0000-00-00'),(173,838,'0000-00-00'),(174,124,'0000-00-00'),(174,607,'0000-00-00'),(174,639,'0000-00-00'),(174,653,'0000-00-00'),(174,926,'0000-00-00'),(174,958,'0000-00-00'),(174,1000,'0000-00-00'),(175,105,'0000-00-00'),(175,374,'0000-00-00'),(175,538,'0000-00-00'),(175,705,'0000-00-00'),(175,952,'0000-00-00'),(175,989,'0000-00-00'),(176,192,'0000-00-00'),(176,198,'0000-00-00'),(176,259,'0000-00-00'),(176,376,'0000-00-00'),(176,752,'0000-00-00'),(176,828,'0000-00-00'),(176,869,'0000-00-00'),(176,914,'0000-00-00'),(177,249,'0000-00-00'),(177,308,'0000-00-00'),(177,416,'0000-00-00'),(177,497,'0000-00-00'),(177,862,'0000-00-00'),(178,123,'0000-00-00'),(178,283,'0000-00-00'),(178,917,'0000-00-00'),(178,967,'0000-00-00'),(179,14,'0000-00-00'),(179,120,'0000-00-00'),(179,473,'0000-00-00'),(179,667,'0000-00-00'),(179,681,'0000-00-00'),(179,858,'0000-00-00'),(180,97,'0000-00-00'),(180,296,'0000-00-00'),(180,809,'0000-00-00'),(180,992,'0000-00-00'),(181,272,'0000-00-00'),(181,302,'0000-00-00'),(181,508,'0000-00-00'),(181,737,'0000-00-00'),(182,139,'0000-00-00'),(182,225,'0000-00-00'),(182,249,'0000-00-00'),(182,549,'0000-00-00'),(182,607,'0000-00-00'),(182,626,'0000-00-00'),(182,753,'0000-00-00'),(182,763,'0000-00-00'),(183,411,'0000-00-00'),(183,435,'0000-00-00'),(183,758,'0000-00-00'),(183,882,'0000-00-00'),(183,885,'0000-00-00'),(183,971,'0000-00-00'),(184,56,'0000-00-00'),(184,134,'0000-00-00'),(184,262,'0000-00-00'),(184,436,'0000-00-00'),(184,450,'0000-00-00'),(184,623,'0000-00-00'),(184,645,'0000-00-00'),(184,723,'0000-00-00'),(184,785,'0000-00-00'),(185,206,'0000-00-00'),(185,262,'0000-00-00'),(185,556,'0000-00-00'),(185,601,'0000-00-00'),(185,807,'0000-00-00'),(185,885,'0000-00-00'),(186,92,'0000-00-00'),(186,121,'0000-00-00'),(186,490,'0000-00-00'),(186,558,'0000-00-00'),(186,903,'0000-00-00'),(186,982,'0000-00-00'),(187,112,'0000-00-00'),(187,114,'0000-00-00'),(187,197,'0000-00-00'),(187,295,'0000-00-00'),(187,719,'0000-00-00'),(187,761,'0000-00-00'),(187,840,'0000-00-00'),(187,918,'0000-00-00'),(188,112,'0000-00-00'),(188,235,'0000-00-00'),(188,315,'0000-00-00'),(188,568,'0000-00-00'),(188,911,'0000-00-00'),(189,296,'0000-00-00'),(189,308,'0000-00-00'),(189,704,'0000-00-00'),(190,67,'0000-00-00'),(190,111,'0000-00-00'),(190,246,'0000-00-00'),(190,303,'0000-00-00'),(190,718,'0000-00-00'),(190,746,'0000-00-00'),(191,119,'0000-00-00'),(191,176,'0000-00-00'),(192,75,'0000-00-00'),(192,390,'0000-00-00'),(192,400,'0000-00-00'),(192,766,'0000-00-00'),(192,951,'0000-00-00'),(193,132,'0000-00-00'),(193,206,'0000-00-00'),(193,621,'0000-00-00'),(193,643,'0000-00-00'),(193,699,'0000-00-00'),(193,898,'0000-00-00'),(193,925,'0000-00-00'),(194,83,'0000-00-00'),(194,681,'0000-00-00'),(194,686,'0000-00-00'),(194,696,'0000-00-00'),(194,881,'0000-00-00'),(194,933,'0000-00-00'),(195,90,'0000-00-00'),(195,109,'0000-00-00'),(195,111,'0000-00-00'),(195,348,'0000-00-00'),(195,458,'0000-00-00'),(195,496,'0000-00-00'),(195,566,'0000-00-00'),(195,718,'0000-00-00'),(195,874,'0000-00-00'),(196,1,'0000-00-00'),(196,79,'0000-00-00'),(196,104,'0000-00-00'),(196,188,'0000-00-00'),(196,723,'0000-00-00'),(196,779,'0000-00-00'),(197,187,'0000-00-00'),(197,196,'0000-00-00'),(197,243,'0000-00-00'),(197,349,'0000-00-00'),(197,386,'0000-00-00'),(197,476,'0000-00-00'),(197,494,'0000-00-00'),(197,723,'0000-00-00'),(197,763,'0000-00-00'),(197,834,'0000-00-00'),(197,886,'0000-00-00'),(198,86,'0000-00-00'),(198,301,'0000-00-00'),(198,346,'0000-00-00'),(198,426,'0000-00-00'),(198,650,'0000-00-00'),(198,896,'0000-00-00'),(199,131,'0000-00-00'),(199,218,'0000-00-00'),(199,302,'0000-00-00'),(199,320,'0000-00-00'),(199,384,'0000-00-00'),(199,483,'0000-00-00'),(199,526,'0000-00-00'),(200,270,'0000-00-00'),(200,557,'0000-00-00'),(200,680,'0000-00-00'),(200,738,'0000-00-00'),(200,780,'0000-00-00'),(200,924,'0000-00-00');
/*!40000 ALTER TABLE `avatar_objeto` ENABLE KEYS */;
UNLOCK TABLES;

--
-- Table structure for table `avatar_relacion_avatar`
--

DROP TABLE IF EXISTS `avatar_relacion_avatar`;
/*!40101 SET @saved_cs_client     = @@character_set_client */;
/*!40101 SET character_set_client = utf8 */;
CREATE TABLE `avatar_relacion_avatar` (
  `id_avatar_ejerce` int(10) unsigned NOT NULL,
  `id_avatar_recibe` int(10) unsigned NOT NULL,
  `fecha` date NOT NULL,
  `tipo` enum('matrimonio','adopta') NOT NULL,
  PRIMARY KEY (`id_avatar_ejerce`,`id_avatar_recibe`),
  KEY `id_avatar_recibe` (`id_avatar_recibe`),
  CONSTRAINT `avatar_relacion_avatar_ibfk_1` FOREIGN KEY (`id_avatar_ejerce`) REFERENCES `avatar` (`ID`),
  CONSTRAINT `avatar_relacion_avatar_ibfk_2` FOREIGN KEY (`id_avatar_recibe`) REFERENCES `avatar` (`ID`)
) ENGINE=InnoDB DEFAULT CHARSET=latin1 COLLATE=latin1_swedish_ci;
/*!40101 SET character_set_client = @saved_cs_client */;

--
-- Dumping data for table `avatar_relacion_avatar`
--

LOCK TABLES `avatar_relacion_avatar` WRITE;
/*!40000 ALTER TABLE `avatar_relacion_avatar` DISABLE KEYS */;
INSERT INTO `avatar_relacion_avatar` VALUES (1,102,'2019-07-01','matrimonio'),(7,136,'2020-08-15','matrimonio'),(10,172,'2020-08-19','adopta'),(12,62,'2020-08-16','matrimonio'),(15,77,'2020-08-29','adopta'),(15,83,'2020-12-11','matrimonio'),(18,95,'2019-04-02','matrimonio'),(20,71,'2020-07-31','adopta'),(26,119,'2019-03-20','adopta'),(29,115,'2020-12-11','adopta'),(30,184,'2019-03-08','adopta'),(34,135,'2019-12-19','adopta'),(37,191,'2019-05-02','matrimonio'),(39,110,'2020-03-19','adopta'),(39,147,'2019-08-29','adopta'),(40,125,'2019-04-11','adopta'),(42,57,'2020-02-20','matrimonio'),(44,176,'2019-06-27','adopta'),(45,43,'2019-03-01','adopta'),(50,142,'2019-03-31','matrimonio'),(57,155,'2021-01-16','adopta'),(58,57,'2019-02-28','matrimonio'),(62,144,'2019-02-28','matrimonio'),(63,92,'2020-12-19','adopta'),(63,132,'2021-01-26','adopta'),(64,137,'2020-06-11','adopta'),(65,1,'2019-09-29','adopta'),(65,154,'2020-07-27','matrimonio'),(67,15,'2020-07-16','adopta'),(69,19,'2020-06-08','adopta'),(71,197,'2019-11-13','matrimonio'),(75,157,'2020-04-30','adopta'),(78,36,'2019-09-13','matrimonio'),(78,140,'2020-07-18','matrimonio'),(79,50,'2020-12-18','matrimonio'),(79,140,'2019-12-08','matrimonio'),(81,41,'2020-07-29','adopta'),(84,50,'2020-03-27','matrimonio'),(85,65,'2020-10-05','adopta'),(85,109,'2020-02-14','adopta'),(86,128,'2019-11-27','adopta'),(87,77,'2019-06-01','matrimonio'),(89,16,'2019-05-24','matrimonio'),(92,88,'2020-10-08','matrimonio'),(95,28,'2020-11-10','matrimonio'),(95,175,'2020-04-19','adopta'),(97,97,'2019-12-25','adopta'),(99,53,'2019-05-02','adopta'),(99,61,'2020-07-23','adopta'),(103,73,'2019-04-03','matrimonio'),(103,197,'2020-11-13','matrimonio'),(110,56,'2020-01-11','adopta'),(111,181,'2020-09-17','matrimonio'),(112,87,'2020-06-20','adopta'),(114,102,'2020-06-06','matrimonio'),(114,132,'2020-07-20','adopta'),(116,91,'2019-09-20','matrimonio'),(116,152,'2019-11-19','adopta'),(121,120,'2020-01-30','matrimonio'),(123,41,'2020-06-02','adopta'),(124,102,'2019-02-09','matrimonio'),(128,4,'2020-08-30','adopta'),(128,63,'2019-12-22','adopta'),(131,52,'2019-06-21','adopta'),(135,154,'2019-07-02','adopta'),(144,55,'2020-02-12','adopta'),(145,127,'2021-01-04','adopta'),(146,21,'2020-08-07','adopta'),(147,71,'2019-06-10','adopta'),(148,12,'2019-12-22','matrimonio'),(151,70,'2019-07-27','adopta'),(152,176,'2020-03-25','adopta'),(154,160,'2019-02-13','matrimonio'),(158,31,'2020-10-11','matrimonio'),(159,9,'2019-07-16','matrimonio'),(159,69,'2020-03-11','adopta'),(163,189,'2020-12-03','matrimonio'),(171,44,'2020-01-02','adopta'),(171,120,'2019-02-23','adopta'),(173,40,'2019-06-04','adopta'),(175,143,'2019-10-08','adopta'),(176,14,'2021-01-11','matrimonio'),(184,75,'2020-03-13','adopta'),(184,183,'2019-07-01','matrimonio'),(185,88,'2020-05-01','adopta'),(186,31,'2020-11-12','adopta'),(186,103,'2019-11-22','adopta'),(189,27,'2019-02-23','matrimonio'),(189,90,'2019-08-08','matrimonio'),(189,113,'2019-08-01','adopta'),(190,3,'2020-01-04','matrimonio'),(191,126,'2019-04-08','adopta'),(192,103,'2019-07-26','matrimonio'),(192,121,'2019-05-01','adopta'),(192,130,'2019-10-06','adopta'),(193,13,'2020-02-12','adopta'),(194,5,'2020-11-16','matrimonio'),(195,127,'2020-02-03','adopta'),(198,155,'2019-05-15','matrimonio'),(199,29,'2020-03-21','matrimonio');
/*!40000 ALTER TABLE `avatar_relacion_avatar` ENABLE KEYS */;
UNLOCK TABLES;

--
-- Table structure for table `calzado`
--

DROP TABLE IF EXISTS `calzado`;
/*!40101 SET @saved_cs_client     = @@character_set_client */;
/*!40101 SET character_set_client = utf8 */;
CREATE TABLE `calzado` (
  `ID` int(10) unsigned NOT NULL AUTO_INCREMENT,
  `id_ropa` int(10) unsigned DEFAULT NULL,
  `terreno` varchar(20) NOT NULL,
  `color` varchar(20) NOT NULL,
  PRIMARY KEY (`ID`),
  KEY `id_ropa` (`id_ropa`),
  CONSTRAINT `calzado_ibfk_1` FOREIGN KEY (`id_ropa`) REFERENCES `ropa` (`ID`)
) ENGINE=InnoDB AUTO_INCREMENT=21 DEFAULT CHARSET=latin1 COLLATE=latin1_swedish_ci;
/*!40101 SET character_set_client = @saved_cs_client */;

--
-- Dumping data for table `calzado`
--

LOCK TABLES `calzado` WRITE;
/*!40000 ALTER TABLE `calzado` DISABLE KEYS */;
INSERT INTO `calzado` VALUES (1,41,'Roca','Waterspout'),(2,42,'Ciudad','Fuchsia'),(3,43,'Mojado','BrilliantRose'),(4,44,'Roca','PinkSherbet'),(5,45,'Roca','DavyGrey'),(6,46,'Mojado','CoralRed'),(7,47,'Ciudad','BrinkPink'),(8,48,'Playa','HollywoodCerise'),(9,49,'Deporte','ZinnwalditeBrown'),(10,50,'Mojado','OrangeYellow'),(11,51,'Ciudad','FuchsiaPink'),(12,52,'Deporte','Cordovan'),(13,53,'Deporte','SpringGreen'),(14,54,'Ciudad','PinkPearl'),(15,55,'Deporte','DebianRed'),(16,56,'Mojado','Bronze'),(17,57,'Mojado','Corn'),(18,58,'Ciudad','OrangePeel'),(19,59,'Playa','Brown'),(20,60,'Roca','LincolnGreen');
/*!40000 ALTER TABLE `calzado` ENABLE KEYS */;
UNLOCK TABLES;

--
-- Table structure for table `casa`
--

DROP TABLE IF EXISTS `casa`;
/*!40101 SET @saved_cs_client     = @@character_set_client */;
/*!40101 SET character_set_client = utf8 */;
CREATE TABLE `casa` (
  `ID` int(10) unsigned NOT NULL AUTO_INCREMENT,
  `nombre` varchar(50) NOT NULL,
  `n_habitacion` int(10) unsigned NOT NULL,
  PRIMARY KEY (`ID`)
) ENGINE=InnoDB AUTO_INCREMENT=51 DEFAULT CHARSET=latin1 COLLATE=latin1_swedish_ci;
/*!40101 SET character_set_client = @saved_cs_client */;

--
-- Dumping data for table `casa`
--

LOCK TABLES `casa` WRITE;
/*!40000 ALTER TABLE `casa` DISABLE KEYS */;
INSERT INTO `casa` VALUES (1,'Mansi坦n El valle del Festejo',2),(2,'Cortijo ChupiAlegr鱈a ',2),(3,'Cortijo Chez Alegr鱈a ',2),(4,'Rancho Felicidad',1),(5,'Festejo',4),(6,'Mansi坦n Alegr鱈a ',1),(7,'Mansi坦n Cantora',4),(8,'El valle de la Felicidad',1),(9,'Villa Alegr鱈a ',5),(10,'Cortijo Cantora',1),(11,'Rancho El valle del Jolgorio',1),(12,'El peque単o Jolgorio',3),(13,'Chez Felicidad',1),(14,'Rancho La peque単a Felicidad',2),(15,'Mas鱈a El valle de la Alegr鱈a ',5),(16,'Cortijo El valle del Jolgorio',2),(17,'Alegr鱈a ',3),(18,'Rancho Chez Alegr鱈a ',3),(19,'Rancho Relaxo',1),(20,'Cortijo Jolgorio',5),(21,'Mansi坦n El peque単o Jolgorio',4),(22,'Cortijo ChupiFelicidad',4),(23,'Rancho ChupiFelicidad',4),(24,'La peque単a Alegr鱈a ',1),(25,'Mansi坦n Chez Felicidad',3),(26,'Mansi坦n La peque単a Felicidad',1),(27,'Cortijo Relaxo',5),(28,'Relaxo',2),(29,'Mas鱈a ChupiAlegr鱈a ',2),(30,'Villa Jolgorio',2),(31,'Mansi坦n Festejo',5),(32,'Rancho Cantora',4),(33,'Mas鱈a Cantora',5),(34,'Mas鱈a Chez Festejo',1),(35,'Villa Relaxo',4),(36,'Rancho Jolgorio',4),(37,'Villa Cantora',5),(38,'Mas鱈a ChupiFestejo',5),(39,'Chez Jolgorio',3),(40,'Cortijo Felicidad',3),(41,'Cortijo Chez Jolgorio',4),(42,'Mas鱈a Alegr鱈a ',5),(43,'Cortijo Alegr鱈a ',1),(44,'Villa Chez Felicidad',2),(45,'Mas鱈a La peque単a Felicidad',1),(46,'Mansi坦n Jolgorio',3),(47,'Mansi坦n ChupiFelicidad',3),(48,'Villa El peque単o Festejo',4),(49,'ChupiFelicidad',3),(50,'Felicidad',5);
/*!40000 ALTER TABLE `casa` ENABLE KEYS */;
UNLOCK TABLES;

--
-- Table structure for table `habitacion`
--

DROP TABLE IF EXISTS `habitacion`;
/*!40101 SET @saved_cs_client     = @@character_set_client */;
/*!40101 SET character_set_client = utf8 */;
CREATE TABLE `habitacion` (
  `ID` int(10) unsigned NOT NULL AUTO_INCREMENT,
  `id_casa` int(10) unsigned NOT NULL,
  `tipo` enum('habitaci坦n','cocina','ba単o','laboratorio','garaje','buhardilla') NOT NULL,
  PRIMARY KEY (`ID`),
  KEY `id_casa` (`id_casa`),
  CONSTRAINT `habitacion_ibfk_1` FOREIGN KEY (`id_casa`) REFERENCES `casa` (`ID`)
) ENGINE=InnoDB AUTO_INCREMENT=251 DEFAULT CHARSET=latin1 COLLATE=latin1_swedish_ci;
/*!40101 SET character_set_client = @saved_cs_client */;

--
-- Dumping data for table `habitacion`
--

LOCK TABLES `habitacion` WRITE;
/*!40000 ALTER TABLE `habitacion` DISABLE KEYS */;
INSERT INTO `habitacion` VALUES (1,20,'garaje'),(2,12,'buhardilla'),(3,38,'garaje'),(4,35,'ba単o'),(5,38,'buhardilla'),(6,47,'laboratorio'),(7,24,'garaje'),(8,7,'buhardilla'),(9,8,'cocina'),(10,49,'garaje'),(11,36,'buhardilla'),(12,35,'buhardilla'),(13,20,'laboratorio'),(14,50,'laboratorio'),(15,22,'buhardilla'),(16,50,'garaje'),(17,34,'habitaci坦n'),(18,9,'garaje'),(19,19,'cocina'),(20,40,'buhardilla'),(21,40,'cocina'),(22,43,'habitaci坦n'),(23,16,'buhardilla'),(24,23,'buhardilla'),(25,47,'laboratorio'),(26,8,'laboratorio'),(27,32,'garaje'),(28,22,'ba単o'),(29,23,'ba単o'),(30,1,'buhardilla'),(31,39,'laboratorio'),(32,43,'buhardilla'),(33,22,'cocina'),(34,48,'laboratorio'),(35,39,'garaje'),(36,15,'garaje'),(37,33,'cocina'),(38,39,'buhardilla'),(39,5,'ba単o'),(40,33,'garaje'),(41,39,'garaje'),(42,1,'laboratorio'),(43,26,'buhardilla'),(44,10,'ba単o'),(45,11,'buhardilla'),(46,20,'buhardilla'),(47,50,'cocina'),(48,23,'buhardilla'),(49,25,'buhardilla'),(50,35,'laboratorio'),(51,2,'laboratorio'),(52,31,'laboratorio'),(53,27,'buhardilla'),(54,4,'buhardilla'),(55,5,'garaje'),(56,22,'garaje'),(57,21,'buhardilla'),(58,13,'garaje'),(59,37,'buhardilla'),(60,25,'laboratorio'),(61,26,'buhardilla'),(62,49,'laboratorio'),(63,41,'buhardilla'),(64,6,'laboratorio'),(65,25,'cocina'),(66,50,'buhardilla'),(67,6,'garaje'),(68,6,'buhardilla'),(69,30,'buhardilla'),(70,24,'laboratorio'),(71,44,'garaje'),(72,22,'habitaci坦n'),(73,19,'ba単o'),(74,39,'garaje'),(75,22,'laboratorio'),(76,1,'garaje'),(77,42,'ba単o'),(78,26,'garaje'),(79,29,'cocina'),(80,26,'garaje'),(81,13,'laboratorio'),(82,5,'buhardilla'),(83,38,'laboratorio'),(84,25,'buhardilla'),(85,19,'laboratorio'),(86,29,'cocina'),(87,30,'buhardilla'),(88,36,'ba単o'),(89,16,'buhardilla'),(90,9,'buhardilla'),(91,12,'garaje'),(92,38,'laboratorio'),(93,3,'ba単o'),(94,2,'buhardilla'),(95,22,'buhardilla'),(96,18,'ba単o'),(97,45,'garaje'),(98,8,'garaje'),(99,26,'cocina'),(100,18,'buhardilla'),(101,1,'ba単o'),(102,20,'ba単o'),(103,17,'buhardilla'),(104,18,'laboratorio'),(105,48,'buhardilla'),(106,21,'laboratorio'),(107,32,'cocina'),(108,17,'laboratorio'),(109,3,'garaje'),(110,14,'buhardilla'),(111,14,'laboratorio'),(112,1,'ba単o'),(113,18,'garaje'),(114,22,'ba単o'),(115,10,'cocina'),(116,21,'habitaci坦n'),(117,1,'buhardilla'),(118,40,'buhardilla'),(119,16,'buhardilla'),(120,3,'buhardilla'),(121,29,'buhardilla'),(122,36,'laboratorio'),(123,17,'cocina'),(124,24,'buhardilla'),(125,37,'buhardilla'),(126,31,'cocina'),(127,47,'buhardilla'),(128,28,'laboratorio'),(129,37,'buhardilla'),(130,39,'cocina'),(131,40,'buhardilla'),(132,15,'garaje'),(133,32,'garaje'),(134,41,'cocina'),(135,36,'laboratorio'),(136,25,'cocina'),(137,25,'buhardilla'),(138,29,'buhardilla'),(139,14,'buhardilla'),(140,24,'habitaci坦n'),(141,38,'buhardilla'),(142,36,'garaje'),(143,24,'garaje'),(144,35,'buhardilla'),(145,27,'garaje'),(146,49,'laboratorio'),(147,26,'buhardilla'),(148,28,'buhardilla'),(149,42,'buhardilla'),(150,34,'garaje'),(151,9,'laboratorio'),(152,6,'buhardilla'),(153,31,'garaje'),(154,12,'cocina'),(155,7,'cocina'),(156,46,'buhardilla'),(157,37,'cocina'),(158,34,'ba単o'),(159,30,'garaje'),(160,27,'buhardilla'),(161,43,'laboratorio'),(162,6,'garaje'),(163,13,'garaje'),(164,37,'garaje'),(165,38,'habitaci坦n'),(166,4,'buhardilla'),(167,26,'buhardilla'),(168,33,'laboratorio'),(169,40,'buhardilla'),(170,50,'buhardilla'),(171,47,'ba単o'),(172,48,'buhardilla'),(173,39,'cocina'),(174,27,'buhardilla'),(175,6,'habitaci坦n'),(176,1,'laboratorio'),(177,29,'buhardilla'),(178,14,'ba単o'),(179,14,'ba単o'),(180,36,'garaje'),(181,18,'ba単o'),(182,3,'buhardilla'),(183,10,'garaje'),(184,4,'cocina'),(185,21,'buhardilla'),(186,5,'ba単o'),(187,40,'habitaci坦n'),(188,30,'laboratorio'),(189,39,'cocina'),(190,44,'garaje'),(191,41,'buhardilla'),(192,10,'garaje'),(193,6,'laboratorio'),(194,8,'habitaci坦n'),(195,2,'garaje'),(196,30,'laboratorio'),(197,40,'buhardilla'),(198,15,'cocina'),(199,13,'buhardilla'),(200,26,'buhardilla'),(201,5,'garaje'),(202,38,'laboratorio'),(203,9,'ba単o'),(204,28,'buhardilla'),(205,8,'garaje'),(206,20,'laboratorio'),(207,38,'garaje'),(208,39,'buhardilla'),(209,48,'cocina'),(210,27,'garaje'),(211,4,'buhardilla'),(212,2,'buhardilla'),(213,14,'cocina'),(214,2,'cocina'),(215,24,'garaje'),(216,3,'garaje'),(217,8,'buhardilla'),(218,31,'garaje'),(219,30,'buhardilla'),(220,20,'buhardilla'),(221,14,'buhardilla'),(222,22,'laboratorio'),(223,35,'laboratorio'),(224,32,'cocina'),(225,34,'buhardilla'),(226,43,'garaje'),(227,7,'garaje'),(228,2,'cocina'),(229,48,'ba単o'),(230,6,'garaje'),(231,18,'garaje'),(232,49,'buhardilla'),(233,14,'laboratorio'),(234,14,'laboratorio'),(235,34,'buhardilla'),(236,38,'buhardilla'),(237,6,'buhardilla'),(238,41,'buhardilla'),(239,18,'garaje'),(240,21,'ba単o'),(241,27,'garaje'),(242,9,'ba単o'),(243,36,'laboratorio'),(244,43,'laboratorio'),(245,5,'buhardilla'),(246,14,'cocina'),(247,32,'garaje'),(248,27,'laboratorio'),(249,29,'laboratorio'),(250,25,'cocina');
/*!40000 ALTER TABLE `habitacion` ENABLE KEYS */;
UNLOCK TABLES;

--
-- Table structure for table `habitacion_objeto`
--

DROP TABLE IF EXISTS `habitacion_objeto`;
/*!40101 SET @saved_cs_client     = @@character_set_client */;
/*!40101 SET character_set_client = utf8 */;
CREATE TABLE `habitacion_objeto` (
  `id_habitacion` int(10) unsigned NOT NULL,
  `id_objeto` int(10) unsigned NOT NULL,
  `x` int(11) NOT NULL,
  `y` int(11) NOT NULL,
  `orientacion` enum('N','S','E','O') NOT NULL,
  PRIMARY KEY (`id_habitacion`,`id_objeto`),
  KEY `id_objeto` (`id_objeto`),
  CONSTRAINT `habitacion_objeto_ibfk_1` FOREIGN KEY (`id_habitacion`) REFERENCES `habitacion` (`ID`),
  CONSTRAINT `habitacion_objeto_ibfk_2` FOREIGN KEY (`id_objeto`) REFERENCES `objeto` (`ID`)
) ENGINE=InnoDB DEFAULT CHARSET=latin1 COLLATE=latin1_swedish_ci;
/*!40101 SET character_set_client = @saved_cs_client */;

--
-- Dumping data for table `habitacion_objeto`
--

LOCK TABLES `habitacion_objeto` WRITE;
/*!40000 ALTER TABLE `habitacion_objeto` DISABLE KEYS */;
INSERT INTO `habitacion_objeto` VALUES (2,693,8,6,'S'),(3,50,2,7,'E'),(4,444,8,7,'E'),(5,177,5,1,'E'),(6,10,7,5,'E'),(7,608,6,3,'O'),(7,732,3,2,'E'),(9,20,5,6,'N'),(9,236,1,7,'E'),(9,425,5,6,'S'),(9,472,4,4,'N'),(10,557,3,5,'O'),(10,968,10,7,'N'),(11,51,8,6,'O'),(11,462,4,4,'E'),(12,23,6,5,'E'),(12,176,4,1,'N'),(12,543,2,8,'E'),(12,726,6,3,'N'),(13,2,3,1,'E'),(13,203,2,8,'S'),(14,121,6,1,'N'),(14,160,3,1,'O'),(14,250,4,3,'O'),(14,274,1,8,'E'),(15,257,5,4,'O'),(15,528,8,7,'E'),(16,241,5,5,'O'),(17,889,7,2,'N'),(19,685,4,7,'E'),(19,688,3,3,'O'),(19,883,4,7,'O'),(21,158,6,1,'N'),(21,263,7,2,'N'),(21,449,2,8,'O'),(22,429,7,1,'S'),(22,706,3,5,'N'),(23,196,8,2,'E'),(24,276,7,6,'N'),(25,44,3,7,'N'),(25,117,1,4,'S'),(25,831,6,9,'E'),(26,22,8,8,'N'),(26,481,3,6,'S'),(26,824,8,3,'S'),(27,65,6,2,'S'),(27,755,10,3,'S'),(27,947,7,7,'O'),(28,590,5,4,'E'),(29,171,7,6,'S'),(30,36,3,4,'O'),(30,168,8,6,'O'),(30,510,8,1,'E'),(30,545,3,9,'E'),(30,683,8,2,'O'),(30,857,8,7,'S'),(30,977,8,3,'N'),(31,204,2,4,'E'),(32,269,4,6,'O'),(33,203,5,2,'N'),(34,563,7,4,'N'),(36,304,3,8,'O'),(37,607,3,9,'E'),(38,52,2,5,'E'),(38,467,2,2,'S'),(38,521,1,4,'O'),(39,759,1,1,'N'),(40,305,3,1,'S'),(41,65,4,4,'O'),(41,181,7,8,'S'),(41,990,6,6,'N'),(42,275,7,5,'S'),(42,765,7,6,'O'),(42,829,7,9,'S'),(42,946,6,1,'E'),(44,898,6,3,'E'),(47,331,8,2,'N'),(49,431,9,4,'O'),(49,966,2,2,'O'),(50,395,6,6,'S'),(50,400,6,4,'S'),(51,301,4,1,'E'),(52,47,8,5,'S'),(52,878,8,1,'O'),(52,916,4,6,'N'),(54,221,5,1,'N'),(55,448,1,7,'S'),(56,31,8,3,'S'),(56,53,9,3,'S'),(56,376,3,4,'O'),(56,566,5,3,'O'),(56,888,5,9,'O'),(57,481,3,2,'S'),(57,595,7,8,'E'),(60,142,8,3,'S'),(60,263,8,1,'E'),(61,885,6,1,'O'),(62,533,7,9,'S'),(62,752,3,5,'O'),(62,969,7,3,'O'),(63,871,6,5,'O'),(63,945,2,10,'E'),(64,988,1,3,'O'),(65,208,5,8,'O'),(65,884,5,3,'N'),(66,259,7,8,'N'),(66,823,4,2,'E'),(67,468,8,3,'S'),(67,504,3,7,'O'),(67,985,3,4,'S'),(68,53,4,1,'S'),(68,537,2,8,'E'),(69,554,5,6,'O'),(70,500,2,4,'E'),(71,917,7,4,'N'),(72,181,1,3,'S'),(73,553,4,4,'S'),(74,363,1,3,'N'),(74,401,7,5,'O'),(75,40,6,8,'S'),(75,395,4,8,'N'),(75,834,8,2,'E'),(76,149,3,1,'E'),(76,171,8,1,'E'),(76,803,1,5,'O'),(77,154,1,7,'S'),(78,527,1,8,'O'),(79,585,8,6,'O'),(79,837,6,7,'O'),(81,607,1,5,'N'),(81,769,2,4,'N'),(82,307,4,6,'O'),(82,417,1,9,'S'),(83,633,3,3,'N'),(83,686,3,1,'S'),(83,798,4,4,'E'),(83,847,3,3,'O'),(84,519,8,5,'E'),(86,257,1,6,'E'),(86,296,4,1,'S'),(86,365,5,7,'S'),(87,265,7,3,'S'),(87,660,4,1,'N'),(90,940,6,1,'S'),(91,682,6,2,'O'),(92,656,7,8,'N'),(93,960,1,2,'E'),(94,229,5,8,'E'),(94,604,3,2,'O'),(95,131,1,4,'N'),(95,741,7,8,'E'),(96,273,3,1,'S'),(96,955,2,1,'E'),(97,920,8,5,'S'),(98,29,1,1,'S'),(98,249,2,6,'S'),(98,445,4,1,'N'),(98,571,5,5,'E'),(98,626,5,4,'N'),(100,295,8,7,'O'),(100,709,1,7,'N'),(101,744,2,1,'O'),(102,218,6,2,'N'),(102,488,4,3,'N'),(102,952,5,7,'S'),(103,438,8,6,'N'),(104,181,1,6,'N'),(105,179,5,5,'O'),(105,704,1,1,'O'),(105,767,1,6,'S'),(106,240,8,10,'S'),(106,751,7,8,'O'),(106,988,1,8,'E'),(107,54,3,3,'N'),(107,186,5,1,'O'),(107,480,8,2,'S'),(107,809,6,8,'E'),(108,81,3,4,'S'),(108,733,7,6,'O'),(109,887,4,9,'N'),(110,750,5,7,'O'),(110,928,7,7,'E'),(111,969,4,8,'N'),(112,614,3,7,'N'),(112,743,3,5,'N'),(115,314,5,1,'N'),(115,315,3,6,'O'),(116,317,6,8,'O'),(116,339,10,8,'E'),(116,347,7,9,'N'),(116,573,3,4,'E'),(118,541,2,2,'O'),(118,841,5,7,'O'),(119,11,4,2,'O'),(119,775,6,8,'E'),(119,931,1,8,'E'),(120,66,2,2,'O'),(121,153,3,7,'O'),(121,933,3,2,'S'),(122,169,6,2,'E'),(123,66,1,1,'N'),(123,336,6,5,'N'),(124,564,5,4,'O'),(125,505,6,6,'S'),(125,615,4,8,'E'),(125,960,5,6,'E'),(126,153,8,4,'O'),(126,174,5,10,'E'),(126,516,7,4,'E'),(128,679,2,6,'O'),(128,941,7,2,'E'),(129,908,6,7,'E'),(130,20,3,2,'N'),(131,960,7,7,'S'),(132,89,1,5,'N'),(132,934,5,7,'N'),(133,279,5,7,'N'),(133,544,8,6,'O'),(133,614,2,8,'N'),(133,959,2,2,'S'),(134,326,6,2,'N'),(135,75,8,6,'O'),(135,214,7,1,'N'),(137,840,6,8,'E'),(138,281,1,2,'N'),(138,386,8,5,'N'),(139,732,7,1,'O'),(140,489,4,8,'O'),(141,239,9,3,'E'),(142,325,8,4,'N'),(143,87,6,6,'S'),(144,158,1,8,'N'),(145,394,1,1,'E'),(146,259,7,3,'N'),(146,427,2,6,'E'),(146,717,4,5,'N'),(146,883,5,3,'N'),(147,222,2,6,'S'),(147,332,9,1,'S'),(147,714,5,5,'E'),(148,420,1,3,'O'),(150,309,2,4,'E'),(150,369,4,1,'S'),(150,698,6,4,'O'),(151,30,2,7,'O'),(151,32,1,10,'N'),(151,669,2,4,'E'),(152,38,4,3,'E'),(152,165,1,1,'N'),(152,432,7,8,'N'),(152,562,3,8,'E'),(153,218,7,2,'S'),(153,233,2,4,'S'),(153,424,4,9,'N'),(154,278,2,2,'O'),(154,899,2,5,'E'),(155,479,7,1,'S'),(155,505,1,3,'S'),(156,183,7,7,'O'),(156,836,3,1,'N'),(156,966,1,1,'E'),(157,897,10,2,'O'),(157,907,5,5,'S'),(158,653,2,3,'S'),(161,202,8,7,'O'),(162,234,3,3,'O'),(162,519,4,8,'S'),(164,114,8,1,'O'),(164,299,7,1,'N'),(164,819,2,8,'N'),(164,956,8,1,'O'),(165,121,8,8,'E'),(166,154,3,4,'S'),(167,136,1,4,'E'),(167,314,4,8,'S'),(167,614,2,6,'E'),(168,6,7,2,'N'),(168,688,5,1,'N'),(169,876,5,8,'N'),(170,31,4,8,'N'),(170,156,4,5,'O'),(170,324,2,2,'E'),(170,673,6,2,'E'),(170,702,9,1,'S'),(170,942,7,3,'E'),(171,120,1,2,'O'),(171,907,2,2,'S'),(171,971,1,3,'O'),(172,604,5,4,'N'),(174,957,2,2,'O'),(175,588,1,6,'E'),(175,593,6,5,'O'),(176,452,4,4,'S'),(177,8,5,10,'E'),(177,347,7,4,'S'),(178,582,7,4,'S'),(178,971,1,6,'S'),(180,280,3,1,'N'),(180,283,7,2,'S'),(180,749,4,4,'N'),(181,15,10,5,'S'),(182,259,2,2,'E'),(182,460,5,5,'E'),(183,225,6,7,'N'),(183,250,6,3,'N'),(183,565,5,6,'O'),(183,896,6,7,'N'),(184,814,4,7,'E'),(185,217,3,5,'O'),(185,390,1,3,'O'),(186,702,2,8,'E'),(190,473,1,5,'O'),(190,736,4,8,'S'),(191,369,7,6,'O'),(192,111,3,5,'E'),(192,626,3,9,'S'),(192,957,4,9,'E'),(193,257,2,7,'N'),(195,330,2,6,'N'),(195,919,6,1,'O'),(196,841,3,6,'S'),(199,322,9,10,'S'),(199,832,1,1,'S'),(201,212,3,3,'N'),(202,353,2,7,'E'),(203,580,4,5,'E'),(203,962,6,2,'E'),(204,717,3,10,'E'),(205,236,5,6,'N'),(205,873,8,7,'N'),(205,905,7,7,'O'),(205,922,8,3,'O'),(207,102,5,6,'N'),(208,118,1,7,'S'),(208,695,6,1,'N'),(209,16,7,7,'E'),(210,315,2,7,'O'),(211,352,1,8,'S'),(211,810,2,7,'E'),(212,810,1,5,'S'),(212,930,5,6,'S'),(213,392,7,2,'N'),(213,425,3,7,'S'),(214,201,7,8,'O'),(214,795,9,3,'O'),(215,783,8,7,'E'),(216,182,3,7,'N'),(216,739,2,2,'N'),(217,391,4,8,'E'),(217,938,8,5,'O'),(218,83,1,3,'N'),(218,517,1,9,'E'),(218,650,6,1,'N'),(220,29,1,3,'O'),(220,303,2,4,'N'),(220,456,4,8,'E'),(221,154,8,1,'E'),(221,581,5,6,'O'),(222,762,4,7,'O'),(222,783,5,6,'E'),(223,109,8,10,'N'),(225,450,3,2,'E'),(225,588,6,5,'O'),(227,750,4,8,'E'),(229,228,4,5,'N'),(230,442,5,3,'N'),(230,964,4,4,'N'),(231,600,4,8,'E'),(231,671,6,3,'N'),(232,423,5,7,'S'),(232,687,3,4,'N'),(234,754,4,5,'N'),(234,989,5,10,'S'),(235,12,5,4,'S'),(235,568,7,4,'O'),(236,520,5,10,'O'),(237,682,8,2,'N'),(237,708,2,1,'N'),(238,616,3,4,'N'),(239,173,5,2,'N'),(239,872,9,1,'N'),(240,307,1,8,'E'),(241,398,2,4,'O'),(241,756,3,3,'N'),(242,688,1,7,'N'),(243,51,7,1,'E'),(243,923,2,10,'S'),(244,941,4,2,'O'),(245,421,8,7,'O'),(245,906,5,5,'S'),(246,424,8,2,'N'),(247,614,4,4,'S'),(247,774,5,7,'S'),(247,974,2,7,'O'),(248,151,5,6,'N'),(248,304,2,5,'S'),(249,266,1,6,'O'),(249,270,1,3,'N'),(249,577,6,5,'O'),(249,763,7,5,'S');
/*!40000 ALTER TABLE `habitacion_objeto` ENABLE KEYS */;
UNLOCK TABLES;

--
-- Table structure for table `inferior`
--

DROP TABLE IF EXISTS `inferior`;
/*!40101 SET @saved_cs_client     = @@character_set_client */;
/*!40101 SET character_set_client = utf8 */;
CREATE TABLE `inferior` (
  `ID` int(10) unsigned NOT NULL AUTO_INCREMENT,
  `id_ropa` int(10) unsigned NOT NULL,
  `color` varchar(20) NOT NULL,
  PRIMARY KEY (`ID`),
  KEY `id_ropa` (`id_ropa`),
  CONSTRAINT `inferior_ibfk_1` FOREIGN KEY (`id_ropa`) REFERENCES `ropa` (`ID`)
) ENGINE=InnoDB AUTO_INCREMENT=41 DEFAULT CHARSET=latin1 COLLATE=latin1_swedish_ci;
/*!40101 SET character_set_client = @saved_cs_client */;

--
-- Dumping data for table `inferior`
--

LOCK TABLES `inferior` WRITE;
/*!40000 ALTER TABLE `inferior` DISABLE KEYS */;
INSERT INTO `inferior` VALUES (1,21,'CoolGrey'),(2,22,'LaserLemon'),(3,23,'BrightMaroon'),(4,24,'Drab'),(5,25,'CrimsonGlory'),(6,26,'SalmonPink'),(7,27,'Rose'),(8,28,'DukeBlue'),(9,29,'ParisGreen'),(10,30,'TropicalRainForest'),(11,31,'RoseBonbon'),(12,32,'Sand'),(13,33,'PastelBlue'),(14,34,'ZinnwalditeBrown'),(15,35,'MediumElectricBlue'),(16,36,'Cyan'),(17,37,'LaurelGreen'),(18,38,'Copper'),(19,39,'MediumJungleGreen'),(20,40,'TrueBlue'),(21,41,'RoseEbony'),(22,42,'SandDune'),(23,43,'TuftsBlue'),(24,44,'PastelBrown'),(25,45,'BrightPink'),(26,46,'RoseGold'),(27,47,'Sandstorm'),(28,48,'Tumbleweed'),(29,49,'CopperRose'),(30,50,'EarthYellow'),(31,51,'BrightTurquoise'),(32,52,'Coquelicot'),(33,53,'SandyBrown'),(34,54,'PastelGray'),(35,55,'Lava'),(36,56,'BrightUbe'),(37,57,'Daffodil'),(38,58,'Coral'),(39,59,'TurkishRose'),(40,60,'Ecru');
/*!40000 ALTER TABLE `inferior` ENABLE KEYS */;
UNLOCK TABLES;

--
-- Table structure for table `objeto`
--

DROP TABLE IF EXISTS `objeto`;
/*!40101 SET @saved_cs_client     = @@character_set_client */;
/*!40101 SET character_set_client = utf8 */;
CREATE TABLE `objeto` (
  `ID` int(10) unsigned NOT NULL AUTO_INCREMENT,
  `nombre` varchar(20) NOT NULL,
  `tipo` enum('mueble','decoraci坦n de mesa','decoraci坦n de pared','herramienta') NOT NULL,
  `tama単o` varchar(20) NOT NULL,
  `descripcion` varchar(250) NOT NULL,
  PRIMARY KEY (`ID`)
) ENGINE=InnoDB AUTO_INCREMENT=1001 DEFAULT CHARSET=latin1 COLLATE=latin1_swedish_ci;
/*!40101 SET character_set_client = @saved_cs_client */;

--
-- Dumping data for table `objeto`
--

LOCK TABLES `objeto` WRITE;
/*!40000 ALTER TABLE `objeto` DISABLE KEYS */;
INSERT INTO `objeto` VALUES (1,'Niy谷','herramienta','Grande','Imprescindible invenci坦n para cualquiera'),(2,'Bobe辰','herramienta','Peque単o','til invenci坦n de primera necesidad'),(3,'L谷z辰','decoraci坦n de mesa','Peque単o','Imprescindible cosa de buena relaci坦n calidad precio'),(4,'Sid旦','mueble','Mediano','Eficaz objeto para los m叩s exigentes'),(5,'Xesu','herramienta','Grande','Eficaz entelequia de primera necesidad'),(6,'C谷-b旦','herramienta','Grande','Adorablecacharro de la mayor calidad'),(7,'I辰ki','decoraci坦n de mesa','Peque単o','Adorablecosa para el d鱈a a d鱈a'),(8,'U谷ii','herramienta','Peque単o','Estridente invenci坦n de la mayor calidad'),(9,'Kej辰','decoraci坦n de pared','Mediano','Adorableinvenci坦n para cualquiera'),(10,'C辰rmus','mueble','Peque単o','Eficaz invenci坦n de buena relaci坦n calidad precio'),(11,'H旦ka','herramienta','Peque単o','Estridente cosa para el d鱈a a d鱈a'),(12,'Tifapi-q旦','herramienta','Peque単o','Imprescindible objeto para los m叩s exigentes'),(13,'Hagqarez谷','mueble','Grande','Imprescindible cosa de la mayor calidad'),(14,'V谷d-ooaloio','decoraci坦n de mesa','Peque単o','Imprescindible entelequia de la mayor calidad'),(15,'N辰g旦jisu','herramienta','Mediano','Eficaz objeto para cualquiera'),(16,'Ya-ti','mueble','Peque単o','til cosa de primera necesidad'),(17,'E谷s辰j谷','herramienta','Grande','Eficaz invenci坦n de primera necesidad'),(18,'Sa-q旦','mueble','Mediano','Adorablecacharro para el d鱈a a d鱈a'),(19,'Y旦dno','mueble','Peque単o','Eficaz cacharro de la mayor calidad'),(20,'Mef-x旦aec','decoraci坦n de mesa','Peque単o','Imprescindible cosa para sacarte de un aprieto'),(21,'Feie','herramienta','Grande','Adorablecacharro de una calidad mediocre'),(22,'Ga-ma','mueble','Grande','Eficaz entelequia para sacarte de un aprieto'),(23,'S辰yp谷','decoraci坦n de pared','Mediano','Imprescindible invenci坦n de una calidad mediocre'),(24,'San-qoc谷joworj','decoraci坦n de mesa','Grande','Adorableentelequia para el d鱈a a d鱈a'),(25,'Gu-jo','herramienta','Grande','Estridente objeto de primera necesidad'),(26,'Ji-ooca','mueble','Grande','Adorablecosa de primera necesidad'),(27,'W旦fu','herramienta','Grande','Eficaz entelequia de la mayor calidad'),(28,'Juxo','herramienta','Grande','Adorablecosa para el d鱈a a d鱈a'),(29,'V旦bubaki','decoraci坦n de mesa','Grande','Eficaz entelequia de buena relaci坦n calidad precio'),(30,'Nupi','herramienta','Peque単o','Adorablecosa de buena relaci坦n calidad precio'),(31,'A旦za','herramienta','Grande','Imprescindible invenci坦n de primera necesidad'),(32,'Y旦z旦','herramienta','Grande','Eficaz invenci坦n de la mayor calidad'),(33,'Luxiway','herramienta','Peque単o','Imprescindible entelequia de primera necesidad'),(34,'Fo-eiq辰e','decoraci坦n de pared','Peque単o','Adorablecosa para el d鱈a a d鱈a'),(35,'M旦eu','herramienta','Mediano','til cacharro para los m叩s exigentes'),(36,'Aaka','herramienta','Grande','Eficaz invenci坦n de la mayor calidad'),(37,'Cou旦vu','decoraci坦n de mesa','Peque単o','Adorableentelequia para los m叩s exigentes'),(38,'M旦de','herramienta','Grande','Estridente invenci坦n de primera necesidad'),(39,'Fi-q辰helorj','herramienta','Grande','Estridente entelequia para cualquiera'),(40,'E旦-t辰mu','herramienta','Peque単o','Imprescindible cosa para cualquiera'),(41,'Dogf谷','herramienta','Grande','Estridente invenci坦n de buena relaci坦n calidad precio'),(42,'V旦-k谷h','decoraci坦n de pared','Mediano','til invenci坦n de primera necesidad'),(43,'Rema','mueble','Mediano','til cosa de una calidad mediocre'),(44,'Oel旦g','herramienta','Peque単o','Eficaz invenci坦n de buena relaci坦n calidad precio'),(45,'Z谷zb旦ey谷-quq谷q','herramienta','Grande','Eficaz cosa de buena relaci坦n calidad precio'),(46,'N谷yq旦','mueble','Peque単o','til cosa de primera necesidad'),(47,'Ziam旦s','decoraci坦n de mesa','Mediano','Eficaz entelequia para el d鱈a a d鱈a'),(48,'Fifs谷','herramienta','Peque単o','Eficaz cacharro para el d鱈a a d鱈a'),(49,'Poxe','mueble','Mediano','til cosa de primera necesidad'),(50,'B谷-t旦pi','herramienta','Mediano','Estridente invenci坦n de la mayor calidad'),(51,'Fihu','herramienta','Peque単o','Imprescindible entelequia para cualquiera'),(52,'J辰zere','mueble','Grande','Adorableobjeto para sacarte de un aprieto'),(53,'Til辰ta','herramienta','Peque単o','Estridente objeto de primera necesidad'),(54,'L谷z谷','herramienta','Grande','Eficaz objeto para sacarte de un aprieto'),(55,'Z辰-lif','decoraci坦n de mesa','Grande','til cosa de una calidad mediocre'),(56,'Ri-r旦','herramienta','Grande','til invenci坦n de la mayor calidad'),(57,'Z辰hbix旦','decoraci坦n de mesa','Grande','Eficaz entelequia para cualquiera'),(58,'Geda','mueble','Peque単o','Eficaz objeto de primera necesidad'),(59,'P旦hu-n谷','mueble','Mediano','Eficaz cosa de una calidad mediocre'),(60,'Baz-xasup','herramienta','Mediano','Estridente invenci坦n de la mayor calidad'),(61,'I旦nebia','herramienta','Mediano','Adorablecosa para el d鱈a a d鱈a'),(62,'E谷-na-h旦sh旦','herramienta','Mediano','Adorableobjeto para sacarte de un aprieto'),(63,'Val-e辰ko','herramienta','Grande','Estridente cosa de la mayor calidad'),(64,'Ket-bas谷f','decoraci坦n de pared','Peque単o','Estridente objeto para sacarte de un aprieto'),(65,'G辰-r谷','mueble','Grande','Eficaz cosa de la mayor calidad'),(66,'Z旦syu-je','herramienta','Grande','til cosa de buena relaci坦n calidad precio'),(67,'Uitofobeorj','mueble','Peque単o','Eficaz invenci坦n para el d鱈a a d鱈a'),(68,'Xovo','decoraci坦n de pared','Mediano','Estridente invenci坦n para el d鱈a a d鱈a'),(69,'Fin辰ou','decoraci坦n de mesa','Peque単o','Estridente cosa de buena relaci坦n calidad precio'),(70,'Kev旦qi-ie','mueble','Mediano','Adorablecacharro de buena relaci坦n calidad precio'),(71,'Ya-gouaorj','herramienta','Grande','til cosa para sacarte de un aprieto'),(72,'Rab-k辰','herramienta','Peque単o','Imprescindible cosa de buena relaci坦n calidad precio'),(73,'F旦oope','mueble','Grande','Estridente cosa de primera necesidad'),(74,'Zuo谷r旦','decoraci坦n de mesa','Mediano','til cosa de una calidad mediocre'),(75,'P谷b谷o辰-loo','herramienta','Peque単o','Adorablecosa de una calidad mediocre'),(76,'Raq旦xo','mueble','Mediano','Estridente entelequia de la mayor calidad'),(77,'H旦za','herramienta','Peque単o','Eficaz entelequia de primera necesidad'),(78,'F谷o辰k谷','herramienta','Mediano','til cosa para cualquiera'),(79,'Se-oud旦','decoraci坦n de mesa','Grande','Imprescindible cosa de una calidad mediocre'),(80,'S旦l-uuj谷bes','decoraci坦n de mesa','Grande','Imprescindible cacharro para sacarte de un aprieto'),(81,'A辰m旦xeji-ya','decoraci坦n de pared','Peque単o','Adorableentelequia de una calidad mediocre'),(82,'I谷uu','mueble','Peque単o','til invenci坦n de la mayor calidad'),(83,'W谷o-qirpa','decoraci坦n de pared','Peque単o','til cacharro para sacarte de un aprieto'),(84,'Qi-e谷','decoraci坦n de mesa','Grande','Eficaz entelequia de la mayor calidad'),(85,'Ea-wasij','mueble','Peque単o','Imprescindible entelequia de primera necesidad'),(86,'Vojilu','herramienta','Mediano','Eficaz cacharro para cualquiera'),(87,'Fiw旦be','mueble','Grande','Estridente entelequia para cualquiera'),(88,'S谷-je','herramienta','Grande','Eficaz cosa de buena relaci坦n calidad precio'),(89,'Kora-da','mueble','Grande','Estridente cosa para cualquiera'),(90,'Yoqe谷-hucu','mueble','Mediano','Imprescindible objeto para cualquiera'),(91,'X旦ka','mueble','Peque単o','Estridente cosa de primera necesidad'),(92,'Xiyejaz旦t辰','decoraci坦n de mesa','Mediano','til objeto para el d鱈a a d鱈a'),(93,'Y旦-bice','decoraci坦n de mesa','Grande','Imprescindible cacharro de una calidad mediocre'),(94,'Maoaae','mueble','Mediano','Adorablecacharro de una calidad mediocre'),(95,'Fitu','herramienta','Mediano','til cacharro de una calidad mediocre'),(96,'Bina','mueble','Grande','til entelequia para el d鱈a a d鱈a'),(97,'Mo-haaov-uulorj','herramienta','Mediano','Imprescindible invenci坦n de buena relaci坦n calidad precio'),(98,'S谷d-si','decoraci坦n de pared','Peque単o','til objeto de la mayor calidad'),(99,'Loo谷','decoraci坦n de pared','Grande','Estridente cacharro de la mayor calidad'),(100,'Soj旦kodimo','mueble','Mediano','Imprescindible objeto para cualquiera'),(101,'Debd旦','mueble','Grande','til invenci坦n para cualquiera'),(102,'Iomd谷','herramienta','Peque単o','Adorablecacharro de primera necesidad'),(103,'Z谷d谷b谷','decoraci坦n de mesa','Mediano','Imprescindible entelequia de buena relaci坦n calidad precio'),(104,'J谷ro','mueble','Mediano','Imprescindible entelequia para los m叩s exigentes'),(105,'Eer-gu','mueble','Grande','til invenci坦n de buena relaci坦n calidad precio'),(106,'N谷cw谷aohorj','herramienta','Mediano','Imprescindible entelequia para el d鱈a a d鱈a'),(107,'Jo-u旦','mueble','Peque単o','Estridente cacharro para sacarte de un aprieto'),(108,'Q辰h谷','decoraci坦n de pared','Mediano','Imprescindible cacharro de buena relaci坦n calidad precio'),(109,'R谷-ii','herramienta','Mediano','Eficaz objeto de buena relaci坦n calidad precio'),(110,'Uu-nu','decoraci坦n de mesa','Peque単o','Adorableobjeto de la mayor calidad'),(111,'Uini','herramienta','Mediano','Estridente invenci坦n de primera necesidad'),(112,'R旦ou','decoraci坦n de pared','Grande','Estridente objeto de una calidad mediocre'),(113,'V谷k-n谷','herramienta','Peque単o','Eficaz objeto para los m叩s exigentes'),(114,'Q旦-ua','herramienta','Grande','Estridente cacharro de buena relaci坦n calidad precio'),(115,'Qob旦','mueble','Peque単o','Imprescindible entelequia para el d鱈a a d鱈a'),(116,'Yeqiu旦horj','herramienta','Grande','til objeto de la mayor calidad'),(117,'Sel-boifa','mueble','Peque単o','Imprescindible invenci坦n de primera necesidad'),(118,'M辰z谷','mueble','Peque単o','Estridente objeto para los m叩s exigentes'),(119,'Nu-leso-xofj','decoraci坦n de mesa','Mediano','Estridente entelequia de una calidad mediocre'),(120,'E谷c旦','decoraci坦n de mesa','Peque単o','Estridente invenci坦n para los m叩s exigentes'),(121,'Weai辰','herramienta','Grande','Adorableobjeto para el d鱈a a d鱈a'),(122,'Fenec谷','mueble','Grande','Estridente objeto de buena relaci坦n calidad precio'),(123,'O旦r-i旦','decoraci坦n de mesa','Mediano','til cosa para cualquiera'),(124,'E谷ji','mueble','Grande','Estridente invenci坦n para cualquiera'),(125,'Quxe','herramienta','Grande','Adorableinvenci坦n de buena relaci坦n calidad precio'),(126,'Eua-d辰j','decoraci坦n de mesa','Grande','Eficaz entelequia de una calidad mediocre'),(127,'V辰s辰','decoraci坦n de pared','Mediano','Imprescindible objeto para los m叩s exigentes'),(128,'Lead辰w谷','herramienta','Peque単o','til cacharro para sacarte de un aprieto'),(129,'Tiw-qoo旦m','decoraci坦n de mesa','Mediano','til cosa para cualquiera'),(130,'B辰w旦','herramienta','Peque単o','Adorableentelequia para los m叩s exigentes'),(131,'T旦jiu辰z','mueble','Grande','Eficaz objeto para sacarte de un aprieto'),(132,'D谷l谷','decoraci坦n de mesa','Mediano','til entelequia para los m叩s exigentes'),(133,'Xihao','decoraci坦n de mesa','Grande','Eficaz entelequia para cualquiera'),(134,'U谷uemd旦','mueble','Peque単o','Adorablecosa de la mayor calidad'),(135,'Iepus谷','decoraci坦n de mesa','Grande','Estridente cacharro para el d鱈a a d鱈a'),(136,'Q旦-p旦','herramienta','Mediano','til cacharro para el d鱈a a d鱈a'),(137,'Yukie','herramienta','Peque単o','Imprescindible cosa de la mayor calidad'),(138,'Yowuz谷n','decoraci坦n de mesa','Peque単o','Estridente cosa para los m叩s exigentes'),(139,'Xacafuc旦e旦vj','mueble','Mediano','Estridente invenci坦n para el d鱈a a d鱈a'),(140,'Ei-j谷s','mueble','Grande','Adorableinvenci坦n para sacarte de un aprieto'),(141,'B谷f旦','herramienta','Peque単o','Adorableobjeto para sacarte de un aprieto'),(142,'V旦do-y辰','decoraci坦n de pared','Grande','til invenci坦n para los m叩s exigentes'),(143,'Lurkegu','mueble','Peque単o','til cosa de primera necesidad'),(144,'Iuzi','herramienta','Mediano','til entelequia para sacarte de un aprieto'),(145,'Hiw辰','decoraci坦n de mesa','Grande','Estridente objeto de buena relaci坦n calidad precio'),(146,'Pac谷kuc','herramienta','Peque単o','Eficaz objeto para cualquiera'),(147,'E旦ysa','herramienta','Mediano','til cacharro de primera necesidad'),(148,'E旦biaif谷n','decoraci坦n de pared','Peque単o','Eficaz invenci坦n de la mayor calidad'),(149,'P谷k-hi','mueble','Mediano','til invenci坦n de una calidad mediocre'),(150,'I辰l辰h','mueble','Peque単o','til entelequia de primera necesidad'),(151,'Uudqufuw旦si-f旦yorj','herramienta','Peque単o','Estridente cacharro de una calidad mediocre'),(152,'S谷vazomuuo旦','herramienta','Grande','Estridente cacharro de primera necesidad'),(153,'Oicop','mueble','Mediano','Eficaz invenci坦n de la mayor calidad'),(154,'Piiwi','mueble','Mediano','Estridente cosa para el d鱈a a d鱈a'),(155,'K辰mw旦','decoraci坦n de pared','Grande','til invenci坦n para sacarte de un aprieto'),(156,'Pe-jo','mueble','Mediano','Imprescindible entelequia de primera necesidad'),(157,'Gu-supo','decoraci坦n de mesa','Peque単o','Eficaz invenci坦n para el d鱈a a d鱈a'),(158,'Iuca','mueble','Peque単o','til cacharro de la mayor calidad'),(159,'K谷mwose','decoraci坦n de mesa','Peque単o','Estridente cosa para cualquiera'),(160,'Yib-oi','herramienta','Peque単o','Imprescindible invenci坦n para cualquiera'),(161,'V辰z旦e辰','mueble','Mediano','Adorablecacharro de buena relaci坦n calidad precio'),(162,'C谷wi','decoraci坦n de mesa','Grande','Eficaz cosa de buena relaci坦n calidad precio'),(163,'Huw-so','mueble','Mediano','Eficaz invenci坦n de primera necesidad'),(164,'Carue','mueble','Peque単o','til cosa de la mayor calidad'),(165,'Xo-paauyn旦','mueble','Mediano','Imprescindible objeto para cualquiera'),(166,'Q谷c-q谷','decoraci坦n de pared','Grande','til cosa de una calidad mediocre'),(167,'X谷xuxa','mueble','Mediano','til entelequia de la mayor calidad'),(168,'Zinua','decoraci坦n de mesa','Peque単o','til cacharro para cualquiera'),(169,'Q辰k谷','decoraci坦n de pared','Grande','Eficaz invenci坦n de la mayor calidad'),(170,'D谷-w旦','decoraci坦n de mesa','Peque単o','til cosa de una calidad mediocre'),(171,'Suvdun旦','herramienta','Peque単o','Adorableinvenci坦n para los m叩s exigentes'),(172,'Cokmi','herramienta','Peque単o','Imprescindible invenci坦n para el d鱈a a d鱈a'),(173,'Ia-ji','mueble','Mediano','Eficaz objeto de buena relaci坦n calidad precio'),(174,'Se-b辰y','mueble','Peque単o','til entelequia de primera necesidad'),(175,'C辰kc谷','herramienta','Mediano','Estridente cosa de buena relaci坦n calidad precio'),(176,'K谷goyo','mueble','Grande','Imprescindible objeto de primera necesidad'),(177,'Z辰oe','mueble','Grande','til invenci坦n para el d鱈a a d鱈a'),(178,'M谷-la','herramienta','Grande','Adorablecosa para los m叩s exigentes'),(179,'Lum-s辰j','herramienta','Mediano','Eficaz cacharro de una calidad mediocre'),(180,'U谷g谷xo','mueble','Peque単o','Imprescindible objeto para sacarte de un aprieto'),(181,'Rej旦s辰','herramienta','Mediano','Adorablecacharro de primera necesidad'),(182,'Suwli','herramienta','Peque単o','Eficaz objeto para los m叩s exigentes'),(183,'Suyib-bu','herramienta','Mediano','Estridente objeto para cualquiera'),(184,'De-o旦','mueble','Mediano','Estridente cosa para sacarte de un aprieto'),(185,'Augta','herramienta','Peque単o','Adorableinvenci坦n para cualquiera'),(186,'Aa-si','decoraci坦n de mesa','Grande','Estridente objeto de buena relaci坦n calidad precio'),(187,'Weso','mueble','Mediano','Estridente entelequia de la mayor calidad'),(188,'Hekx辰','mueble','Mediano','Eficaz objeto para cualquiera'),(189,'Goj辰ya','herramienta','Mediano','Estridente invenci坦n de la mayor calidad'),(190,'Kil辰','mueble','Grande','Estridente cosa para el d鱈a a d鱈a'),(191,'Dimu','mueble','Mediano','til cosa de buena relaci坦n calidad precio'),(192,'Dai-xur','herramienta','Grande','til entelequia para sacarte de un aprieto'),(193,'L谷gih谷','herramienta','Peque単o','Imprescindible cosa de una calidad mediocre'),(194,'La-x谷u谷oaj','mueble','Grande','Imprescindible entelequia de una calidad mediocre'),(195,'G旦za','mueble','Peque単o','Eficaz entelequia de una calidad mediocre'),(196,'Newi','decoraci坦n de mesa','Grande','Eficaz cacharro de primera necesidad'),(197,'Ueu-moj旦j','decoraci坦n de mesa','Peque単o','Eficaz invenci坦n de buena relaci坦n calidad precio'),(198,'Tuset辰','herramienta','Mediano','Estridente invenci坦n para cualquiera'),(199,'G谷-mi','decoraci坦n de pared','Mediano','til entelequia para el d鱈a a d鱈a'),(200,'Ea-lutu','herramienta','Peque単o','Imprescindible invenci坦n para el d鱈a a d鱈a'),(201,'Do-dudev旦','decoraci坦n de mesa','Grande','Eficaz entelequia de una calidad mediocre'),(202,'D谷-x辰wow','mueble','Mediano','Estridente entelequia para cualquiera'),(203,'Meo辰','mueble','Peque単o','Estridente objeto para cualquiera'),(204,'U旦-a旦','herramienta','Peque単o','Eficaz cosa de primera necesidad'),(205,'Ue-p辰zim谷-g旦a','decoraci坦n de mesa','Peque単o','Adorableentelequia de buena relaci坦n calidad precio'),(206,'Donona','mueble','Grande','Adorableinvenci坦n para los m叩s exigentes'),(207,'B辰ot旦','decoraci坦n de mesa','Peque単o','Eficaz cacharro para el d鱈a a d鱈a'),(208,'Iaoo','herramienta','Grande','til objeto de buena relaci坦n calidad precio'),(209,'Lu-n辰la','decoraci坦n de pared','Mediano','Eficaz objeto para el d鱈a a d鱈a'),(210,'Dene','decoraci坦n de mesa','Grande','til invenci坦n de la mayor calidad'),(211,'W旦alod旦gi','herramienta','Peque単o','Eficaz cacharro de primera necesidad'),(212,'Aem旦vah','herramienta','Grande','Imprescindible cacharro de buena relaci坦n calidad precio'),(213,'T谷-oe','decoraci坦n de pared','Mediano','Adorablecacharro de la mayor calidad'),(214,'Auro','decoraci坦n de mesa','Grande','Estridente objeto para cualquiera'),(215,'X旦vo','mueble','Grande','Estridente cosa de primera necesidad'),(216,'Y辰-s辰r辰','mueble','Peque単o','Adorableinvenci坦n de primera necesidad'),(217,'Feol旦','herramienta','Peque単o','til cosa para cualquiera'),(218,'Ia-s谷','herramienta','Grande','Adorablecosa de primera necesidad'),(219,'D辰voope','mueble','Grande','Eficaz cosa para sacarte de un aprieto'),(220,'Jeku谷j','herramienta','Peque単o','til cosa de la mayor calidad'),(221,'Je-v旦ti','decoraci坦n de mesa','Mediano','Imprescindible cosa de primera necesidad'),(222,'Ner旦','mueble','Grande','Eficaz entelequia para los m叩s exigentes'),(223,'U谷aepij','herramienta','Mediano','til invenci坦n para sacarte de un aprieto'),(224,'Z辰ael辰ni','mueble','Peque単o','Estridente cosa para sacarte de un aprieto'),(225,'Ga-w旦m旦z','decoraci坦n de mesa','Peque単o','Adorableentelequia para el d鱈a a d鱈a'),(226,'Q辰ii','mueble','Peque単o','Estridente entelequia de buena relaci坦n calidad precio'),(227,'C辰-dob旦borj','herramienta','Mediano','Imprescindible entelequia de buena relaci坦n calidad precio'),(228,'M旦luj','mueble','Grande','Adorablecosa de buena relaci坦n calidad precio'),(229,'X辰pe','mueble','Peque単o','Adorablecacharro para el d鱈a a d鱈a'),(230,'Sifxo-e旦ranorj','decoraci坦n de mesa','Mediano','Estridente cosa de primera necesidad'),(231,'Yu-ye','herramienta','Peque単o','Estridente objeto para los m叩s exigentes'),(232,'T旦vejoj','mueble','Mediano','Adorableinvenci坦n de primera necesidad'),(233,'Ti-ri','mueble','Mediano','til cacharro para el d鱈a a d鱈a'),(234,'Yifq谷','herramienta','Peque単o','Imprescindible invenci坦n para cualquiera'),(235,'Ee-h旦','herramienta','Mediano','Estridente entelequia para el d鱈a a d鱈a'),(236,'R旦uize','decoraci坦n de pared','Grande','Estridente objeto de una calidad mediocre'),(237,'I辰rocu','herramienta','Grande','Adorableinvenci坦n de buena relaci坦n calidad precio'),(238,'Uoc辰lo','herramienta','Grande','Adorableentelequia para cualquiera'),(239,'Mij-to','herramienta','Mediano','Imprescindible cosa para cualquiera'),(240,'Siao','herramienta','Grande','Eficaz invenci坦n de una calidad mediocre'),(241,'Y旦aa','mueble','Grande','til invenci坦n de la mayor calidad'),(242,'Quttay','mueble','Grande','Eficaz cacharro para sacarte de un aprieto'),(243,'S辰wd旦','decoraci坦n de mesa','Mediano','Adorablecacharro de la mayor calidad'),(244,'Oaou','mueble','Mediano','Adorableinvenci坦n para el d鱈a a d鱈a'),(245,'Yetzah','decoraci坦n de mesa','Mediano','Imprescindible invenci坦n para el d鱈a a d鱈a'),(246,'Pocaoafalorj','decoraci坦n de mesa','Grande','Imprescindible objeto de una calidad mediocre'),(247,'A谷e旦hqocuyj','mueble','Peque単o','Adorableentelequia para los m叩s exigentes'),(248,'Iaf旦vej','decoraci坦n de pared','Grande','Eficaz entelequia de primera necesidad'),(249,'Eu-re','herramienta','Mediano','til objeto de primera necesidad'),(250,'M谷xzeh辰j','herramienta','Mediano','Imprescindible cacharro para el d鱈a a d鱈a'),(251,'R谷es谷dor','herramienta','Grande','Eficaz objeto de la mayor calidad'),(252,'Vas辰','decoraci坦n de pared','Mediano','Adorableobjeto para cualquiera'),(253,'Cemuj','herramienta','Grande','Imprescindible cosa para los m叩s exigentes'),(254,'N辰ju','herramienta','Mediano','Adorablecacharro de la mayor calidad'),(255,'J辰j辰','herramienta','Mediano','Estridente invenci坦n de primera necesidad'),(256,'H旦o-na','mueble','Mediano','Imprescindible entelequia para sacarte de un aprieto'),(257,'Fumu','decoraci坦n de mesa','Peque単o','Eficaz cosa de buena relaci坦n calidad precio'),(258,'Yogah辰fo','herramienta','Grande','til cosa para cualquiera'),(259,'P旦aeh谷m','decoraci坦n de mesa','Mediano','til invenci坦n para sacarte de un aprieto'),(260,'Me-nacuorj','mueble','Grande','Eficaz entelequia para los m叩s exigentes'),(261,'L旦-w旦','mueble','Peque単o','Estridente invenci坦n de la mayor calidad'),(262,'P旦ce','decoraci坦n de mesa','Mediano','Imprescindible invenci坦n para los m叩s exigentes'),(263,'Hom谷fe','herramienta','Peque単o','Eficaz entelequia de buena relaci坦n calidad precio'),(264,'Kog旦fi','mueble','Mediano','Estridente cosa de primera necesidad'),(265,'Casx旦','herramienta','Mediano','Adorableinvenci坦n de una calidad mediocre'),(266,'Weea','herramienta','Mediano','Estridente cacharro de la mayor calidad'),(267,'Zeeo','herramienta','Grande','Eficaz invenci坦n para el d鱈a a d鱈a'),(268,'Z谷yol旦','herramienta','Peque単o','Eficaz objeto para los m叩s exigentes'),(269,'L谷v辰r辰orj','herramienta','Mediano','Eficaz objeto de primera necesidad'),(270,'C旦s-f旦zven','herramienta','Grande','Imprescindible cacharro de buena relaci坦n calidad precio'),(271,'Cem-seqw旦c','decoraci坦n de mesa','Mediano','Estridente invenci坦n para el d鱈a a d鱈a'),(272,'Yulu','herramienta','Mediano','Adorablecacharro para el d鱈a a d鱈a'),(273,'Jaqwu','mueble','Mediano','Imprescindible cacharro de una calidad mediocre'),(274,'F谷z-bayozaorj','decoraci坦n de mesa','Mediano','til objeto de una calidad mediocre'),(275,'Ri-oo','herramienta','Mediano','Estridente cosa para el d鱈a a d鱈a'),(276,'B旦-ui','mueble','Peque単o','Estridente entelequia de la mayor calidad'),(277,'Buu-bac辰husorj','herramienta','Peque単o','Estridente entelequia de la mayor calidad'),(278,'Nalau','herramienta','Peque単o','Eficaz entelequia para sacarte de un aprieto'),(279,'Z辰-ia','herramienta','Mediano','Adorableentelequia de primera necesidad'),(280,'Y谷t旦','mueble','Grande','Estridente entelequia de buena relaci坦n calidad precio'),(281,'D旦rot旦vue','mueble','Peque単o','Imprescindible entelequia de buena relaci坦n calidad precio'),(282,'Mafu','decoraci坦n de mesa','Peque単o','Eficaz cosa de una calidad mediocre'),(283,'Lig谷','mueble','Grande','Adorablecosa para sacarte de un aprieto'),(284,'W辰wo','decoraci坦n de mesa','Mediano','Adorablecosa para sacarte de un aprieto'),(285,'U谷j旦','herramienta','Mediano','Adorableinvenci坦n de la mayor calidad'),(286,'Kowedo','mueble','Peque単o','til entelequia de una calidad mediocre'),(287,'Pid辰','decoraci坦n de pared','Grande','Adorableentelequia para el d鱈a a d鱈a'),(288,'Uopaauhij','mueble','Mediano','Estridente objeto de la mayor calidad'),(289,'U辰fu','mueble','Mediano','til entelequia para sacarte de un aprieto'),(290,'J旦-e谷l','decoraci坦n de mesa','Peque単o','Eficaz invenci坦n de la mayor calidad'),(291,'Buy谷','mueble','Peque単o','til cacharro de primera necesidad'),(292,'Pije','mueble','Mediano','Imprescindible invenci坦n para sacarte de un aprieto'),(293,'Mac-e谷cs谷','decoraci坦n de pared','Mediano','Adorableinvenci坦n para cualquiera'),(294,'Uoisi','herramienta','Grande','til cosa para cualquiera'),(295,'Voa谷','herramienta','Peque単o','Eficaz invenci坦n de primera necesidad'),(296,'Keie','herramienta','Grande','Adorablecacharro para el d鱈a a d鱈a'),(297,'Yuaax','decoraci坦n de mesa','Peque単o','Adorablecosa de una calidad mediocre'),(298,'H旦b-nog旦','mueble','Peque単o','Adorableentelequia para cualquiera'),(299,'Wi-he','decoraci坦n de mesa','Mediano','Eficaz cosa para sacarte de un aprieto'),(300,'Ciqazi谷','herramienta','Grande','Imprescindible entelequia de buena relaci坦n calidad precio'),(301,'Bilmaboqae','decoraci坦n de pared','Peque単o','Adorableentelequia para cualquiera'),(302,'U辰qu','decoraci坦n de mesa','Peque単o','til invenci坦n de buena relaci坦n calidad precio'),(303,'Dina','herramienta','Mediano','Estridente cacharro de una calidad mediocre'),(304,'Xifi','decoraci坦n de mesa','Grande','Estridente objeto de buena relaci坦n calidad precio'),(305,'T旦-heeihouga','decoraci坦n de mesa','Mediano','Adorablecosa de la mayor calidad'),(306,'G旦j-e谷w','herramienta','Grande','Adorablecacharro para el d鱈a a d鱈a'),(307,'V辰ibe','decoraci坦n de mesa','Peque単o','til entelequia para sacarte de un aprieto'),(308,'Aic谷q','mueble','Peque単o','Eficaz invenci坦n para los m叩s exigentes'),(309,'H旦t-ca-bi','mueble','Peque単o','Imprescindible invenci坦n de una calidad mediocre'),(310,'Mov谷','decoraci坦n de pared','Mediano','Eficaz cosa de la mayor calidad'),(311,'Huf辰','herramienta','Peque単o','til invenci坦n para cualquiera'),(312,'T辰-sevinu','herramienta','Peque単o','Eficaz cosa de una calidad mediocre'),(313,'Goaevub辰','herramienta','Grande','Eficaz entelequia de buena relaci坦n calidad precio'),(314,'Muve','decoraci坦n de mesa','Mediano','Eficaz invenci坦n de primera necesidad'),(315,'Q辰-n辰','herramienta','Peque単o','Eficaz invenci坦n para el d鱈a a d鱈a'),(316,'Xuaha','herramienta','Grande','Imprescindible cosa para cualquiera'),(317,'Kez-xabico辰x','decoraci坦n de mesa','Grande','Adorablecosa para los m叩s exigentes'),(318,'Zi-j辰','decoraci坦n de mesa','Grande','Imprescindible cacharro para sacarte de un aprieto'),(319,'Siseyi-f辰aj','decoraci坦n de pared','Mediano','Estridente invenci坦n para los m叩s exigentes'),(320,'Luyneoe','herramienta','Grande','til cacharro para cualquiera'),(321,'Tojuqige','mueble','Mediano','Eficaz cacharro de buena relaci坦n calidad precio'),(322,'Civuia','decoraci坦n de mesa','Grande','Estridente objeto de buena relaci坦n calidad precio'),(323,'I辰d谷-ka','herramienta','Mediano','Eficaz cosa para el d鱈a a d鱈a'),(324,'Eioaoj','decoraci坦n de mesa','Mediano','Adorablecosa de una calidad mediocre'),(325,'Gon-quf谷p','decoraci坦n de mesa','Mediano','til invenci坦n para el d鱈a a d鱈a'),(326,'X谷vedi','decoraci坦n de mesa','Mediano','Adorableobjeto para el d鱈a a d鱈a'),(327,'U旦q辰jmo','mueble','Grande','Adorableobjeto de la mayor calidad'),(328,'T辰z-ci','decoraci坦n de mesa','Mediano','Eficaz cosa para el d鱈a a d鱈a'),(329,'P旦v谷','herramienta','Peque単o','Estridente objeto para el d鱈a a d鱈a'),(330,'D谷-p谷m','herramienta','Mediano','Adorablecosa para sacarte de un aprieto'),(331,'O辰cen旦','herramienta','Mediano','Adorablecacharro para los m叩s exigentes'),(332,'Fex-ku','decoraci坦n de mesa','Grande','Imprescindible invenci坦n de la mayor calidad'),(333,'X辰a旦','mueble','Peque単o','Estridente cosa de una calidad mediocre'),(334,'P谷-uu','mueble','Grande','Eficaz objeto de una calidad mediocre'),(335,'Lug-ba-c辰','decoraci坦n de mesa','Mediano','Estridente cosa para sacarte de un aprieto'),(336,'W谷rob谷o谷heb','herramienta','Mediano','Adorableinvenci坦n para los m叩s exigentes'),(337,'Xetim','decoraci坦n de mesa','Mediano','Adorablecacharro para el d鱈a a d鱈a'),(338,'F辰tu','herramienta','Grande','til cosa para cualquiera'),(339,'A谷toji','herramienta','Grande','Estridente entelequia para cualquiera'),(340,'H辰lo','herramienta','Mediano','Eficaz cacharro para sacarte de un aprieto'),(341,'Re-buru','herramienta','Peque単o','Estridente objeto de una calidad mediocre'),(342,'Tire','decoraci坦n de mesa','Peque単o','Imprescindible cosa para el d鱈a a d鱈a'),(343,'Aez谷foeorj','mueble','Peque単o','Adorableobjeto para los m叩s exigentes'),(344,'Fa-do','herramienta','Grande','Estridente entelequia de buena relaci坦n calidad precio'),(345,'Na-qux旦c谷aj','herramienta','Mediano','Eficaz cosa de buena relaci坦n calidad precio'),(346,'O辰gise','decoraci坦n de pared','Peque単o','Estridente cosa de la mayor calidad'),(347,'Vabe','mueble','Grande','Eficaz invenci坦n para sacarte de un aprieto'),(348,'Kede','mueble','Mediano','Eficaz objeto de buena relaci坦n calidad precio'),(349,'Zopena','herramienta','Grande','Adorablecacharro de una calidad mediocre'),(350,'Quo旦','herramienta','Grande','til cacharro para cualquiera'),(351,'Wuv谷','decoraci坦n de mesa','Peque単o','til entelequia de buena relaci坦n calidad precio'),(352,'Yuxd谷','herramienta','Peque単o','til objeto de primera necesidad'),(353,'C辰a辰','herramienta','Mediano','Eficaz cosa para sacarte de un aprieto'),(354,'Uo-j旦orj','herramienta','Mediano','Eficaz cosa de primera necesidad'),(355,'B辰pe','decoraci坦n de pared','Peque単o','til cosa para los m叩s exigentes'),(356,'Oebdioo','mueble','Mediano','Estridente invenci坦n de primera necesidad'),(357,'Ton-gire','herramienta','Peque単o','til cosa de la mayor calidad'),(358,'Fo-p辰','decoraci坦n de mesa','Mediano','til entelequia para cualquiera'),(359,'Jola','herramienta','Mediano','Estridente cacharro de la mayor calidad'),(360,'M辰bf谷','mueble','Grande','Adorableinvenci坦n de la mayor calidad'),(361,'Rizoeyor辰vorj','decoraci坦n de pared','Peque単o','Imprescindible cacharro de una calidad mediocre'),(362,'Feovebecii旦','herramienta','Grande','Imprescindible invenci坦n de buena relaci坦n calidad precio'),(363,'H谷ue','decoraci坦n de mesa','Mediano','Estridente cacharro de buena relaci坦n calidad precio'),(364,'U辰fxo','mueble','Peque単o','Eficaz cosa para los m叩s exigentes'),(365,'C旦ct辰','herramienta','Mediano','Adorableobjeto de una calidad mediocre'),(366,'Gu-fik谷','mueble','Grande','til cacharro de una calidad mediocre'),(367,'Zuy谷l旦r','decoraci坦n de pared','Peque単o','Imprescindible cacharro para los m叩s exigentes'),(368,'Uako','herramienta','Peque単o','Imprescindible invenci坦n de primera necesidad'),(369,'Patip','herramienta','Mediano','til objeto para sacarte de un aprieto'),(370,'C辰nri','mueble','Mediano','Imprescindible entelequia de una calidad mediocre'),(371,'Hilo','decoraci坦n de mesa','Mediano','Eficaz cacharro para los m叩s exigentes'),(372,'Cekori','decoraci坦n de pared','Peque単o','Estridente entelequia para cualquiera'),(373,'Bof-k辰','decoraci坦n de mesa','Mediano','Estridente cacharro para cualquiera'),(374,'P辰jtu','herramienta','Peque単o','Estridente cosa para cualquiera'),(375,'Taoda','mueble','Mediano','Adorableentelequia para los m叩s exigentes'),(376,'U谷fihow','herramienta','Mediano','til entelequia de la mayor calidad'),(377,'W旦cid旦','decoraci坦n de mesa','Peque単o','Estridente objeto de la mayor calidad'),(378,'Q旦y谷','herramienta','Mediano','Eficaz cosa para sacarte de un aprieto'),(379,'Ruo辰femorj','herramienta','Mediano','Adorablecosa de la mayor calidad'),(380,'Kimi','herramienta','Peque単o','Estridente entelequia para los m叩s exigentes'),(381,'Y谷eui','mueble','Mediano','Estridente cacharro de la mayor calidad'),(382,'J谷eeye','mueble','Mediano','Imprescindible invenci坦n para sacarte de un aprieto'),(383,'Euk辰i旦jj','decoraci坦n de pared','Grande','Adorablecacharro para el d鱈a a d鱈a'),(384,'Uud-r辰ba','herramienta','Peque単o','Eficaz cosa de la mayor calidad'),(385,'Do-x辰','herramienta','Grande','Estridente objeto para sacarte de un aprieto'),(386,'Ees旦quce','herramienta','Mediano','Adorablecacharro de primera necesidad'),(387,'Que-h谷','herramienta','Peque単o','Imprescindible cosa para sacarte de un aprieto'),(388,'V谷rid谷','decoraci坦n de pared','Grande','Estridente cosa para los m叩s exigentes'),(389,'B谷-p辰','decoraci坦n de pared','Peque単o','Imprescindible cacharro de una calidad mediocre'),(390,'Z谷iiuno','decoraci坦n de mesa','Mediano','Estridente objeto de buena relaci坦n calidad precio'),(391,'Yaiu','mueble','Mediano','til cosa para el d鱈a a d鱈a'),(392,'Ua-ne','mueble','Grande','Imprescindible cacharro para cualquiera'),(393,'Qiz-o旦','herramienta','Peque単o','Estridente cosa de buena relaci坦n calidad precio'),(394,'Zeo-eo','herramienta','Mediano','Adorableobjeto para los m叩s exigentes'),(395,'Eoxac旦','decoraci坦n de mesa','Peque単o','til objeto para el d鱈a a d鱈a'),(396,'Fiwgo','herramienta','Peque単o','Adorablecosa de la mayor calidad'),(397,'Y辰a谷h旦','herramienta','Peque単o','Imprescindible entelequia de una calidad mediocre'),(398,'Haj-xef辰','herramienta','Peque単o','Imprescindible objeto para los m叩s exigentes'),(399,'Zuae','herramienta','Peque単o','Adorablecacharro de primera necesidad'),(400,'Xufu辰','decoraci坦n de mesa','Grande','Eficaz invenci坦n para el d鱈a a d鱈a'),(401,'Mo-xe','herramienta','Peque単o','Imprescindible objeto para cualquiera'),(402,'Pozap谷i','mueble','Grande','Adorablecacharro para los m叩s exigentes'),(403,'Aaiefa','decoraci坦n de mesa','Mediano','Eficaz cosa de primera necesidad'),(404,'Aofi辰ea','herramienta','Peque単o','Imprescindible invenci坦n para el d鱈a a d鱈a'),(405,'Bez-ao','decoraci坦n de mesa','Peque単o','til invenci坦n de buena relaci坦n calidad precio'),(406,'Iu-aoeb辰','herramienta','Peque単o','Adorableentelequia para cualquiera'),(407,'Nil旦vi-fi','decoraci坦n de mesa','Mediano','Adorablecosa de una calidad mediocre'),(408,'C谷cuafub','mueble','Mediano','Imprescindible cacharro de primera necesidad'),(409,'Nofr谷ke','herramienta','Mediano','til entelequia para el d鱈a a d鱈a'),(410,'N谷-xe','herramienta','Grande','Eficaz entelequia para cualquiera'),(411,'E旦viiaiorj','herramienta','Peque単o','til cacharro de primera necesidad'),(412,'H旦-qupej','herramienta','Grande','Estridente cacharro de la mayor calidad'),(413,'A谷ltuba','herramienta','Mediano','Estridente entelequia de la mayor calidad'),(414,'E旦r-ii','mueble','Grande','Adorableentelequia de una calidad mediocre'),(415,'X辰k谷','herramienta','Grande','Imprescindible cacharro para cualquiera'),(416,'Haz辰f旦-oo','decoraci坦n de pared','Mediano','Estridente invenci坦n para sacarte de un aprieto'),(417,'Famaj','decoraci坦n de mesa','Mediano','Estridente entelequia de la mayor calidad'),(418,'C旦z-i旦yeu','decoraci坦n de pared','Grande','til entelequia para los m叩s exigentes'),(419,'Yepu','decoraci坦n de pared','Mediano','til cacharro para cualquiera'),(420,'Aed辰','mueble','Peque単o','Adorableinvenci坦n para cualquiera'),(421,'Tuyd辰','decoraci坦n de pared','Grande','Adorablecacharro para el d鱈a a d鱈a'),(422,'Hoiuo辰','mueble','Peque単o','Estridente objeto de la mayor calidad'),(423,'X旦goxo','mueble','Grande','Eficaz entelequia para sacarte de un aprieto'),(424,'Tod-ru','decoraci坦n de pared','Peque単o','Imprescindible objeto de la mayor calidad'),(425,'Rax谷','herramienta','Mediano','Eficaz entelequia para sacarte de un aprieto'),(426,'N旦nalue','decoraci坦n de mesa','Mediano','Eficaz invenci坦n de la mayor calidad'),(427,'Geueqeforj','herramienta','Grande','Estridente invenci坦n para cualquiera'),(428,'Qau旦','decoraci坦n de pared','Mediano','Imprescindible entelequia de primera necesidad'),(429,'W辰ma','mueble','Grande','til objeto para cualquiera'),(430,'Nona','mueble','Peque単o','Estridente entelequia de primera necesidad'),(431,'J谷e旦e谷duz','herramienta','Grande','Adorableinvenci坦n para sacarte de un aprieto'),(432,'Z辰o谷e旦','herramienta','Peque単o','Eficaz entelequia de la mayor calidad'),(433,'Yira-ve','mueble','Peque単o','Imprescindible cosa de buena relaci坦n calidad precio'),(434,'Mujm旦rseq辰orj','mueble','Peque単o','Estridente invenci坦n para sacarte de un aprieto'),(435,'Wuw-lo-n旦','herramienta','Grande','Adorableinvenci坦n de la mayor calidad'),(436,'Kum辰d谷','mueble','Peque単o','Imprescindible invenci坦n para los m叩s exigentes'),(437,'N旦se','herramienta','Grande','Adorableinvenci坦n de buena relaci坦n calidad precio'),(438,'Oe-b旦ju','herramienta','Mediano','Imprescindible cosa de buena relaci坦n calidad precio'),(439,'Nu-c辰gu','decoraci坦n de pared','Peque単o','til invenci坦n para cualquiera'),(440,'Ee-l辰','herramienta','Grande','Eficaz invenci坦n de primera necesidad'),(441,'Low辰','decoraci坦n de mesa','Peque単o','Adorableinvenci坦n para cualquiera'),(442,'A谷-ya','decoraci坦n de pared','Peque単o','Imprescindible cosa para los m叩s exigentes'),(443,'Jui谷qeuohlo','herramienta','Peque単o','Estridente objeto para los m叩s exigentes'),(444,'Co-cav','herramienta','Grande','Estridente invenci坦n de la mayor calidad'),(445,'Ja-j旦a谷','herramienta','Peque単o','til objeto para los m叩s exigentes'),(446,'Q辰kup辰ej','decoraci坦n de pared','Mediano','Eficaz entelequia para sacarte de un aprieto'),(447,'Ku-ku','mueble','Grande','til invenci坦n para los m叩s exigentes'),(448,'A谷zew','herramienta','Mediano','Eficaz cacharro para cualquiera'),(449,'Qelweda','mueble','Peque単o','til cacharro para cualquiera'),(450,'Cuyizo','herramienta','Mediano','Estridente cacharro de una calidad mediocre'),(451,'Z旦o旦soe','decoraci坦n de mesa','Grande','Eficaz invenci坦n para los m叩s exigentes'),(452,'Leaeqe','decoraci坦n de mesa','Grande','Imprescindible cosa de la mayor calidad'),(453,'Rilu','mueble','Peque単o','Adorableobjeto para los m叩s exigentes'),(454,'R旦myun旦kv旦aeorj','herramienta','Peque単o','Adorablecosa para el d鱈a a d鱈a'),(455,'Suqico-w谷lorj','herramienta','Peque単o','Adorableobjeto para cualquiera'),(456,'Yawaoxisj','herramienta','Grande','til cosa para el d鱈a a d鱈a'),(457,'Oahru','herramienta','Mediano','Imprescindible invenci坦n para cualquiera'),(458,'Euna','herramienta','Mediano','Adorableinvenci坦n de primera necesidad'),(459,'Quj-tenojul','mueble','Mediano','Adorableentelequia para cualquiera'),(460,'Seieu谷','mueble','Mediano','Eficaz cacharro para cualquiera'),(461,'N谷-l谷','herramienta','Peque単o','Estridente invenci坦n de primera necesidad'),(462,'Qav旦vauorj','herramienta','Mediano','til invenci坦n para los m叩s exigentes'),(463,'Oic-aog','herramienta','Mediano','til objeto para cualquiera'),(464,'Meoax辰','decoraci坦n de mesa','Grande','Adorablecosa para cualquiera'),(465,'P谷ja','herramienta','Grande','Imprescindible objeto para sacarte de un aprieto'),(466,'Y谷uez旦','mueble','Mediano','til entelequia para los m叩s exigentes'),(467,'O谷fij旦k谷rj','decoraci坦n de mesa','Peque単o','Estridente cosa de primera necesidad'),(468,'Aa-vo','herramienta','Grande','Imprescindible cacharro para el d鱈a a d鱈a'),(469,'U旦dike','mueble','Grande','Adorablecosa de una calidad mediocre'),(470,'Rijkadec辰','herramienta','Mediano','Eficaz entelequia de primera necesidad'),(471,'Fuiesn谷','herramienta','Grande','Adorablecacharro de primera necesidad'),(472,'Iewbauuc辰u','decoraci坦n de pared','Peque単o','Eficaz cacharro de buena relaci坦n calidad precio'),(473,'F辰gaxj辰','herramienta','Grande','Adorableobjeto de una calidad mediocre'),(474,'L旦xqo','herramienta','Mediano','Adorableentelequia para sacarte de un aprieto'),(475,'Uuj谷','herramienta','Grande','Adorablecacharro de la mayor calidad'),(476,'Uau旦','herramienta','Mediano','Imprescindible cacharro para el d鱈a a d鱈a'),(477,'Reeioukj','mueble','Peque単o','til entelequia para los m叩s exigentes'),(478,'Reduga','decoraci坦n de mesa','Grande','Adorableentelequia de la mayor calidad'),(479,'Pi-sas','herramienta','Peque単o','til invenci坦n para sacarte de un aprieto'),(480,'Riq-o辰','decoraci坦n de mesa','Peque単o','Imprescindible cosa para cualquiera'),(481,'I旦i谷','mueble','Peque単o','til cacharro de buena relaci坦n calidad precio'),(482,'Ba-mu','herramienta','Peque単o','Imprescindible cacharro para cualquiera'),(483,'S辰-xi','decoraci坦n de mesa','Grande','Eficaz entelequia para el d鱈a a d鱈a'),(484,'S谷jo','decoraci坦n de mesa','Peque単o','Estridente cacharro para sacarte de un aprieto'),(485,'Xiaf旦c旦','herramienta','Peque単o','Estridente cosa para cualquiera'),(486,'Aubj谷a旦','herramienta','Peque単o','til entelequia de la mayor calidad'),(487,'Lu-yeyivej','decoraci坦n de mesa','Peque単o','Estridente entelequia de una calidad mediocre'),(488,'Sizij','decoraci坦n de mesa','Grande','Eficaz cacharro de la mayor calidad'),(489,'W辰-muuey','mueble','Grande','Estridente cosa para el d鱈a a d鱈a'),(490,'E谷mij谷','herramienta','Mediano','Eficaz cacharro de primera necesidad'),(491,'H辰yo','mueble','Mediano','Eficaz entelequia de primera necesidad'),(492,'Fuc辰','herramienta','Grande','til invenci坦n para cualquiera'),(493,'Oivy辰oa','herramienta','Peque単o','Eficaz objeto para el d鱈a a d鱈a'),(494,'Y谷-jis辰io','decoraci坦n de mesa','Mediano','Adorableinvenci坦n para el d鱈a a d鱈a'),(495,'Euio','herramienta','Peque単o','til cosa para sacarte de un aprieto'),(496,'Z辰r-mu','decoraci坦n de mesa','Mediano','Imprescindible objeto para cualquiera'),(497,'Foto','herramienta','Peque単o','Eficaz cacharro para cualquiera'),(498,'Hab-h谷ou','decoraci坦n de mesa','Peque単o','Estridente cosa de la mayor calidad'),(499,'Q谷w-di','mueble','Grande','til objeto de la mayor calidad'),(500,'Y旦z谷','herramienta','Grande','Estridente objeto de primera necesidad'),(501,'Moku','mueble','Mediano','til cosa para sacarte de un aprieto'),(502,'Yiguiiu','decoraci坦n de pared','Peque単o','Eficaz cacharro para sacarte de un aprieto'),(503,'P旦biahej','herramienta','Mediano','Eficaz cosa de primera necesidad'),(504,'C谷-q辰','decoraci坦n de mesa','Mediano','Eficaz entelequia para los m叩s exigentes'),(505,'Ha-p旦cajj','mueble','Grande','Eficaz invenci坦n para los m叩s exigentes'),(506,'Pa-hau','herramienta','Grande','til invenci坦n para sacarte de un aprieto'),(507,'Aih-xi','decoraci坦n de mesa','Peque単o','Adorableinvenci坦n para cualquiera'),(508,'Aiji','decoraci坦n de mesa','Grande','Adorableobjeto para sacarte de un aprieto'),(509,'S谷-hi','mueble','Peque単o','Imprescindible cacharro para cualquiera'),(510,'Xupobo','mueble','Mediano','til objeto para cualquiera'),(511,'U旦r辰fi','herramienta','Peque単o','Estridente invenci坦n de primera necesidad'),(512,'Qu-h旦','decoraci坦n de pared','Peque単o','Estridente invenci坦n de primera necesidad'),(513,'I谷t-la','herramienta','Grande','til objeto de la mayor calidad'),(514,'W旦feb辰','herramienta','Mediano','Eficaz invenci坦n de primera necesidad'),(515,'U辰fa','herramienta','Grande','til objeto de la mayor calidad'),(516,'Ni-yof辰','mueble','Mediano','Imprescindible entelequia para sacarte de un aprieto'),(517,'N辰ae','decoraci坦n de mesa','Grande','Imprescindible cacharro de la mayor calidad'),(518,'E谷a-ru','decoraci坦n de mesa','Peque単o','Adorablecacharro de primera necesidad'),(519,'Qiu谷d谷','decoraci坦n de pared','Peque単o','Eficaz objeto para los m叩s exigentes'),(520,'K谷duanej','mueble','Mediano','Imprescindible entelequia para cualquiera'),(521,'D谷clej旦','decoraci坦n de pared','Grande','Estridente entelequia de primera necesidad'),(522,'Iuqeuo','mueble','Mediano','til entelequia para los m叩s exigentes'),(523,'Qooi','decoraci坦n de mesa','Peque単o','Imprescindible cosa para cualquiera'),(524,'Siq旦','mueble','Peque単o','Estridente cosa para sacarte de un aprieto'),(525,'Ie-i辰','decoraci坦n de pared','Grande','til cosa de primera necesidad'),(526,'T谷v-vo','herramienta','Peque単o','Eficaz entelequia para sacarte de un aprieto'),(527,'Tem-i谷','herramienta','Mediano','Estridente invenci坦n para cualquiera'),(528,'Ra-qor谷','decoraci坦n de pared','Mediano','Adorableentelequia de primera necesidad'),(529,'Ue-gin','herramienta','Peque単o','til entelequia de primera necesidad'),(530,'Ley谷-sey谷fj','mueble','Grande','Adorableinvenci坦n para sacarte de un aprieto'),(531,'F谷-z谷','mueble','Mediano','Imprescindible objeto para cualquiera'),(532,'Iohu','herramienta','Peque単o','til invenci坦n para el d鱈a a d鱈a'),(533,'M辰-vuuwe','decoraci坦n de mesa','Peque単o','Imprescindible objeto para los m叩s exigentes'),(534,'L辰gnue-vo','mueble','Mediano','Adorablecosa para sacarte de un aprieto'),(535,'Foma','mueble','Mediano','Imprescindible cosa de primera necesidad'),(536,'Fo-x辰-aaoo','decoraci坦n de pared','Peque単o','Estridente cosa de una calidad mediocre'),(537,'H旦zo','mueble','Mediano','Eficaz cosa de primera necesidad'),(538,'Q谷s谷v谷s谷c','herramienta','Peque単o','Imprescindible cacharro de primera necesidad'),(539,'Kiwjoweca','decoraci坦n de mesa','Peque単o','Adorablecosa para cualquiera'),(540,'Xuniw辰','mueble','Grande','til entelequia de primera necesidad'),(541,'Q辰y-ke','decoraci坦n de mesa','Peque単o','til objeto para el d鱈a a d鱈a'),(542,'Dojeno','herramienta','Grande','Adorablecacharro para sacarte de un aprieto'),(543,'V谷la','decoraci坦n de mesa','Peque単o','Estridente objeto para cualquiera'),(544,'Da-i谷','mueble','Grande','Eficaz cosa de una calidad mediocre'),(545,'Fee-k旦l谷','mueble','Mediano','til invenci坦n de primera necesidad'),(546,'Fun旦','decoraci坦n de pared','Mediano','Imprescindible cacharro para el d鱈a a d鱈a'),(547,'O辰y-tiaaz','mueble','Grande','Estridente invenci坦n para sacarte de un aprieto'),(548,'Zoei-n旦','mueble','Mediano','Imprescindible cosa para sacarte de un aprieto'),(549,'H旦hfa','decoraci坦n de mesa','Grande','Eficaz invenci坦n para el d鱈a a d鱈a'),(550,'I旦-a辰','herramienta','Mediano','til invenci坦n para cualquiera'),(551,'Zee谷','mueble','Mediano','Imprescindible cosa de primera necesidad'),(552,'Yal旦','decoraci坦n de mesa','Grande','Eficaz invenci坦n de primera necesidad'),(553,'A辰ba','herramienta','Mediano','Imprescindible invenci坦n para sacarte de un aprieto'),(554,'R旦-s谷ho','herramienta','Mediano','Estridente objeto de una calidad mediocre'),(555,'Dije','mueble','Mediano','Adorableinvenci坦n para el d鱈a a d鱈a'),(556,'O辰fa','herramienta','Mediano','Adorableentelequia de buena relaci坦n calidad precio'),(557,'Xu-z辰cu','mueble','Peque単o','Adorableobjeto de una calidad mediocre'),(558,'Va-cucha','decoraci坦n de pared','Grande','Imprescindible cosa de primera necesidad'),(559,'K旦-qe','herramienta','Mediano','Estridente invenci坦n de primera necesidad'),(560,'Rahezo','mueble','Peque単o','Imprescindible objeto para cualquiera'),(561,'Xoi辰','herramienta','Peque単o','Adorableobjeto de la mayor calidad'),(562,'P谷utoy谷u','herramienta','Grande','Estridente entelequia para sacarte de un aprieto'),(563,'I谷-io','herramienta','Mediano','Eficaz cacharro para los m叩s exigentes'),(564,'Temec谷dj','herramienta','Mediano','Adorableobjeto para el d鱈a a d鱈a'),(565,'Du-ju','herramienta','Mediano','til entelequia para cualquiera'),(566,'Z谷ouu谷c','mueble','Peque単o','Eficaz entelequia de la mayor calidad'),(567,'Vu-v谷','mueble','Mediano','til entelequia de una calidad mediocre'),(568,'Gemh辰gik','herramienta','Mediano','Eficaz entelequia para el d鱈a a d鱈a'),(569,'Jofo','decoraci坦n de mesa','Peque単o','Eficaz invenci坦n de una calidad mediocre'),(570,'Q辰-k旦z谷','decoraci坦n de mesa','Mediano','til entelequia para cualquiera'),(571,'F辰cg辰','herramienta','Mediano','Estridente cosa para el d鱈a a d鱈a'),(572,'Uu-tu','decoraci坦n de pared','Mediano','Estridente objeto de buena relaci坦n calidad precio'),(573,'Uas-lae谷','herramienta','Peque単o','Eficaz entelequia de buena relaci坦n calidad precio'),(574,'Z谷zyuko','decoraci坦n de mesa','Peque単o','Adorableentelequia para sacarte de un aprieto'),(575,'Fatf旦','herramienta','Peque単o','Eficaz cosa de una calidad mediocre'),(576,'L辰tqu','decoraci坦n de pared','Grande','Eficaz objeto para cualquiera'),(577,'Jino','herramienta','Grande','Estridente invenci坦n de la mayor calidad'),(578,'Foual辰','mueble','Grande','Eficaz objeto de buena relaci坦n calidad precio'),(579,'Y旦ra','mueble','Peque単o','Estridente cacharro de la mayor calidad'),(580,'J谷ra','mueble','Mediano','Imprescindible cosa para el d鱈a a d鱈a'),(581,'V辰hi','herramienta','Grande','Estridente cacharro de la mayor calidad'),(582,'Q谷ca','herramienta','Mediano','til entelequia de primera necesidad'),(583,'Po-juoee旦ea','mueble','Peque単o','Estridente cacharro para sacarte de un aprieto'),(584,'Tanseuanj','herramienta','Mediano','Imprescindible invenci坦n para sacarte de un aprieto'),(585,'J谷mo','mueble','Peque単o','til objeto de primera necesidad'),(586,'F谷xa','herramienta','Peque単o','Imprescindible entelequia de buena relaci坦n calidad precio'),(587,'T辰q-z辰','herramienta','Grande','Adorablecacharro para los m叩s exigentes'),(588,'Buwooh辰e','decoraci坦n de mesa','Mediano','Eficaz objeto de la mayor calidad'),(589,'H谷-aeco','mueble','Grande','Estridente cosa de la mayor calidad'),(590,'Aipoue','mueble','Mediano','til cacharro para sacarte de un aprieto'),(591,'O旦-qalo','decoraci坦n de mesa','Mediano','Eficaz objeto de buena relaci坦n calidad precio'),(592,'Ki-iu','herramienta','Mediano','Eficaz objeto para cualquiera'),(593,'Pooioa','mueble','Peque単o','Estridente cacharro para los m叩s exigentes'),(594,'Wibk旦v','decoraci坦n de mesa','Peque単o','Adorableinvenci坦n de la mayor calidad'),(595,'Liw辰p谷','mueble','Mediano','Adorablecosa de primera necesidad'),(596,'Za-go','decoraci坦n de pared','Peque単o','til cosa para cualquiera'),(597,'Tu-ya','mueble','Grande','Imprescindible objeto de primera necesidad'),(598,'Huwepi','decoraci坦n de mesa','Mediano','Estridente cacharro para el d鱈a a d鱈a'),(599,'Oa-yonovize','mueble','Mediano','til entelequia para sacarte de un aprieto'),(600,'Q旦g-m旦eej','herramienta','Mediano','Imprescindible cosa de una calidad mediocre'),(601,'W旦ue','decoraci坦n de mesa','Peque単o','Adorableinvenci坦n de la mayor calidad'),(602,'H辰vo','decoraci坦n de mesa','Mediano','Imprescindible objeto para sacarte de un aprieto'),(603,'Zeli-ne','herramienta','Mediano','Imprescindible cacharro de buena relaci坦n calidad precio'),(604,'M旦z旦sa','mueble','Mediano','Eficaz cacharro de primera necesidad'),(605,'Puub旦ca','mueble','Grande','Estridente objeto de primera necesidad'),(606,'A谷wo','decoraci坦n de mesa','Grande','til cosa para los m叩s exigentes'),(607,'Eud-t旦t辰','decoraci坦n de pared','Mediano','til cosa de la mayor calidad'),(608,'Gooa','decoraci坦n de mesa','Peque単o','til entelequia de una calidad mediocre'),(609,'Aa-h辰','mueble','Mediano','til invenci坦n de la mayor calidad'),(610,'Eusa','decoraci坦n de pared','Mediano','Estridente cacharro para sacarte de un aprieto'),(611,'Cu-kumaui','decoraci坦n de mesa','Peque単o','til objeto de primera necesidad'),(612,'Ziz-x旦','herramienta','Peque単o','Imprescindible objeto de la mayor calidad'),(613,'Cutihu','decoraci坦n de pared','Mediano','Estridente entelequia de primera necesidad'),(614,'J旦-koeu','herramienta','Mediano','Eficaz entelequia para cualquiera'),(615,'Mew旦te','mueble','Mediano','til invenci坦n de primera necesidad'),(616,'T辰geo','mueble','Peque単o','Eficaz entelequia de buena relaci坦n calidad precio'),(617,'P旦u-we','herramienta','Mediano','Estridente entelequia de buena relaci坦n calidad precio'),(618,'Nev谷','herramienta','Mediano','Eficaz objeto para sacarte de un aprieto'),(619,'Weqyu','herramienta','Grande','til cosa para los m叩s exigentes'),(620,'T辰ai-m辰','mueble','Mediano','Eficaz invenci坦n de primera necesidad'),(621,'R旦u旦dvi','decoraci坦n de mesa','Grande','Imprescindible entelequia de primera necesidad'),(622,'Zu-hai辰','herramienta','Peque単o','Estridente cacharro para cualquiera'),(623,'B谷va','herramienta','Mediano','Estridente entelequia de buena relaci坦n calidad precio'),(624,'W谷-b旦','mueble','Grande','Estridente cacharro para los m叩s exigentes'),(625,'Jaw谷e旦','mueble','Peque単o','Adorableentelequia de buena relaci坦n calidad precio'),(626,'B旦w旦cig','mueble','Grande','Adorablecosa de la mayor calidad'),(627,'Beea','decoraci坦n de pared','Grande','Eficaz invenci坦n para el d鱈a a d鱈a'),(628,'D辰vi','decoraci坦n de pared','Grande','Estridente entelequia de primera necesidad'),(629,'Dolici','decoraci坦n de mesa','Peque単o','Imprescindible invenci坦n de una calidad mediocre'),(630,'Reter旦zj','mueble','Mediano','Estridente invenci坦n de buena relaci坦n calidad precio'),(631,'G谷-yiu-buvi','decoraci坦n de mesa','Peque単o','Estridente invenci坦n de la mayor calidad'),(632,'Jefaku谷','mueble','Mediano','til invenci坦n de buena relaci坦n calidad precio'),(633,'S旦-gocuq辰','herramienta','Grande','Eficaz objeto para los m叩s exigentes'),(634,'Oagooei','mueble','Mediano','til invenci坦n de primera necesidad'),(635,'J辰p旦g谷','decoraci坦n de pared','Mediano','Imprescindible entelequia para los m叩s exigentes'),(636,'Xaetiozu','decoraci坦n de pared','Mediano','Eficaz entelequia para los m叩s exigentes'),(637,'M谷p辰','mueble','Mediano','Imprescindible cacharro de la mayor calidad'),(638,'V谷baoaq','mueble','Grande','Eficaz invenci坦n de una calidad mediocre'),(639,'Zo-m谷','herramienta','Peque単o','Adorableinvenci坦n de primera necesidad'),(640,'F旦ov旦','herramienta','Peque単o','Estridente invenci坦n de primera necesidad'),(641,'Y谷-mi','mueble','Grande','Estridente entelequia de buena relaci坦n calidad precio'),(642,'N辰tiq谷','decoraci坦n de mesa','Mediano','Estridente invenci坦n para los m叩s exigentes'),(643,'D辰ue','decoraci坦n de mesa','Grande','Imprescindible cacharro de buena relaci坦n calidad precio'),(644,'N旦kuyo','decoraci坦n de pared','Mediano','Adorablecacharro de una calidad mediocre'),(645,'V旦oi','herramienta','Mediano','Imprescindible cacharro de la mayor calidad'),(646,'W谷waah辰','decoraci坦n de mesa','Peque単o','til cacharro de una calidad mediocre'),(647,'G辰k旦cu-si','mueble','Grande','Eficaz objeto de la mayor calidad'),(648,'Jigix旦u','mueble','Mediano','Imprescindible entelequia para los m叩s exigentes'),(649,'Uuho','mueble','Mediano','Adorableobjeto de una calidad mediocre'),(650,'Iioey谷j','herramienta','Grande','Eficaz entelequia para sacarte de un aprieto'),(651,'Eiy谷t旦','herramienta','Peque単o','til cosa de buena relaci坦n calidad precio'),(652,'P旦rli','decoraci坦n de mesa','Mediano','Estridente cacharro para los m叩s exigentes'),(653,'Yugeu','herramienta','Peque単o','Adorablecacharro de una calidad mediocre'),(654,'K谷i旦vvi','mueble','Peque単o','Eficaz objeto de buena relaci坦n calidad precio'),(655,'Ca-k辰','herramienta','Mediano','til cacharro para los m叩s exigentes'),(656,'L旦fus谷','herramienta','Mediano','Adorableentelequia de primera necesidad'),(657,'I辰-fu','herramienta','Grande','Estridente cosa de buena relaci坦n calidad precio'),(658,'F谷e谷','decoraci坦n de pared','Peque単o','Imprescindible cacharro para cualquiera'),(659,'K谷m辰','mueble','Peque単o','til cacharro para el d鱈a a d鱈a'),(660,'Ouf-juse','herramienta','Peque単o','Estridente objeto para cualquiera'),(661,'L旦-t辰jocorj','herramienta','Grande','Imprescindible objeto de buena relaci坦n calidad precio'),(662,'Lona','herramienta','Grande','til cosa para cualquiera'),(663,'Q辰niog','herramienta','Mediano','Imprescindible entelequia para sacarte de un aprieto'),(664,'Si-e谷ds辰aiq','herramienta','Grande','Adorablecacharro de la mayor calidad'),(665,'T谷h辰f辰fj','mueble','Grande','Adorablecacharro para el d鱈a a d鱈a'),(666,'F旦-ju','mueble','Mediano','Estridente objeto de buena relaci坦n calidad precio'),(667,'Cisaa','mueble','Mediano','Estridente cosa de buena relaci坦n calidad precio'),(668,'Ou-n旦s旦norj','decoraci坦n de mesa','Mediano','Adorableobjeto de buena relaci坦n calidad precio'),(669,'F谷e-ji','decoraci坦n de mesa','Peque単o','Adorablecacharro para cualquiera'),(670,'Hax辰','herramienta','Mediano','Imprescindible cosa para cualquiera'),(671,'Oe-eacomepj','mueble','Peque単o','Adorableentelequia de primera necesidad'),(672,'Y谷ro','herramienta','Mediano','Imprescindible cosa para cualquiera'),(673,'C旦h-n辰vh谷','mueble','Peque単o','Eficaz objeto para el d鱈a a d鱈a'),(674,'Zixiao','mueble','Peque単o','Adorableentelequia para sacarte de un aprieto'),(675,'Nuj旦u谷y谷jj','herramienta','Grande','til cacharro de una calidad mediocre'),(676,'Liku','herramienta','Mediano','Estridente cosa para sacarte de un aprieto'),(677,'Mub-t旦','mueble','Peque単o','Eficaz cacharro para los m叩s exigentes'),(678,'Mira','mueble','Grande','Eficaz entelequia para cualquiera'),(679,'Tirqe','mueble','Peque単o','til cacharro para cualquiera'),(680,'Aefeji','herramienta','Peque単o','Eficaz cacharro para cualquiera'),(681,'G谷be','mueble','Grande','Adorablecacharro para los m叩s exigentes'),(682,'Zi-eo','decoraci坦n de mesa','Peque単o','til cacharro para sacarte de un aprieto'),(683,'T辰lule','decoraci坦n de mesa','Grande','til cosa de la mayor calidad'),(684,'N旦ao','herramienta','Mediano','Adorableinvenci坦n de primera necesidad'),(685,'P辰g-a辰-w辰oj','mueble','Grande','til cosa para el d鱈a a d鱈a'),(686,'Vaue','herramienta','Grande','Eficaz entelequia para sacarte de un aprieto'),(687,'E谷c-n谷ha','decoraci坦n de mesa','Peque単o','Imprescindible cosa para sacarte de un aprieto'),(688,'Gu-ve','herramienta','Grande','Adorableobjeto para el d鱈a a d鱈a'),(689,'J谷wna','decoraci坦n de mesa','Grande','Eficaz cosa para los m叩s exigentes'),(690,'X谷zi','herramienta','Mediano','Estridente entelequia de primera necesidad'),(691,'I谷j辰b旦hj','herramienta','Grande','Adorableinvenci坦n para el d鱈a a d鱈a'),(692,'Qeqo','decoraci坦n de pared','Peque単o','Imprescindible entelequia para sacarte de un aprieto'),(693,'S谷y旦','mueble','Grande','Adorableentelequia de primera necesidad'),(694,'V辰wodu','herramienta','Peque単o','Adorableinvenci坦n de buena relaci坦n calidad precio'),(695,'Uu-lo-fi','herramienta','Grande','til entelequia para los m叩s exigentes'),(696,'R辰ri','mueble','Mediano','Imprescindible objeto de primera necesidad'),(697,'M旦xi','decoraci坦n de mesa','Mediano','Estridente invenci坦n de una calidad mediocre'),(698,'W旦jeau','decoraci坦n de mesa','Grande','Imprescindible cacharro de una calidad mediocre'),(699,'T辰z谷','decoraci坦n de mesa','Peque単o','Imprescindible entelequia de una calidad mediocre'),(700,'D辰nus辰zj','herramienta','Peque単o','Eficaz cosa de la mayor calidad'),(701,'Boro','decoraci坦n de mesa','Grande','Eficaz cacharro para cualquiera'),(702,'Fiv辰qus','decoraci坦n de pared','Mediano','Estridente entelequia para cualquiera'),(703,'Goinaz谷j','herramienta','Mediano','Estridente cacharro para el d鱈a a d鱈a'),(704,'Aog辰','decoraci坦n de pared','Peque単o','til invenci坦n para sacarte de un aprieto'),(705,'J辰cu','herramienta','Peque単o','til entelequia de la mayor calidad'),(706,'Lacuu','mueble','Grande','Adorableinvenci坦n de primera necesidad'),(707,'B谷-z旦','decoraci坦n de mesa','Peque単o','til objeto para sacarte de un aprieto'),(708,'Xem-se','herramienta','Mediano','Eficaz objeto de una calidad mediocre'),(709,'Kubo','decoraci坦n de mesa','Peque単o','til entelequia de primera necesidad'),(710,'Cuwe','herramienta','Peque単o','Imprescindible objeto para el d鱈a a d鱈a'),(711,'Ieo辰xoj','herramienta','Mediano','Estridente cacharro para sacarte de un aprieto'),(712,'Ius-uo','herramienta','Mediano','Imprescindible cosa de la mayor calidad'),(713,'Y谷s-aas辰f','decoraci坦n de mesa','Grande','Adorableentelequia para el d鱈a a d鱈a'),(714,'Fa-bok旦mo','decoraci坦n de mesa','Mediano','Eficaz entelequia de primera necesidad'),(715,'V谷-c旦ge','herramienta','Grande','Eficaz cacharro de buena relaci坦n calidad precio'),(716,'K谷m-hir旦','herramienta','Mediano','til cacharro para cualquiera'),(717,'Goee','herramienta','Mediano','Estridente objeto de una calidad mediocre'),(718,'Moa-ba','decoraci坦n de mesa','Mediano','Adorablecacharro para sacarte de un aprieto'),(719,'Sup-l旦','herramienta','Peque単o','Adorableentelequia de buena relaci坦n calidad precio'),(720,'Gu-wu','mueble','Grande','til cosa de buena relaci坦n calidad precio'),(721,'J谷-lob辰j','herramienta','Mediano','Adorableinvenci坦n de primera necesidad'),(722,'Jux谷v谷o辰orj','decoraci坦n de mesa','Grande','Eficaz cosa de buena relaci坦n calidad precio'),(723,'Ho-piq谷iorj','mueble','Peque単o','Imprescindible cacharro de primera necesidad'),(724,'V辰ra','herramienta','Peque単o','Imprescindible entelequia de primera necesidad'),(725,'Tavue谷x谷','herramienta','Grande','til cacharro de primera necesidad'),(726,'Uo-di','decoraci坦n de pared','Mediano','til objeto de primera necesidad'),(727,'J辰roh谷o谷','herramienta','Mediano','til objeto de primera necesidad'),(728,'P旦un谷','mueble','Grande','Estridente cosa de primera necesidad'),(729,'Zox谷ziua','mueble','Mediano','Estridente objeto para sacarte de un aprieto'),(730,'Mom旦','decoraci坦n de pared','Grande','til objeto de la mayor calidad'),(731,'Pi-vaiu','decoraci坦n de pared','Grande','til objeto de buena relaci坦n calidad precio'),(732,'Kih-v旦-to','herramienta','Mediano','til objeto de la mayor calidad'),(733,'J旦so','herramienta','Mediano','Estridente cacharro para sacarte de un aprieto'),(734,'Zul旦bi','decoraci坦n de mesa','Grande','Adorableentelequia de la mayor calidad'),(735,'Weeu-le','decoraci坦n de mesa','Grande','Adorablecosa de primera necesidad'),(736,'Qime','decoraci坦n de mesa','Peque単o','Eficaz objeto para sacarte de un aprieto'),(737,'P辰j-pu','decoraci坦n de mesa','Mediano','Estridente entelequia para sacarte de un aprieto'),(738,'K旦-tu','herramienta','Mediano','til cosa de la mayor calidad'),(739,'Cuqveterfolj','herramienta','Grande','Estridente objeto de primera necesidad'),(740,'L旦du','herramienta','Mediano','Adorableobjeto de la mayor calidad'),(741,'Nun-ro-z谷cj','decoraci坦n de pared','Mediano','Estridente cosa de la mayor calidad'),(742,'Ief-a辰','herramienta','Mediano','Imprescindible invenci坦n de una calidad mediocre'),(743,'K辰-jok辰','decoraci坦n de mesa','Peque単o','Eficaz entelequia para cualquiera'),(744,'A辰ke','herramienta','Mediano','Estridente invenci坦n para cualquiera'),(745,'Aoyui','mueble','Mediano','Estridente objeto para los m叩s exigentes'),(746,'V辰ae','mueble','Peque単o','Adorableentelequia de la mayor calidad'),(747,'U旦au','mueble','Peque単o','Adorablecosa de una calidad mediocre'),(748,'Pea旦','herramienta','Mediano','Estridente cacharro de primera necesidad'),(749,'Ta-vu','herramienta','Peque単o','Estridente objeto para los m叩s exigentes'),(750,'Fax-f谷','mueble','Peque単o','Eficaz invenci坦n para los m叩s exigentes'),(751,'Vo-la','herramienta','Mediano','Imprescindible objeto de una calidad mediocre'),(752,'D旦pou辰','herramienta','Grande','Eficaz cosa de la mayor calidad'),(753,'Aigi','herramienta','Grande','Adorableentelequia para los m叩s exigentes'),(754,'S谷-vag旦','mueble','Mediano','Estridente objeto de primera necesidad'),(755,'Gohedkunorj','herramienta','Grande','Imprescindible cosa de una calidad mediocre'),(756,'Mi-a辰pi','mueble','Peque単o','Adorableentelequia para cualquiera'),(757,'Ho-doquo','decoraci坦n de pared','Grande','Eficaz cacharro de buena relaci坦n calidad precio'),(758,'Vivz旦','mueble','Mediano','Imprescindible cosa para el d鱈a a d鱈a'),(759,'Qu-ciy','herramienta','Grande','til cacharro de buena relaci坦n calidad precio'),(760,'Quf-fuorj','mueble','Peque単o','Adorablecacharro de una calidad mediocre'),(761,'Tu-z辰','herramienta','Peque単o','til objeto para sacarte de un aprieto'),(762,'R辰io','mueble','Grande','Adorablecacharro para cualquiera'),(763,'Satceju谷z辰','decoraci坦n de pared','Mediano','Adorablecacharro para cualquiera'),(764,'Dip-j旦','herramienta','Grande','Imprescindible objeto de una calidad mediocre'),(765,'Ya-vij','mueble','Grande','Eficaz entelequia de la mayor calidad'),(766,'K旦ya','herramienta','Peque単o','Imprescindible objeto de la mayor calidad'),(767,'Xopezey','herramienta','Mediano','til cosa de una calidad mediocre'),(768,'Bok-lolevdi','herramienta','Mediano','Imprescindible cosa de buena relaci坦n calidad precio'),(769,'Liyowziwj','herramienta','Peque単o','Adorableobjeto de la mayor calidad'),(770,'Co-zaei','decoraci坦n de mesa','Grande','Adorablecacharro para el d鱈a a d鱈a'),(771,'Yon谷i','mueble','Peque単o','Eficaz invenci坦n para los m叩s exigentes'),(772,'X辰i谷z谷-de','herramienta','Grande','Adorableentelequia de buena relaci坦n calidad precio'),(773,'U旦zeia','decoraci坦n de mesa','Grande','Imprescindible objeto para el d鱈a a d鱈a'),(774,'Bu-y谷','herramienta','Mediano','Adorableentelequia para los m叩s exigentes'),(775,'Giq-wa','herramienta','Grande','Imprescindible cosa para sacarte de un aprieto'),(776,'Ya-d谷go','mueble','Mediano','Imprescindible entelequia de primera necesidad'),(777,'Nub旦','herramienta','Peque単o','Estridente cacharro para los m叩s exigentes'),(778,'Qaf辰n','decoraci坦n de mesa','Mediano','Eficaz cacharro para los m叩s exigentes'),(779,'O旦pok旦orj','herramienta','Mediano','Adorablecosa de una calidad mediocre'),(780,'Jed-s旦','decoraci坦n de pared','Peque単o','til invenci坦n de la mayor calidad'),(781,'Yooa','decoraci坦n de mesa','Grande','Estridente invenci坦n para sacarte de un aprieto'),(782,'P旦-oiiaaw谷','herramienta','Mediano','Eficaz cacharro de la mayor calidad'),(783,'Hooi','decoraci坦n de mesa','Grande','Eficaz cacharro de buena relaci坦n calidad precio'),(784,'Zobiu','mueble','Grande','Estridente invenci坦n de primera necesidad'),(785,'Uo-fe','herramienta','Mediano','Adorablecosa para los m叩s exigentes'),(786,'Maj辰','decoraci坦n de pared','Peque単o','Imprescindible entelequia de buena relaci坦n calidad precio'),(787,'C旦x辰r旦','mueble','Grande','Imprescindible invenci坦n para cualquiera'),(788,'Uuq-ni','decoraci坦n de pared','Mediano','Imprescindible cosa de la mayor calidad'),(789,'R谷rap辰','decoraci坦n de pared','Peque単o','til cosa de buena relaci坦n calidad precio'),(790,'Be-dupoo谷vj','decoraci坦n de mesa','Peque単o','til objeto de una calidad mediocre'),(791,'Cag-ravo','herramienta','Peque単o','Imprescindible invenci坦n para el d鱈a a d鱈a'),(792,'Oieoz辰','mueble','Peque単o','Imprescindible objeto de la mayor calidad'),(793,'Air-io','mueble','Peque単o','Imprescindible entelequia de la mayor calidad'),(794,'S辰a辰z辰','herramienta','Mediano','Imprescindible cosa para los m叩s exigentes'),(795,'N辰-pu','decoraci坦n de mesa','Grande','Imprescindible objeto de una calidad mediocre'),(796,'Z谷-ho','decoraci坦n de pared','Mediano','Imprescindible invenci坦n para cualquiera'),(797,'C辰yue旦c','mueble','Mediano','Imprescindible cosa para cualquiera'),(798,'Lu-n旦','herramienta','Mediano','Estridente cosa para los m叩s exigentes'),(799,'Ief旦','decoraci坦n de pared','Mediano','Estridente invenci坦n para los m叩s exigentes'),(800,'Docal旦j','decoraci坦n de mesa','Mediano','Imprescindible invenci坦n para el d鱈a a d鱈a'),(801,'Va-g辰','mueble','Mediano','Imprescindible cacharro de la mayor calidad'),(802,'Ae-r旦','decoraci坦n de mesa','Peque単o','til invenci坦n para cualquiera'),(803,'R旦ju','herramienta','Grande','til invenci坦n para cualquiera'),(804,'Fu-bit辰','decoraci坦n de pared','Mediano','Adorableobjeto para los m叩s exigentes'),(805,'Yo-tiqam','herramienta','Mediano','Estridente objeto para sacarte de un aprieto'),(806,'I辰z谷','herramienta','Mediano','Eficaz invenci坦n para sacarte de un aprieto'),(807,'Je-f旦','decoraci坦n de pared','Mediano','til cosa de primera necesidad'),(808,'Ci-b辰','herramienta','Grande','Eficaz invenci坦n para sacarte de un aprieto'),(809,'Xumoue辰fca','decoraci坦n de mesa','Mediano','Adorableentelequia de la mayor calidad'),(810,'Oi-qi','herramienta','Grande','til entelequia para el d鱈a a d鱈a'),(811,'Eoeem旦','mueble','Mediano','Imprescindible entelequia de buena relaci坦n calidad precio'),(812,'A辰l旦ka','mueble','Mediano','til cosa para los m叩s exigentes'),(813,'To-c辰','decoraci坦n de pared','Peque単o','til entelequia para el d鱈a a d鱈a'),(814,'Ja-s谷rof','mueble','Grande','Imprescindible cosa para sacarte de un aprieto'),(815,'M旦l-jo','herramienta','Grande','Estridente invenci坦n para cualquiera'),(816,'Bek-ea','herramienta','Grande','Estridente objeto para cualquiera'),(817,'K旦p辰','herramienta','Mediano','Estridente cosa de primera necesidad'),(818,'Josg谷','decoraci坦n de mesa','Mediano','Imprescindible cacharro de primera necesidad'),(819,'S谷hzi','herramienta','Peque単o','Imprescindible invenci坦n de primera necesidad'),(820,'D谷feyi','decoraci坦n de pared','Grande','Eficaz entelequia de primera necesidad'),(821,'N谷-h谷j旦uba','decoraci坦n de mesa','Mediano','Adorablecacharro de primera necesidad'),(822,'Qijq谷mo','decoraci坦n de mesa','Mediano','Adorableobjeto para los m叩s exigentes'),(823,'D辰seriae','decoraci坦n de mesa','Peque単o','Adorableentelequia para los m叩s exigentes'),(824,'G辰ikiye','herramienta','Peque単o','Estridente invenci坦n para los m叩s exigentes'),(825,'Wolowt谷','decoraci坦n de mesa','Grande','Estridente entelequia para los m叩s exigentes'),(826,'V谷kb旦','mueble','Peque単o','Imprescindible invenci坦n para cualquiera'),(827,'Kozo','herramienta','Grande','Estridente cacharro para sacarte de un aprieto'),(828,'Q旦-n谷','decoraci坦n de pared','Peque単o','til cacharro de una calidad mediocre'),(829,'K谷le','decoraci坦n de mesa','Peque単o','Eficaz objeto de la mayor calidad'),(830,'T谷-w辰','mueble','Mediano','Estridente objeto de la mayor calidad'),(831,'Nainas旦','herramienta','Grande','Estridente cosa para cualquiera'),(832,'Uuuzetaba','decoraci坦n de mesa','Grande','Eficaz cosa de la mayor calidad'),(833,'X谷de','herramienta','Mediano','Adorableentelequia de una calidad mediocre'),(834,'L辰ma旦meorj','mueble','Mediano','til objeto de la mayor calidad'),(835,'Fifo-poq旦uoe','mueble','Grande','Eficaz entelequia para los m叩s exigentes'),(836,'Su-reiejeq辰','mueble','Mediano','Imprescindible invenci坦n para cualquiera'),(837,'Fa-x旦favul','mueble','Mediano','til invenci坦n de una calidad mediocre'),(838,'Iec-ue','herramienta','Grande','Estridente objeto para cualquiera'),(839,'G辰o谷opuh谷','mueble','Mediano','til invenci坦n para el d鱈a a d鱈a'),(840,'U旦i谷','herramienta','Grande','Adorableinvenci坦n para sacarte de un aprieto'),(841,'V辰z-s旦j辰a旦nj','mueble','Peque単o','Imprescindible entelequia para el d鱈a a d鱈a'),(842,'Mo-c辰di','decoraci坦n de mesa','Mediano','Estridente objeto para cualquiera'),(843,'Jaiuya','mueble','Peque単o','Eficaz cosa para los m叩s exigentes'),(844,'Qu-xi','herramienta','Peque単o','Adorableentelequia de buena relaci坦n calidad precio'),(845,'Taai','mueble','Grande','til objeto para cualquiera'),(846,'E旦ieq辰','herramienta','Mediano','Adorableinvenci坦n de una calidad mediocre'),(847,'Q旦nve','herramienta','Mediano','Imprescindible objeto de buena relaci坦n calidad precio'),(848,'A辰-p谷vri','herramienta','Peque単o','Imprescindible invenci坦n de primera necesidad'),(849,'Kacooo','mueble','Mediano','Estridente objeto para los m叩s exigentes'),(850,'W谷ji','herramienta','Grande','Eficaz objeto de la mayor calidad'),(851,'Hi-gu','herramienta','Grande','til cosa de una calidad mediocre'),(852,'Juui','herramienta','Grande','til entelequia de primera necesidad'),(853,'Juw-zesuai','herramienta','Mediano','Eficaz entelequia de primera necesidad'),(854,'Yezey','mueble','Mediano','Estridente invenci坦n de primera necesidad'),(855,'P旦ri','herramienta','Mediano','til invenci坦n para cualquiera'),(856,'E旦mse','herramienta','Grande','Imprescindible cosa para el d鱈a a d鱈a'),(857,'Tuw旦','herramienta','Mediano','Adorableentelequia para el d鱈a a d鱈a'),(858,'Moq-eito','mueble','Mediano','Imprescindible invenci坦n de buena relaci坦n calidad precio'),(859,'O辰sozea','mueble','Peque単o','Imprescindible objeto de buena relaci坦n calidad precio'),(860,'Baku','herramienta','Grande','Imprescindible cosa para sacarte de un aprieto'),(861,'Eukaal旦','mueble','Mediano','til invenci坦n de buena relaci坦n calidad precio'),(862,'Nure','mueble','Grande','Eficaz objeto para el d鱈a a d鱈a'),(863,'Pie谷','decoraci坦n de mesa','Grande','til objeto para cualquiera'),(864,'Nazad','mueble','Mediano','Eficaz cosa de una calidad mediocre'),(865,'J辰-g旦doso','herramienta','Mediano','Eficaz invenci坦n para el d鱈a a d鱈a'),(866,'J谷xo','herramienta','Peque単o','Estridente invenci坦n para cualquiera'),(867,'V旦vo','decoraci坦n de mesa','Peque単o','Eficaz objeto de buena relaci坦n calidad precio'),(868,'W旦-zo','decoraci坦n de mesa','Grande','Imprescindible entelequia para el d鱈a a d鱈a'),(869,'Oo-eitil','herramienta','Peque単o','Eficaz cosa de primera necesidad'),(870,'Yihofeg旦','herramienta','Grande','Adorableobjeto para sacarte de un aprieto'),(871,'Ioq谷','decoraci坦n de pared','Grande','Imprescindible entelequia para cualquiera'),(872,'Soka','herramienta','Peque単o','Estridente invenci坦n para el d鱈a a d鱈a'),(873,'Souqa','decoraci坦n de mesa','Grande','til objeto para el d鱈a a d鱈a'),(874,'U谷n辰','herramienta','Grande','Adorablecacharro de una calidad mediocre'),(875,'Me-ou','decoraci坦n de pared','Peque単o','til objeto para los m叩s exigentes'),(876,'C辰vao','herramienta','Mediano','Eficaz entelequia de una calidad mediocre'),(877,'Z谷u旦gdisw谷','mueble','Grande','til entelequia de primera necesidad'),(878,'N辰auqb辰cwi','herramienta','Grande','Adorableentelequia de la mayor calidad'),(879,'Uugp旦','decoraci坦n de mesa','Grande','Eficaz cacharro para el d鱈a a d鱈a'),(880,'Eug旦k旦','herramienta','Mediano','Estridente entelequia de buena relaci坦n calidad precio'),(881,'B辰-ruc辰morj','decoraci坦n de mesa','Mediano','Imprescindible entelequia de una calidad mediocre'),(882,'Keji','herramienta','Grande','Eficaz cosa para cualquiera'),(883,'Luz谷','decoraci坦n de mesa','Mediano','Imprescindible objeto para sacarte de un aprieto'),(884,'Ga-z谷j辰','herramienta','Grande','til objeto para los m叩s exigentes'),(885,'Vevoqejorj','mueble','Peque単o','Adorableinvenci坦n para los m叩s exigentes'),(886,'G旦-d旦tu','mueble','Peque単o','til objeto para sacarte de un aprieto'),(887,'N谷aioeorj','decoraci坦n de pared','Peque単o','Eficaz cosa para los m叩s exigentes'),(888,'Ao-r旦','herramienta','Mediano','Imprescindible invenci坦n para el d鱈a a d鱈a'),(889,'Fome旦doi谷','decoraci坦n de mesa','Mediano','Adorableentelequia para el d鱈a a d鱈a'),(890,'L辰na','decoraci坦n de mesa','Mediano','Eficaz cacharro de primera necesidad'),(891,'I旦-iexo','mueble','Grande','Estridente objeto para cualquiera'),(892,'Fimoyvibel','mueble','Peque単o','Imprescindible entelequia de buena relaci坦n calidad precio'),(893,'Vala','herramienta','Grande','Adorableentelequia de primera necesidad'),(894,'G谷v-bujo','mueble','Mediano','Estridente objeto para sacarte de un aprieto'),(895,'Mei-soxurj','herramienta','Peque単o','til cosa para los m叩s exigentes'),(896,'Uux旦m旦c','herramienta','Mediano','Eficaz objeto para los m叩s exigentes'),(897,'Ki-s谷','herramienta','Grande','Estridente entelequia de una calidad mediocre'),(898,'Jiy辰','herramienta','Peque単o','Eficaz entelequia de una calidad mediocre'),(899,'Xuw-su','herramienta','Grande','Imprescindible entelequia para el d鱈a a d鱈a'),(900,'Fu-su','decoraci坦n de mesa','Peque単o','Imprescindible cacharro para cualquiera'),(901,'Bud-ki','decoraci坦n de mesa','Peque単o','til cosa de primera necesidad'),(902,'Y辰va','decoraci坦n de mesa','Peque単o','Eficaz entelequia para cualquiera'),(903,'Pi-k旦','herramienta','Peque単o','til cosa de una calidad mediocre'),(904,'Vipufuluw','decoraci坦n de pared','Mediano','Adorableinvenci坦n para sacarte de un aprieto'),(905,'Tam谷-euy','mueble','Grande','Estridente entelequia para sacarte de un aprieto'),(906,'Noke','mueble','Peque単o','Imprescindible cosa de la mayor calidad'),(907,'Xii-a旦rorj','mueble','Grande','Eficaz cacharro para los m叩s exigentes'),(908,'I谷vte','herramienta','Grande','Eficaz entelequia de primera necesidad'),(909,'F辰kt辰j','decoraci坦n de mesa','Mediano','Eficaz invenci坦n para sacarte de un aprieto'),(910,'W谷u-jev旦ao','herramienta','Peque単o','Estridente invenci坦n de la mayor calidad'),(911,'X旦n-ha','decoraci坦n de pared','Peque単o','til cosa de primera necesidad'),(912,'Woo-j辰-du','mueble','Grande','Eficaz invenci坦n de primera necesidad'),(913,'Jao辰','herramienta','Grande','Imprescindible objeto de la mayor calidad'),(914,'Kur-oe','decoraci坦n de mesa','Mediano','til cacharro para cualquiera'),(915,'Poo旦','decoraci坦n de pared','Mediano','Estridente cosa de buena relaci坦n calidad precio'),(916,'Ha-h辰','decoraci坦n de pared','Grande','Estridente entelequia para los m叩s exigentes'),(917,'Xiii','herramienta','Grande','til objeto para el d鱈a a d鱈a'),(918,'Vuhui旦','herramienta','Grande','Estridente entelequia para los m叩s exigentes'),(919,'Yezfuq谷','herramienta','Grande','Estridente cosa para cualquiera'),(920,'Oeg辰u谷jo','herramienta','Mediano','Adorablecosa para los m叩s exigentes'),(921,'Wog谷y旦','mueble','Peque単o','Adorableobjeto de una calidad mediocre'),(922,'Eej谷lo','herramienta','Mediano','Estridente invenci坦n de una calidad mediocre'),(923,'Fug-te','herramienta','Mediano','Estridente cosa para los m叩s exigentes'),(924,'Uatioua','decoraci坦n de mesa','Grande','Estridente entelequia de la mayor calidad'),(925,'Oem谷','herramienta','Mediano','Eficaz invenci坦n para el d鱈a a d鱈a'),(926,'Meze旦','decoraci坦n de mesa','Mediano','Eficaz invenci坦n para sacarte de un aprieto'),(927,'Iod谷','mueble','Mediano','Eficaz cacharro de buena relaci坦n calidad precio'),(928,'Luv旦','mueble','Grande','Imprescindible entelequia de la mayor calidad'),(929,'Ne-keza','mueble','Peque単o','til entelequia de una calidad mediocre'),(930,'Woh-v辰','decoraci坦n de pared','Grande','til invenci坦n para el d鱈a a d鱈a'),(931,'Sapa','herramienta','Peque単o','Estridente invenci坦n de la mayor calidad'),(932,'O旦-qijuj','decoraci坦n de mesa','Peque単o','til cacharro para sacarte de un aprieto'),(933,'Uimiq谷x','herramienta','Peque単o','til objeto de una calidad mediocre'),(934,'Zegu','herramienta','Peque単o','Eficaz cosa para sacarte de un aprieto'),(935,'Luzxio谷r','decoraci坦n de mesa','Peque単o','Estridente invenci坦n para cualquiera'),(936,'Ued旦','mueble','Peque単o','Estridente objeto para sacarte de un aprieto'),(937,'S谷w-z谷ca','herramienta','Grande','Adorablecacharro para los m叩s exigentes'),(938,'L辰aoj','herramienta','Mediano','Imprescindible invenci坦n para el d鱈a a d鱈a'),(939,'B旦t-s谷gao旦jj','herramienta','Mediano','Adorableentelequia de la mayor calidad'),(940,'Heka','mueble','Peque単o','til entelequia de buena relaci坦n calidad precio'),(941,'Kem谷fo-aa','mueble','Grande','Adorableinvenci坦n de una calidad mediocre'),(942,'Qet-s辰youy','herramienta','Peque単o','til cosa de buena relaci坦n calidad precio'),(943,'L辰ma','mueble','Peque単o','Adorablecosa para sacarte de un aprieto'),(944,'Jete','decoraci坦n de mesa','Peque単o','Imprescindible invenci坦n para los m叩s exigentes'),(945,'E谷oe','herramienta','Peque単o','Estridente objeto de buena relaci坦n calidad precio'),(946,'Qoe旦xui','herramienta','Grande','Adorableobjeto de la mayor calidad'),(947,'Q辰l-l辰b辰','decoraci坦n de pared','Grande','Estridente entelequia de primera necesidad'),(948,'N辰ra-h谷zhe','mueble','Peque単o','Eficaz objeto de una calidad mediocre'),(949,'Be-uuj谷','decoraci坦n de pared','Peque単o','Adorableobjeto para sacarte de un aprieto'),(950,'P谷h-nupotij','mueble','Peque単o','Estridente entelequia para los m叩s exigentes'),(951,'Kuw-ho','decoraci坦n de mesa','Peque単o','Eficaz cosa para sacarte de un aprieto'),(952,'Boqic辰','decoraci坦n de mesa','Mediano','til entelequia de la mayor calidad'),(953,'Coo谷','herramienta','Grande','Eficaz invenci坦n de la mayor calidad'),(954,'Yuna','mueble','Peque単o','Eficaz invenci坦n para el d鱈a a d鱈a'),(955,'Ui-j谷','decoraci坦n de mesa','Mediano','Imprescindible objeto de una calidad mediocre'),(956,'Iahe','herramienta','Grande','Adorableobjeto para cualquiera'),(957,'S辰e旦','decoraci坦n de mesa','Mediano','Estridente invenci坦n para los m叩s exigentes'),(958,'D旦h-iaf谷m','decoraci坦n de mesa','Grande','Imprescindible invenci坦n para los m叩s exigentes'),(959,'Duku','herramienta','Grande','Estridente objeto de la mayor calidad'),(960,'K旦u谷r','herramienta','Peque単o','Adorablecosa de primera necesidad'),(961,'Wero','herramienta','Grande','til cosa para cualquiera'),(962,'La-t谷c','herramienta','Peque単o','Estridente cacharro de buena relaci坦n calidad precio'),(963,'Y旦heh辰','herramienta','Mediano','Adorablecosa para el d鱈a a d鱈a'),(964,'Xi-h辰','herramienta','Mediano','Imprescindible cosa para sacarte de un aprieto'),(965,'Kantowuyj','herramienta','Grande','Eficaz objeto para cualquiera'),(966,'W谷i旦','mueble','Peque単o','Adorablecosa para sacarte de un aprieto'),(967,'Kay旦jko','mueble','Mediano','til cacharro para los m叩s exigentes'),(968,'X谷jun谷','herramienta','Grande','Imprescindible entelequia de buena relaci坦n calidad precio'),(969,'Nuoi','mueble','Grande','Eficaz cacharro de buena relaci坦n calidad precio'),(970,'Come','decoraci坦n de mesa','Mediano','til cacharro para el d鱈a a d鱈a'),(971,'Da-a旦','herramienta','Mediano','Adorableentelequia para cualquiera'),(972,'Z谷-se','herramienta','Grande','til entelequia de buena relaci坦n calidad precio'),(973,'Bib谷y旦','mueble','Grande','Estridente cosa de la mayor calidad'),(974,'Aid-d辰g辰i','herramienta','Grande','Imprescindible invenci坦n para el d鱈a a d鱈a'),(975,'Y辰-e旦','decoraci坦n de pared','Grande','Estridente cosa para los m叩s exigentes'),(976,'Ai-eafotu','decoraci坦n de mesa','Grande','Adorableobjeto de una calidad mediocre'),(977,'Dieo','decoraci坦n de mesa','Mediano','til entelequia de la mayor calidad'),(978,'Tano','herramienta','Mediano','Estridente objeto para sacarte de un aprieto'),(979,'Qi-au','decoraci坦n de pared','Peque単o','til cacharro de buena relaci坦n calidad precio'),(980,'Re-oo','herramienta','Mediano','Adorableinvenci坦n para sacarte de un aprieto'),(981,'Yibh旦l辰','herramienta','Mediano','til cosa para los m叩s exigentes'),(982,'Nezuso-teq','herramienta','Peque単o','Adorableobjeto para sacarte de un aprieto'),(983,'N辰zcewib谷-wuorj','herramienta','Mediano','Estridente objeto de primera necesidad'),(984,'Be-pe','mueble','Grande','til cosa para el d鱈a a d鱈a'),(985,'Ku-v谷eu','mueble','Mediano','Imprescindible invenci坦n de la mayor calidad'),(986,'G旦-ru','herramienta','Grande','Eficaz entelequia de la mayor calidad'),(987,'Daief','decoraci坦n de mesa','Grande','Imprescindible objeto para sacarte de un aprieto'),(988,'I谷f旦','herramienta','Mediano','Estridente entelequia de una calidad mediocre'),(989,'Ronu旦','herramienta','Grande','Estridente entelequia para cualquiera'),(990,'A辰ia','herramienta','Grande','til objeto de una calidad mediocre'),(991,'Feg旦','herramienta','Peque単o','Imprescindible entelequia de buena relaci坦n calidad precio'),(992,'Qit-jub','decoraci坦n de mesa','Mediano','Adorablecosa para sacarte de un aprieto'),(993,'X旦f-tohu','herramienta','Grande','Estridente entelequia de una calidad mediocre'),(994,'Keaa','herramienta','Peque単o','Adorableentelequia de la mayor calidad'),(995,'Qijoorj','decoraci坦n de mesa','Grande','Eficaz invenci坦n para los m叩s exigentes'),(996,'Goluru','mueble','Grande','til cacharro para los m叩s exigentes'),(997,'Rum谷','mueble','Mediano','Adorablecosa para cualquiera'),(998,'Juletu','decoraci坦n de mesa','Peque単o','Imprescindible invenci坦n para sacarte de un aprieto'),(999,'N谷-no','decoraci坦n de mesa','Peque単o','Adorableobjeto de primera necesidad'),(1000,'M辰ca','herramienta','Grande','Estridente objeto para el d鱈a a d鱈a');
/*!40000 ALTER TABLE `objeto` ENABLE KEYS */;
UNLOCK TABLES;

--
-- Table structure for table `ropa`
--

DROP TABLE IF EXISTS `ropa`;
/*!40101 SET @saved_cs_client     = @@character_set_client */;
/*!40101 SET character_set_client = utf8 */;
CREATE TABLE `ropa` (
  `ID` int(10) unsigned NOT NULL AUTO_INCREMENT,
  `descripcion` varchar(250) NOT NULL,
  `nombre` varchar(50) NOT NULL,
  PRIMARY KEY (`ID`)
) ENGINE=InnoDB AUTO_INCREMENT=121 DEFAULT CHARSET=latin1 COLLATE=latin1_swedish_ci;
/*!40101 SET character_set_client = @saved_cs_client */;

--
-- Dumping data for table `ropa`
--

LOCK TABLES `ropa` WRITE;
/*!40000 ALTER TABLE `ropa` DISABLE KEYS */;
INSERT INTO `ropa` VALUES (1,'La 炭ltima tendencia de la marca RookieFish','Cool Attire'),(2,'La 炭ltima tendencia de la marca Lil\'Fish','Great Pirate'),(3,'La 炭ltima tendencia de la marca Lil\'','Great Pirate'),(4,'La 炭ltima tendencia de la marca RookieFish','Cute Thing'),(5,'La 炭ltima tendencia de la marca Big Sun','Hyper-Duper-Cool Outfit'),(6,' Un b叩sico de la marca Little Butterfly','Great Pirate'),(7,'La 炭ltima tendencia de la marca Little ','Duper-Cool Attire'),(8,'La 炭ltima tendencia de la marca RookieFish','Hyper-Duper-Great Thing'),(9,' Un b叩sico de la marca Pink Fish','Cute Thing'),(10,'La 炭ltima tendencia de la marca Gloom ','Outfit'),(11,'La 炭ltima tendencia de la marca Gloom Butterfly','Duper-Pirate'),(12,' Un b叩sico de la marca Lil\'Butterfly','Attire'),(13,' Un b叩sico de la marca Big Star','Hyper-Great Outfit'),(14,'La 炭ltima tendencia de la marca Little Sun','Hyper-Duper-Cute Thing'),(15,'La 炭ltima tendencia de la marca RookieButterfly','Hyper-Attire'),(16,' Un b叩sico de la marca Big ','Outfit'),(17,'La 炭ltima tendencia de la marca Cute Fish','Duper-Outfit'),(18,'La 炭ltima tendencia de la marca Big Fish','Hyper-Great Pirate'),(19,'La 炭ltima tendencia de la marca Little Fish','Great Outfit'),(20,'La 炭ltima tendencia de la marca Lil\'Star','Hyper-Duper-Cute Attire'),(21,'La 炭ltima tendencia de la marca Gloom Star','Hyper-Cool XTreme'),(22,'La 炭ltima tendencia de la marca Pink Sun','Great Attire'),(23,' Un b叩sico de la marca Cute Fish','Great Outfit'),(24,' Un b叩sico de la marca Gloom Fish','Duper-Attire'),(25,'La 炭ltima tendencia de la marca RookieButterfly','Hyper-Duper-Cute Outfit'),(26,'La 炭ltima tendencia de la marca Gloom ','Duper-Great Pirate'),(27,' Un b叩sico de la marca Big Butterfly','Outfit'),(28,'La 炭ltima tendencia de la marca Cute Star','Duper-Great Pirate'),(29,' Un b叩sico de la marca Pink Sun','Hyper-Duper-Great Outfit'),(30,'La 炭ltima tendencia de la marca Little ','Thing'),(31,'La 炭ltima tendencia de la marca Pink Sun','Hyper-Duper-Cute Thing'),(32,' Un b叩sico de la marca Cute Star','Cute Outfit'),(33,'La 炭ltima tendencia de la marca Little Fish','Cute Outfit'),(34,'La 炭ltima tendencia de la marca Pink Star','Hyper-Duper-Rockstar'),(35,' Un b叩sico de la marca Lil\'Star','XTreme'),(36,' Un b叩sico de la marca Lil\'Star','Duper-Great XTreme'),(37,' Un b叩sico de la marca RookieButterfly','Duper-Cute Attire'),(38,'La 炭ltima tendencia de la marca Gloom ','Cute XTreme'),(39,' Un b叩sico de la marca Lil\'Butterfly','Hyper-Great Rockstar'),(40,'La 炭ltima tendencia de la marca Cute Butterfly','Great Attire'),(41,'La 炭ltima tendencia de la marca Lil\'Fish','Hyper-Great Outfit'),(42,'La 炭ltima tendencia de la marca Cute Fish','Duper-Cool Thing'),(43,' Un b叩sico de la marca Gloom Star','Outfit'),(44,'La 炭ltima tendencia de la marca Cute Fish','Duper-Cute Outfit'),(45,' Un b叩sico de la marca Cute ','Hyper-Duper-Cute XTreme'),(46,' Un b叩sico de la marca Little Star','Cool Rockstar'),(47,' Un b叩sico de la marca Gloom Star','Great XTreme'),(48,'La 炭ltima tendencia de la marca Big ','Hyper-Great XTreme'),(49,'La 炭ltima tendencia de la marca Little Butterfly','Cool Pirate'),(50,' Un b叩sico de la marca Gloom ','Great Thing'),(51,'La 炭ltima tendencia de la marca Little ','Attire'),(52,'La 炭ltima tendencia de la marca Lil\'Fish','Cute Rockstar'),(53,' Un b叩sico de la marca RookieSun','Great Pirate'),(54,'La 炭ltima tendencia de la marca Lil\'Sun','Hyper-Cool XTreme'),(55,'La 炭ltima tendencia de la marca Gloom Fish','Great Pirate'),(56,' Un b叩sico de la marca Gloom ','Duper-Great Attire'),(57,'La 炭ltima tendencia de la marca RookieStar','Cool Rockstar'),(58,' Un b叩sico de la marca Little Fish','Duper-Cool Outfit'),(59,' Un b叩sico de la marca Lil\'Fish','Cool Outfit'),(60,'La 炭ltima tendencia de la marca Gloom Fish','Hyper-Great Outfit'),(61,' Un b叩sico de la marca Gloom Butterfly','Cute Thing'),(62,'La 炭ltima tendencia de la marca RookieButterfly','Cute Thing'),(63,'La 炭ltima tendencia de la marca RookieFish','Attire'),(64,' Un b叩sico de la marca Pink Fish','Great Pirate'),(65,'La 炭ltima tendencia de la marca Little Star','Cute Outfit'),(66,'La 炭ltima tendencia de la marca Pink Star','Duper-Cute Attire'),(67,' Un b叩sico de la marca Pink ','Outfit'),(68,' Un b叩sico de la marca Big Fish','Great Pirate'),(69,'La 炭ltima tendencia de la marca Big Butterfly','Great Pirate'),(70,' Un b叩sico de la marca Lil\'Star','Attire'),(71,' Un b叩sico de la marca Cute Fish','Rockstar'),(72,' Un b叩sico de la marca Cute Star','Cool XTreme'),(73,' Un b叩sico de la marca Big Fish','Thing'),(74,' Un b叩sico de la marca Lil\'Fish','Hyper-Cute Thing'),(75,' Un b叩sico de la marca Lil\'Fish','Cool Outfit'),(76,' Un b叩sico de la marca Rookie','Hyper-Duper-Cute Pirate'),(77,'La 炭ltima tendencia de la marca Little Fish','Hyper-Cool Outfit'),(78,' Un b叩sico de la marca Lil\'Fish','Great Thing'),(79,'La 炭ltima tendencia de la marca Big Butterfly','Cool Rockstar'),(80,'La 炭ltima tendencia de la marca Cute Sun','Great Thing'),(81,'La 炭ltima tendencia de la marca Lil\'','Hyper-Great Outfit'),(82,'La 炭ltima tendencia de la marca Pink Star','Cool Pirate'),(83,' Un b叩sico de la marca Cute Fish','Hyper-Duper-Cute Pirate'),(84,'La 炭ltima tendencia de la marca Cute Star','Cool Rockstar'),(85,'La 炭ltima tendencia de la marca Lil\'Butterfly','Great Thing'),(86,'La 炭ltima tendencia de la marca Little Sun','Duper-Cool Outfit'),(87,' Un b叩sico de la marca RookieStar','Hyper-Duper-Cute XTreme'),(88,'La 炭ltima tendencia de la marca RookieFish','Cool XTreme'),(89,' Un b叩sico de la marca Lil\'Sun','Duper-Cool Attire'),(90,' Un b叩sico de la marca Cute ','Cool Outfit'),(91,'La 炭ltima tendencia de la marca RookieButterfly','Cute Pirate'),(92,'La 炭ltima tendencia de la marca RookieFish','Great Rockstar'),(93,'La 炭ltima tendencia de la marca Little Fish','Attire'),(94,' Un b叩sico de la marca Big Fish','Cute Rockstar'),(95,' Un b叩sico de la marca Lil\'Fish','Cute Outfit'),(96,' Un b叩sico de la marca Little Sun','Duper-Pirate'),(97,' Un b叩sico de la marca RookieFish','Hyper-Great Thing'),(98,'La 炭ltima tendencia de la marca Lil\'','Cool Rockstar'),(99,' Un b叩sico de la marca Pink ','Hyper-Duper-Great XTreme'),(100,'La 炭ltima tendencia de la marca Pink Sun','Hyper-Duper-Cool Attire'),(101,' Un b叩sico de la marca Cute ','Duper-Cool Attire'),(102,'La 炭ltima tendencia de la marca Pink ','Duper-Great Thing'),(103,' Un b叩sico de la marca Lil\'Sun','Duper-Cool Attire'),(104,' Un b叩sico de la marca Big Fish','Cool Rockstar'),(105,'La 炭ltima tendencia de la marca Rookie','Hyper-Attire'),(106,' Un b叩sico de la marca Cute Star','Hyper-XTreme'),(107,'La 炭ltima tendencia de la marca Pink Butterfly','Duper-Rockstar'),(108,' Un b叩sico de la marca Gloom ','Rockstar'),(109,' Un b叩sico de la marca Pink Butterfly','Hyper-Rockstar'),(110,'La 炭ltima tendencia de la marca Cute Star','Hyper-Thing'),(111,'La 炭ltima tendencia de la marca Big ','Duper-Great Rockstar'),(112,' Un b叩sico de la marca Gloom Sun','Great Outfit'),(113,'La 炭ltima tendencia de la marca Big Fish','Great XTreme'),(114,'La 炭ltima tendencia de la marca RookieSun','Hyper-Attire'),(115,'La 炭ltima tendencia de la marca Big Butterfly','Cool Outfit'),(116,' Un b叩sico de la marca Lil\'Fish','Cool Pirate'),(117,'La 炭ltima tendencia de la marca Lil\'Butterfly','Cool Attire'),(118,'La 炭ltima tendencia de la marca RookieButterfly','XTreme'),(119,'La 炭ltima tendencia de la marca Lil\'Star','Hyper-Duper-Great XTreme'),(120,'La 炭ltima tendencia de la marca RookieButterfly','Cool Pirate');
/*!40000 ALTER TABLE `ropa` ENABLE KEYS */;
UNLOCK TABLES;

--
-- Table structure for table `sombrero`
--

DROP TABLE IF EXISTS `sombrero`;
/*!40101 SET @saved_cs_client     = @@character_set_client */;
/*!40101 SET character_set_client = utf8 */;
CREATE TABLE `sombrero` (
  `ID` int(10) unsigned NOT NULL AUTO_INCREMENT,
  `id_ropa` int(10) unsigned NOT NULL,
  `peinado` tinyint(1) NOT NULL,
  PRIMARY KEY (`ID`),
  KEY `id_ropa` (`id_ropa`),
  CONSTRAINT `sombrero_ibfk_1` FOREIGN KEY (`id_ropa`) REFERENCES `ropa` (`ID`)
) ENGINE=InnoDB AUTO_INCREMENT=21 DEFAULT CHARSET=latin1 COLLATE=latin1_swedish_ci;
/*!40101 SET character_set_client = @saved_cs_client */;

--
-- Dumping data for table `sombrero`
--

LOCK TABLES `sombrero` WRITE;
/*!40000 ALTER TABLE `sombrero` DISABLE KEYS */;
INSERT INTO `sombrero` VALUES (1,61,0),(2,62,1),(3,63,1),(4,64,1),(5,65,0),(6,66,1),(7,67,1),(8,68,1),(9,69,0),(10,70,0),(11,71,1),(12,72,1),(13,73,0),(14,74,0),(15,75,0),(16,76,1),(17,77,0),(18,78,0),(19,79,0),(20,80,1);
/*!40000 ALTER TABLE `sombrero` ENABLE KEYS */;
UNLOCK TABLES;

--
-- Table structure for table `superior`
--

DROP TABLE IF EXISTS `superior`;
/*!40101 SET @saved_cs_client     = @@character_set_client */;
/*!40101 SET character_set_client = utf8 */;
CREATE TABLE `superior` (
  `ID` int(10) unsigned NOT NULL AUTO_INCREMENT,
  `id_ropa` int(10) unsigned NOT NULL,
  `tipo` enum('masculina','femenina','unisex') NOT NULL,
  PRIMARY KEY (`ID`),
  KEY `id_ropa` (`id_ropa`),
  CONSTRAINT `superior_ibfk_1` FOREIGN KEY (`id_ropa`) REFERENCES `ropa` (`ID`)
) ENGINE=InnoDB AUTO_INCREMENT=41 DEFAULT CHARSET=latin1 COLLATE=latin1_swedish_ci;
/*!40101 SET character_set_client = @saved_cs_client */;

--
-- Dumping data for table `superior`
--

LOCK TABLES `superior` WRITE;
/*!40000 ALTER TABLE `superior` DISABLE KEYS */;
INSERT INTO `superior` VALUES (1,81,'femenina'),(2,82,'masculina'),(3,83,'femenina'),(4,84,'unisex'),(5,85,'unisex'),(6,86,'masculina'),(7,87,'femenina'),(8,88,'femenina'),(9,89,'femenina'),(10,90,'unisex'),(11,91,'unisex'),(12,92,'femenina'),(13,93,'unisex'),(14,94,'masculina'),(15,95,'unisex'),(16,96,'unisex'),(17,97,'unisex'),(18,98,'femenina'),(19,99,'femenina'),(20,100,'masculina'),(21,101,'unisex'),(22,102,'unisex'),(23,103,'unisex'),(24,104,'unisex'),(25,105,'femenina'),(26,106,'unisex'),(27,107,'masculina'),(28,108,'masculina'),(29,109,'femenina'),(30,110,'unisex'),(31,111,'unisex'),(32,112,'unisex'),(33,113,'unisex'),(34,114,'unisex'),(35,115,'femenina'),(36,116,'unisex'),(37,117,'femenina'),(38,118,'femenina'),(39,119,'masculina'),(40,120,'unisex');
/*!40000 ALTER TABLE `superior` ENABLE KEYS */;
UNLOCK TABLES;
/*!40103 SET TIME_ZONE=@OLD_TIME_ZONE */;

/*!40101 SET SQL_MODE=@OLD_SQL_MODE */;
/*!40014 SET FOREIGN_KEY_CHECKS=@OLD_FOREIGN_KEY_CHECKS */;
/*!40014 SET UNIQUE_CHECKS=@OLD_UNIQUE_CHECKS */;
/*!40101 SET CHARACTER_SET_CLIENT=@OLD_CHARACTER_SET_CLIENT */;
/*!40101 SET CHARACTER_SET_RESULTS=@OLD_CHARACTER_SET_RESULTS */;
/*!40101 SET COLLATION_CONNECTION=@OLD_COLLATION_CONNECTION */;
/*!40111 SET SQL_NOTES=@OLD_SQL_NOTES */;

-- Dump completed on 2024-03-06 17:21:54
